[onchain] rpc error 67a66cba: connector: rate limit exceeded: rate: Wait(n=1) would exceed context deadline
[onchain] rpc error 576db1fa: connector: rate limit exceeded: rate: Wait(n=1) would exceed context deadline
[onchain] rpc error 5dffffc7: connector: rate limit exceeded: rate: Wait(n=1) would exceed context deadline
[onchain] rpc error 0103cbcd: connector: rate limit exceeded: rate: Wait(n=1) would exceed context deadline
connector: rate limit exceeded: rate: Wait(n=1) would exceed context deadline
connector: rate limit exceeded: rate: Wait(n=1) would exceed context deadline
connector: rate limit exceeded: rate: Wait(n=1) would exceed context deadline
connector: rate limit exceeded: rate: Wait(n=1) would exceed context deadline
[onchain] rpc error 171d5a09: connector: rate limit exceeded: rate: Wait(n=1) would exceed context deadline
[onchain] rpc error 14e52bfc: connector: rate limit exceeded: rate: Wait(n=1) would exceed context deadline
connector: rate limit exceeded: rate: Wait(n=1) would exceed context deadline
connector: rate limit exceeded: rate: Wait(n=1) would exceed context deadline
[onchain] rpc error 5301093a: connector: rate limit exceeded: rate: Wait(n=1) would exceed context deadline
connector: rate limit exceeded: rate: Wait(n=1) would exceed context deadline
[onchain] rpc error 69a25d6c: connector: rate limit exceeded: rate: Wait(n=1) would exceed context deadline
connector: rate limit exceeded: rate: Wait(n=1) would exceed context deadline
[onchain] rpc error 1478d70d: connector: rate limit exceeded: rate: Wait(n=1) would exceed context deadline
connector: rate limit exceeded: rate: Wait(n=1) would exceed context deadline
[onchain] rpc error 491ceb59: connector: rate limit exceeded: rate: Wait(n=1) would exceed context deadline
connector: rate limit exceeded: rate: Wait(n=1) would exceed context deadline
[onchain] rpc error 918015b2: connector: rate limit exceeded: rate: Wait(n=1) would exceed context deadline
connector: rate limit exceeded: rate: Wait(n=1) would exceed context deadline
[onchain] rpc error f2a59ad1: connector: rate limit exceeded: rate: Wait(n=1) would exceed context deadline
connector: rate limit exceeded: rate: Wait(n=1) would exceed context deadline
[onchain] rpc error 13c42741: connector: rate limit exceeded: rate: Wait(n=1) would exceed context deadline
connector: rate limit exceeded: rate: Wait(n=1) would exceed context deadline
[onchain] rpc error 41640803: connector: rate limit exceeded: rate: Wait(n=1) would exceed context deadline
connector: rate limit exceeded: rate: Wait(n=1) would exceed context deadline
[onchain] rpc error a9b5142f: connector: rate limit exceeded: rate: Wait(n=1) would exceed context deadline
connector: rate limit exceeded: rate: Wait(n=1) would exceed context deadline
[onchain] rpc error fd0895ba: connector: rate limit exceeded: rate: Wait(n=1) would exceed context deadline
connector: rate limit exceeded: rate: Wait(n=1) would exceed context deadline
[onchain] rpc error 78d11c03: connector: rate limit exceeded: rate: Wait(n=1) would exceed context deadline
connector: rate limit exceeded: rate: Wait(n=1) would exceed context deadline
[onchain] rpc error b3920b96: connector: rate limit exceeded: rate: Wait(n=1) would exceed context deadline
connector: rate limit exceeded: rate: Wait(n=1) would exceed context deadline
[onchain] rpc error c9658cac: connector: rate limit exceeded: rate: Wait(n=1) would exceed context deadline
connector: rate limit exceeded: rate: Wait(n=1) would exceed context deadline
[onchain] rpc error 52a2a376: connector: rate limit exceeded: rate: Wait(n=1) would exceed context deadline
[onchain] rpc error 45f3b568: connector: rate limit exceeded: rate: Wait(n=1) would exceed context deadline
connector: rate limit exceeded: rate: Wait(n=1) would exceed context deadline
connector: rate limit exceeded: rate: Wait(n=1) would exceed context deadline
[onchain] rpc error b2d1ee70: connector: rate limit exceeded: rate: Wait(n=1) would exceed context deadline
connector: rate limit exceeded: rate: Wait(n=1) would exceed context deadline
[onchain] rpc error d119d5d4: connector: rate limit exceeded: rate: Wait(n=1) would exceed context deadline
connector: rate limit exceeded: rate: Wait(n=1) would exceed context deadline
[onchain] rpc error 4b18b684: connector: rate limit exceeded: rate: Wait(n=1) would exceed context deadline
connector: rate limit exceeded: rate: Wait(n=1) would exceed context deadline
[onchain] rpc error 3b3769cf: connector: rate limit exceeded: rate: Wait(n=1) would exceed context deadline
connector: rate limit exceeded: rate: Wait(n=1) would exceed context deadline
[onchain] rpc error 124d76e1: w3: 1 call failed:
call[1]: execution reverted
w3: 1 call failed:
call[1]: execution reverted
acceptable slippage found for vbETH/vbUSDC  0.3925%
acceptable slippage found for WBTC/USDC  0.4899%
acceptable slippage found for avKAT/KAT  6.7468%
acceptable slippage found for sUSDe/USDC  7.9385%
acceptable slippage found for vbWBTC/vbUSDC  0.8188%
acceptable slippage found for weETH/vbETH  0.0777%
acceptable slippage found for XAUt0/USDT0  1.7483%
acceptable slippage found for wstETH/WETH  5.3981%
acceptable slippage found for wstETH/WETH  0.0641%
acceptable slippage found for WBTC/USDT0  0.1227%
acceptable slippage found for thBILL/USDC  0.6257%
acceptable slippage found for cbETH/WETH  0.0523%
acceptable slippage found for cbETH/WETH  0.0612%
acceptable slippage found for vbETH/vbUSDT  13.1432%
2026/06/04 12:33:42 checking route for vbETH/vbUSDC found true route of len 1 
2026/06/04 12:33:42 checking route for yvvbETH/vbUSDC found false route of len 0 
2026/06/04 12:33:42 checking route for vbWBTC/AUSD found false route of len 0 
2026/06/04 12:33:42 checking route for LBTC/vbUSDC found false route of len 0 
2026/06/04 12:33:42 checking route for yvvbWBTC/vbUSDC found false route of len 0 
2026/06/04 12:33:42 checking route for yvvbUSDT/dUSD found false route of len 0 
2026/06/04 12:33:42 checking route for weETH/vbUSDC found true route of len 2 
2026/06/04 12:33:42 checking route for avKAT/KAT found false route of len 0 
2026/06/04 12:33:42 checking route for yvAUSD/vbUSDC found false route of len 0 
2026/06/04 12:33:42 checking route for avKAT/vbUSDC found false route of len 0 
2026/06/04 12:33:42 checking route for vbWBTC/vbUSDC found true route of len 1 
2026/06/04 12:33:42 checking route for weETH/vbETH found true route of len 1 
2026/06/04 12:33:42 checking route for weETH/vbUSDT found false route of len 0 
2026/06/04 12:33:42 checking route for weETH/vbUSDT found false route of len 0 
2026/06/04 12:33:42 checking route for LBTC/vbUSDC found false route of len 0 
2026/06/04 12:33:42 checking route for yvvbUSDC/vbETH found false route of len 0 
2026/06/04 12:33:42 checking route for BTC.b/AUSD found false route of len 0 
2026/06/04 12:33:42 checking route for vbWBTC/vbUSDT found false route of len 0 
2026/06/04 12:33:42 checking route for yvvbUSDT/vbUSDC found false route of len 0 
2026/06/04 12:33:42 checking route for yvvbUSDC/vbUSDT found false route of len 0 
2026/06/04 12:33:42 checking route for vbETH/vbUSDT found false route of len 0 
2026/06/04 12:33:42 checking route for siUSD/vbUSDC found false route of len 0 
2026/06/04 12:33:42 Quoting over 
[vbETH/vbUSDC] chain 747474 
[weETH/vbUSDC] chain 747474 
[vbWBTC/vbUSDC] chain 747474 
[weETH/vbETH] chain 747474 
2026/06/04 12:33:42 [connector] subscribed to logs
acceptable slippage found for AERO/USDC  5.8539%
acceptable slippage found for wstETH/USDC  -0.0164%
acceptable slippage found for WETH/USDT0  0.9946%
acceptable slippage found for SOL/USDC  33.5557%
acceptable slippage found for WETH/USDC  -0.4135%
acceptable slippage found for SOL/USDC  25.2059%
acceptable slippage found for cbBTC/USDC  -0.7146%
acceptable slippage found for cbBTC/USDC  0.1073%
acceptable slippage found for WETH/USDC  -0.8452%
acceptable slippage found for WETH/USDC  -0.0159%
acceptable slippage found for LBTC/cbBTC  5.8962%
acceptable slippage found for LBTC/cbBTC  0.1210%
2026/06/04 12:43:22 checking route for XAUt0/USDT0 found false route of len 0 
2026/06/04 12:43:22 checking route for WBTC/USDT0 found true route of len 1 
2026/06/04 12:43:22 checking route for RLP/USDC found false route of len 0 
2026/06/04 12:43:22 checking route for thBILL/USDC found true route of len 1 
2026/06/04 12:43:22 checking route for siUSD/USDT0 found false route of len 0 
2026/06/04 12:43:22 checking route for syrupUSDC/USDC found false route of len 0 
2026/06/04 12:43:22 checking route for PT-sUSDai-18JUN2026/USDC found false route of len 0 
2026/06/04 12:43:22 checking route for PT-thBILL-18JUN2026/USDC found false route of len 0 
2026/06/04 12:43:22 checking route for K/USDC found false route of len 0 
2026/06/04 12:43:22 checking route for GVLT/USDC found false route of len 0 
2026/06/04 12:43:22 checking route for wstETH/USDC found true route of len 1 
2026/06/04 12:43:22 checking route for WETH/USDT0 found true route of len 1 
2026/06/04 12:43:22 checking route for WETH/USDC found true route of len 1 
2026/06/04 12:43:22 checking route for sUSDai/USDC found false route of len 0 
2026/06/04 12:43:22 checking route for PT-USDai-18JUN2026/USDC found false route of len 0 
2026/06/04 12:43:22 checking route for sUSDS/USDT0 found false route of len 0 
2026/06/04 12:43:22 checking route for weETH/USDT0 found false route of len 0 
2026/06/04 12:43:22 checking route for weETH/USDC found false route of len 0 
2026/06/04 12:43:22 checking route for wstETH/USDT0 found false route of len 0 
2026/06/04 12:43:22 checking route for PT-USDai-20NOV2025/USDC found false route of len 0 
2026/06/04 12:43:22 checking route for GLV [WETH-USDC]/USDC found false route of len 0 
2026/06/04 12:43:22 checking route for GM:ETH/USD[WETH-USDC]/USDC found false route of len 0 
2026/06/04 12:43:22 checking route for xUSD/USDC found false route of len 0 
2026/06/04 12:43:22 checking route for WBTC/USDC found true route of len 1 
2026/06/04 12:43:22 checking route for syrupUSDC/USDT0 found false route of len 0 
2026/06/04 12:43:22 checking route for wsrUSD/USDT0 found false route of len 0 
2026/06/04 12:43:22 checking route for sUSDS/USDC found false route of len 0 
2026/06/04 12:43:22 checking route for sUSDe/USDC found false route of len 0 
2026/06/04 12:43:22 Quoting over 
[WBTC/USDT0] chain 42161 
[WETH/USDC] chain 42161 
[thBILL/USDC] chain 42161 
[wstETH/USDC] chain 42161 
[WBTC/USDC] chain 42161 
[WETH/USDT0] chain 42161 
2026/06/04 12:43:22 [connector] subscribed to logs
acceptable slippage found for cbXRP/USDC  37.3951%
acceptable slippage found for wstETH/WETH  0.1375%
acceptable slippage found for wstETH/WETH  0.0429%
2026/06/04 12:47:37 checking route for HERMES/USDC found false route of len 0 
2026/06/04 12:47:37 checking route for HERMES/USDC found false route of len 0 
2026/06/04 12:47:37 checking route for HERMES/USDC found false route of len 0 
2026/06/04 12:47:37 checking route for SOL/USDC found false route of len 0 
2026/06/04 12:47:37 checking route for LBTC/cbBTC found true route of len 1 
2026/06/04 12:47:37 checking route for VVV/FXUSD found false route of len 0 
2026/06/04 12:47:37 checking route for cbBTC/USDC found true route of len 1 
2026/06/04 12:47:37 checking route for WETH/USDC found true route of len 1 
2026/06/04 12:47:37 checking route for HERMES/USDC found false route of len 0 
2026/06/04 12:47:37 checking route for HERMES/USDC found false route of len 0 
2026/06/04 12:47:37 checking route for HERMES/USDC found false route of len 0 
2026/06/04 12:47:37 checking route for LBTC/cbBTC found true route of len 1 
2026/06/04 12:47:37 checking route for cbETH/USDC found true route of len 2 
2026/06/04 12:47:37 checking route for LBTC/USDC found true route of len 2 
2026/06/04 12:47:37 checking route for HERMES/USDC found false route of len 0 
2026/06/04 12:47:37 checking route for HERMES/USDC found false route of len 0 
2026/06/04 12:47:37 checking route for HERMES/USDC found false route of len 0 
2026/06/04 12:47:37 checking route for FUSD/USDC found false route of len 0 
2026/06/04 12:47:37 checking route for cbADA/USDC found false route of len 0 
2026/06/04 12:47:37 checking route for superOETHb/USDC found false route of len 0 
2026/06/04 12:47:37 checking route for rETH/WETH found false route of len 0 
2026/06/04 12:47:37 checking route for bsdETH/eUSD found false route of len 0 
2026/06/04 12:47:37 checking route for cbXRP/USDC found false route of len 0 
2026/06/04 12:47:37 checking route for HERMES/USDC found false route of len 0 
2026/06/04 12:47:37 checking route for PT-USDai-18JUN2026-(ARB)/USDC found false route of len 0 
2026/06/04 12:47:37 checking route for uniBTC/USDC found false route of len 0 
2026/06/04 12:47:37 checking route for cbXRP/USDC found false route of len 0 
2026/06/04 12:47:37 checking route for wsuperOETHb/WETH found false route of len 0 
2026/06/04 12:47:37 checking route for wstETH/WETH found true route of len 1 
2026/06/04 12:47:37 checking route for HERMES/USDC found false route of len 0 
2026/06/04 12:47:37 checking route for HERMES/USDC found false route of len 0 
2026/06/04 12:47:37 checking route for steakUSDC/XSGD found false route of len 0 
2026/06/04 12:47:37 checking route for RLP/USDC found false route of len 0 
2026/06/04 12:47:37 checking route for mBASIS/USDC found false route of len 0 
2026/06/04 12:47:37 checking route for wstETH/MAI found false route of len 0 
2026/06/04 12:47:37 checking route for HERMES/USDC found false route of len 0 
2026/06/04 12:47:37 checking route for HERMES/USDC found false route of len 0 
2026/06/04 12:47:37 checking route for cbETH/USDC found true route of len 2 
2026/06/04 12:47:37 checking route for cbADA/USDC found false route of len 0 
2026/06/04 12:47:37 checking route for wstETH/USDC found true route of len 2 
2026/06/04 12:47:37 checking route for wstETH/EURC found false route of len 0 
2026/06/04 12:47:37 checking route for cbETH/USDC found true route of len 2 
2026/06/04 12:47:37 checking route for YFI/USDC found false route of len 0 
2026/06/04 12:47:37 checking route for yoUSD/USDC found false route of len 0 
2026/06/04 12:47:37 checking route for cbLTC/USDC found false route of len 0 
2026/06/04 12:47:37 checking route for HERMES/USDC found false route of len 0 
2026/06/04 12:47:37 checking route for cbBTC/eUSD found false route of len 0 
2026/06/04 12:47:37 checking route for HERMES/USDC found false route of len 0 
2026/06/04 12:47:37 checking route for HERMES/USDC found false route of len 0 
2026/06/04 12:47:37 checking route for wstETH/msETH found false route of len 0 
2026/06/04 12:47:37 checking route for yoETH/WETH found false route of len 0 
2026/06/04 12:47:37 checking route for stkWELL/USDC found false route of len 0 
2026/06/04 12:47:37 checking route for HERMES/USDC found false route of len 0 
2026/06/04 12:47:37 checking route for HERMES/USDC found false route of len 0 
2026/06/04 12:47:37 checking route for WETH/EURC found false route of len 0 
2026/06/04 12:47:37 checking route for weETH/WETH found false route of len 0 
2026/06/04 12:47:37 checking route for deSPXA/USDC found false route of len 0 
2026/06/04 12:47:37 checking route for cbETH/WETH found true route of len 1 
2026/06/04 12:47:37 checking route for HERMES/USDC found false route of len 0 
2026/06/04 12:47:37 checking route for wstETH/WETH found true route of len 1 
2026/06/04 12:47:37 checking route for USR/USDC found false route of len 0 
2026/06/04 12:47:37 checking route for weETH/WETH found false route of len 0 
2026/06/04 12:47:37 checking route for cbETH/EURC found false route of len 0 
2026/06/04 12:47:37 checking route for cbETH/VCHF found false route of len 0 
2026/06/04 12:47:37 checking route for USDC/WETH found false route of len 0 
2026/06/04 12:47:37 checking route for HERMES/USDC found false route of len 0 
2026/06/04 12:47:37 checking route for HERMES/USDC found false route of len 0 
2026/06/04 12:47:37 checking route for cbDOGE/USDC found false route of len 0 
2026/06/04 12:47:37 checking route for rETH/EURC found false route of len 0 
2026/06/04 12:47:37 checking route for HERMES/USDC found false route of len 0 
2026/06/04 12:47:37 checking route for cbETH/WETH found true route of len 1 
2026/06/04 12:47:37 checking route for PT-apxUSD-18JUN2026/USDC found false route of len 0 
2026/06/04 12:47:37 checking route for cbBTC/WETH found false route of len 0 
2026/06/04 12:47:37 checking route for HERMES/USDC found false route of len 0 
2026/06/04 12:47:37 checking route for cbBTC/EURC found false route of len 0 
2026/06/04 12:47:37 checking route for wsuperOETHb/msETH found false route of len 0 
2026/06/04 12:47:37 checking route for HERMES/USDC found false route of len 0 
2026/06/04 12:47:37 checking route for AERO/USDC found false route of len 0 
2026/06/04 12:47:37 checking route for sjEUR/USDC found false route of len 0 
2026/06/04 12:47:37 checking route for eqBLOCK-SLOBR12/USDC found false route of len 0 
2026/06/04 12:47:37 checking route for weETH/USDC found false route of len 0 
2026/06/04 12:47:37 Quoting over 
[cbETH/WETH] chain 8453 
[cbETH/USDC] chain 8453 
[cbETH/WETH] chain 8453 
[LBTC/cbBTC] chain 8453 
[wstETH/WETH] chain 8453 
[cbBTC/USDC] chain 8453 
[WETH/USDC] chain 8453 
[wstETH/WETH] chain 8453 
[cbETH/USDC] chain 8453 
[cbETH/USDC] chain 8453 
[LBTC/cbBTC] chain 8453 
2026/06/04 12:47:37 [connector] subscribed to logs
2026/06/04 14:30:58 latency:30ms LBTC/cbBTC Pos: 8 [1.0-1.1]: 3 [1.1-1.5]: 3 USD < 10pct from liq: 1462.6842 
2026/06/04 14:47:38 latency:17ms LBTC/cbBTC Pos: 8 [1.0-1.1]: 3 [1.1-1.5]: 3 USD < 10pct from liq: 1458.9197 
2026/06/04 15:02:43 latency:11ms thBILL/USDC Pos: 69 [1.0-1.1]: 39 [1.1-1.5]: 22 USD < 10pct from liq: 10764.3280 
2026/06/04 15:04:18 latency:39ms LBTC/cbBTC Pos: 8 [1.0-1.1]: 3 [1.1-1.5]: 3 USD < 10pct from liq: 1458.9197 
2026/06/04 15:09:23 latency:17ms thBILL/USDC Pos: 69 [1.0-1.1]: 39 [1.1-1.5]: 22 USD < 10pct from liq: 10764.3280 
2026/06/04 15:20:58 latency:15ms LBTC/cbBTC Pos: 8 [1.0-1.1]: 3 [1.1-1.5]: 3 USD < 10pct from liq: 1458.5732 
2026/06/04 15:37:38 latency:16ms LBTC/cbBTC Pos: 8 [1.0-1.1]: 3 [1.1-1.5]: 3 USD < 10pct from liq: 1458.5732 
2026/06/04 16:26:46 [connector] subscription error: websocket: close 1006 (abnormal closure): unexpected EOF — reconnecting
2026/06/04 16:26:46 [connector] reconnecting WS to wss://arb-mainnet.g.alchemy.com/v2/Mlxp8XP1CTinPlLxCV96f
2026/06/04 16:26:46 [connector] WS reconnected
2026/06/04 16:26:46 [connector] subscribed to logs
2026/06/04 16:29:06 [connector] subscription error: websocket: close 1006 (abnormal closure): unexpected EOF — reconnecting
2026/06/04 16:29:06 [connector] reconnecting WS to wss://katana-mainnet.g.alchemy.com/v2/Mlxp8XP1CTinPlLxCV96f
2026/06/04 16:29:06 [connector] WS reconnected
2026/06/04 16:29:06 [connector] subscribed to logs
2026/06/04 16:29:07 [connector] subscription error: websocket: close 1006 (abnormal closure): unexpected EOF — reconnecting
2026/06/04 16:29:07 [connector] reconnecting WS to wss://base-mainnet.g.alchemy.com/v2/Mlxp8XP1CTinPlLxCV96f
2026/06/04 16:29:07 [connector] WS reconnected
2026/06/04 16:29:07 [connector] subscribed to logs
2026/06/04 16:31:21 [connector] subscription error: websocket: close 1006 (abnormal closure): unexpected EOF — reconnecting
2026/06/04 16:31:21 [connector] reconnecting WS to wss://katana-mainnet.g.alchemy.com/v2/Mlxp8XP1CTinPlLxCV96f
2026/06/04 16:31:21 [connector] WS reconnected
2026/06/04 16:31:21 [connector] subscribed to logs
2026/06/04 16:37:57 [connector] subscription error: websocket: close 1006 (abnormal closure): unexpected EOF — reconnecting
2026/06/04 16:37:57 [connector] reconnecting WS to wss://base-mainnet.g.alchemy.com/v2/Mlxp8XP1CTinPlLxCV96f
2026/06/04 16:37:57 [connector] subscription error: websocket: close 1006 (abnormal closure): unexpected EOF — reconnecting
2026/06/04 16:37:57 [connector] reconnecting WS to wss://katana-mainnet.g.alchemy.com/v2/Mlxp8XP1CTinPlLxCV96f
2026/06/04 16:37:57 [connector] WS reconnected
2026/06/04 16:37:57 [connector] subscribed to logs
2026/06/04 16:37:57 [connector] WS reconnected
2026/06/04 16:37:57 [connector] subscribed to logs
2026/06/04 16:38:21 [connector] subscription error: websocket: close 1006 (abnormal closure): unexpected EOF — reconnecting
2026/06/04 16:38:21 [connector] reconnecting WS to wss://arb-mainnet.g.alchemy.com/v2/Mlxp8XP1CTinPlLxCV96f
2026/06/04 16:38:21 [connector] WS reconnected
2026/06/04 16:38:21 [connector] subscribed to logs
2026/06/04 17:07:48 latency:37ms LBTC/cbBTC Pos: 8 [1.0-1.1]: 3 [1.1-1.5]: 3 USD < 10pct from liq: 1446.8274 
2026/06/04 17:32:38 latency:15ms LBTC/cbBTC Pos: 8 [1.0-1.1]: 3 [1.1-1.5]: 3 USD < 10pct from liq: 1446.7789 
2026/06/04 17:49:18 latency:27ms LBTC/cbBTC Pos: 8 [1.0-1.1]: 3 [1.1-1.5]: 3 USD < 10pct from liq: 1438.2239 
2026/06/04 18:05:58 latency:13ms LBTC/cbBTC Pos: 8 [1.0-1.1]: 3 [1.1-1.5]: 3 USD < 10pct from liq: 1438.2239 
2026/06/04 18:22:38 latency:14ms LBTC/cbBTC Pos: 8 [1.0-1.1]: 3 [1.1-1.5]: 3 USD < 10pct from liq: 1443.6131 
2026/06/04 18:39:18 latency:12ms LBTC/cbBTC Pos: 8 [1.0-1.1]: 3 [1.1-1.5]: 3 USD < 10pct from liq: 1443.6131 
2026/06/04 18:55:58 latency:25ms LBTC/cbBTC Pos: 8 [1.0-1.1]: 3 [1.1-1.5]: 3 USD < 10pct from liq: 1455.3878 
2026/06/04 19:12:38 latency:14ms LBTC/cbBTC Pos: 8 [1.0-1.1]: 3 [1.1-1.5]: 3 USD < 10pct from liq: 1455.3878 
2026/06/04 19:14:51 latency:12ms thBILL/USDC Pos: 69 [1.0-1.1]: 39 [1.1-1.5]: 22 USD < 10pct from liq: 10766.2205 
2026/06/04 19:21:31 latency:19ms thBILL/USDC Pos: 69 [1.0-1.1]: 39 [1.1-1.5]: 22 USD < 10pct from liq: 10766.2205 
2026/06/04 19:28:11 latency:16ms thBILL/USDC Pos: 69 [1.0-1.1]: 39 [1.1-1.5]: 22 USD < 10pct from liq: 10766.2205 
2026/06/04 19:29:18 latency:28ms LBTC/cbBTC Pos: 8 [1.0-1.1]: 3 [1.1-1.5]: 3 USD < 10pct from liq: 1451.5203 
2026/06/04 19:34:51 latency:11ms thBILL/USDC Pos: 69 [1.0-1.1]: 39 [1.1-1.5]: 22 USD < 10pct from liq: 10766.2205 
2026/06/04 19:41:31 latency:14ms thBILL/USDC Pos: 69 [1.0-1.1]: 39 [1.1-1.5]: 22 USD < 10pct from liq: 10766.2205 
2026/06/04 19:45:58 latency:25ms LBTC/cbBTC Pos: 8 [1.0-1.1]: 3 [1.1-1.5]: 3 USD < 10pct from liq: 1451.5203 
2026/06/04 20:01:27 latency:15ms thBILL/USDC Pos: 69 [1.0-1.1]: 39 [1.1-1.5]: 22 USD < 10pct from liq: 10766.0794 
2026/06/04 20:08:07 latency:20ms thBILL/USDC Pos: 69 [1.0-1.1]: 39 [1.1-1.5]: 22 USD < 10pct from liq: 10766.0794 
2026/06/04 20:14:47 latency:15ms thBILL/USDC Pos: 69 [1.0-1.1]: 39 [1.1-1.5]: 22 USD < 10pct from liq: 10764.8933 
2026/06/04 20:21:27 latency:12ms thBILL/USDC Pos: 69 [1.0-1.1]: 39 [1.1-1.5]: 22 USD < 10pct from liq: 10764.8933 
2026/06/04 20:28:07 latency:12ms thBILL/USDC Pos: 69 [1.0-1.1]: 39 [1.1-1.5]: 22 USD < 10pct from liq: 10764.8933 
2026/06/04 20:34:47 latency:14ms thBILL/USDC Pos: 69 [1.0-1.1]: 39 [1.1-1.5]: 22 USD < 10pct from liq: 10764.8933 
2026/06/04 20:41:27 latency:17ms thBILL/USDC Pos: 69 [1.0-1.1]: 39 [1.1-1.5]: 22 USD < 10pct from liq: 10764.8933 
2026/06/04 20:48:07 latency:13ms thBILL/USDC Pos: 69 [1.0-1.1]: 39 [1.1-1.5]: 22 USD < 10pct from liq: 10763.6685 
2026/06/04 20:54:47 latency:12ms thBILL/USDC Pos: 69 [1.0-1.1]: 39 [1.1-1.5]: 22 USD < 10pct from liq: 10763.6685 
2026/06/04 21:01:27 latency:15ms thBILL/USDC Pos: 69 [1.0-1.1]: 39 [1.1-1.5]: 22 USD < 10pct from liq: 10763.6685 
2026/06/04 21:08:07 latency:12ms thBILL/USDC Pos: 69 [1.0-1.1]: 39 [1.1-1.5]: 22 USD < 10pct from liq: 10763.6685 
2026/06/04 21:14:47 latency:19ms thBILL/USDC Pos: 69 [1.0-1.1]: 39 [1.1-1.5]: 22 USD < 10pct from liq: 10765.4662 
2026/06/04 21:16:08 latency:15ms LBTC/cbBTC Pos: 8 [1.0-1.1]: 3 [1.1-1.5]: 3 USD < 10pct from liq: 1445.9488 
2026/06/04 21:21:27 latency:264ms thBILL/USDC Pos: 69 [1.0-1.1]: 39 [1.1-1.5]: 22 USD < 10pct from liq: 10765.4662 
2026/06/04 21:28:07 latency:12ms thBILL/USDC Pos: 69 [1.0-1.1]: 39 [1.1-1.5]: 22 USD < 10pct from liq: 10765.4662 
2026/06/04 21:34:47 latency:12ms thBILL/USDC Pos: 69 [1.0-1.1]: 39 [1.1-1.5]: 22 USD < 10pct from liq: 10765.4662 
2026/06/04 21:40:58 latency:25ms LBTC/cbBTC Pos: 8 [1.0-1.1]: 3 [1.1-1.5]: 3 USD < 10pct from liq: 1453.2199 
2026/06/04 21:41:27 latency:16ms thBILL/USDC Pos: 69 [1.0-1.1]: 39 [1.1-1.5]: 22 USD < 10pct from liq: 10765.4662 
2026/06/04 21:48:07 latency:11ms thBILL/USDC Pos: 69 [1.0-1.1]: 39 [1.1-1.5]: 22 USD < 10pct from liq: 10765.6641 
2026/06/04 21:54:47 latency:13ms thBILL/USDC Pos: 69 [1.0-1.1]: 39 [1.1-1.5]: 22 USD < 10pct from liq: 10765.6641 
2026/06/04 21:57:38 latency:14ms LBTC/cbBTC Pos: 8 [1.0-1.1]: 3 [1.1-1.5]: 3 USD < 10pct from liq: 1445.0720 
2026/06/04 22:01:27 latency:28ms thBILL/USDC Pos: 69 [1.0-1.1]: 39 [1.1-1.5]: 22 USD < 10pct from liq: 10765.6641 
2026/06/04 22:08:07 latency:12ms thBILL/USDC Pos: 69 [1.0-1.1]: 39 [1.1-1.5]: 22 USD < 10pct from liq: 10765.6641 
2026/06/04 22:14:18 latency:12ms LBTC/cbBTC Pos: 8 [1.0-1.1]: 3 [1.1-1.5]: 3 USD < 10pct from liq: 1445.0720 
2026/06/04 22:14:47 latency:13ms thBILL/USDC Pos: 69 [1.0-1.1]: 39 [1.1-1.5]: 22 USD < 10pct from liq: 10766.3525 
2026/06/04 22:21:27 latency:12ms thBILL/USDC Pos: 69 [1.0-1.1]: 39 [1.1-1.5]: 22 USD < 10pct from liq: 10766.3525 
2026/06/04 22:28:07 latency:15ms thBILL/USDC Pos: 69 [1.0-1.1]: 39 [1.1-1.5]: 22 USD < 10pct from liq: 10766.3525 
2026/06/04 22:30:58 latency:18ms LBTC/cbBTC Pos: 8 [1.0-1.1]: 3 [1.1-1.5]: 3 USD < 10pct from liq: 1443.4234 
2026/06/04 22:34:47 latency:14ms thBILL/USDC Pos: 69 [1.0-1.1]: 39 [1.1-1.5]: 22 USD < 10pct from liq: 10766.3525 
2026/06/04 22:41:27 latency:11ms thBILL/USDC Pos: 69 [1.0-1.1]: 39 [1.1-1.5]: 22 USD < 10pct from liq: 10766.3525 
2026/06/04 22:47:38 latency:13ms LBTC/cbBTC Pos: 8 [1.0-1.1]: 3 [1.1-1.5]: 3 USD < 10pct from liq: 1443.4122 
2026/06/04 22:48:07 latency:13ms thBILL/USDC Pos: 69 [1.0-1.1]: 39 [1.1-1.5]: 22 USD < 10pct from liq: 10765.8975 
2026/06/04 22:54:47 latency:15ms thBILL/USDC Pos: 69 [1.0-1.1]: 39 [1.1-1.5]: 22 USD < 10pct from liq: 10765.8975 
2026/06/04 23:01:27 latency:11ms thBILL/USDC Pos: 69 [1.0-1.1]: 39 [1.1-1.5]: 22 USD < 10pct from liq: 10765.8975 
2026/06/04 23:04:18 latency:14ms LBTC/cbBTC Pos: 8 [1.0-1.1]: 3 [1.1-1.5]: 3 USD < 10pct from liq: 1443.4122 
2026/06/04 23:08:07 latency:14ms thBILL/USDC Pos: 69 [1.0-1.1]: 39 [1.1-1.5]: 22 USD < 10pct from liq: 10765.8975 
2026/06/04 23:14:47 latency:13ms thBILL/USDC Pos: 69 [1.0-1.1]: 39 [1.1-1.5]: 22 USD < 10pct from liq: 10765.6422 
2026/06/04 23:20:58 latency:21ms LBTC/cbBTC Pos: 8 [1.0-1.1]: 3 [1.1-1.5]: 3 USD < 10pct from liq: 1454.2470 
2026/06/04 23:21:27 latency:13ms thBILL/USDC Pos: 69 [1.0-1.1]: 39 [1.1-1.5]: 22 USD < 10pct from liq: 10765.6422 
2026/06/04 23:28:07 latency:12ms thBILL/USDC Pos: 69 [1.0-1.1]: 39 [1.1-1.5]: 22 USD < 10pct from liq: 10765.6422 
2026/06/04 23:34:47 latency:13ms thBILL/USDC Pos: 69 [1.0-1.1]: 39 [1.1-1.5]: 22 USD < 10pct from liq: 10765.6422 
2026/06/04 23:37:38 latency:20ms LBTC/cbBTC Pos: 8 [1.0-1.1]: 3 [1.1-1.5]: 3 USD < 10pct from liq: 1454.2470 
2026/06/04 23:40:18 latency:31ms WETH/USDC Pos: 3635 [1.0-1.1]: 250 [1.1-1.5]: 1998 USD < 10pct from liq: 565191.7178 
2026/06/04 23:41:27 latency:12ms thBILL/USDC Pos: 69 [1.0-1.1]: 39 [1.1-1.5]: 22 USD < 10pct from liq: 10765.6422 
2026/06/04 23:48:07 latency:19ms thBILL/USDC Pos: 69 [1.0-1.1]: 39 [1.1-1.5]: 22 USD < 10pct from liq: 10766.4950 
2026/06/04 23:54:47 latency:23ms thBILL/USDC Pos: 69 [1.0-1.1]: 39 [1.1-1.5]: 22 USD < 10pct from liq: 10766.4950 
2026/06/05 00:01:27 latency:19ms thBILL/USDC Pos: 69 [1.0-1.1]: 39 [1.1-1.5]: 22 USD < 10pct from liq: 10766.4950 
2026/06/05 00:08:07 latency:272ms thBILL/USDC Pos: 69 [1.0-1.1]: 39 [1.1-1.5]: 22 USD < 10pct from liq: 10766.4950 
2026/06/05 00:14:47 latency:18ms thBILL/USDC Pos: 69 [1.0-1.1]: 39 [1.1-1.5]: 22 USD < 10pct from liq: 10766.4240 
2026/06/05 00:21:27 latency:14ms thBILL/USDC Pos: 69 [1.0-1.1]: 39 [1.1-1.5]: 22 USD < 10pct from liq: 10766.4240 
2026/06/05 00:28:07 latency:11ms thBILL/USDC Pos: 69 [1.0-1.1]: 39 [1.1-1.5]: 22 USD < 10pct from liq: 10766.4240 
2026/06/05 00:34:47 latency:11ms thBILL/USDC Pos: 69 [1.0-1.1]: 39 [1.1-1.5]: 22 USD < 10pct from liq: 10766.4240 
2026/06/05 00:41:27 latency:11ms thBILL/USDC Pos: 69 [1.0-1.1]: 39 [1.1-1.5]: 22 USD < 10pct from liq: 10766.4240 
2026/06/05 00:48:07 latency:11ms thBILL/USDC Pos: 69 [1.0-1.1]: 39 [1.1-1.5]: 22 USD < 10pct from liq: 10766.4467 
2026/06/05 00:54:47 latency:12ms thBILL/USDC Pos: 69 [1.0-1.1]: 39 [1.1-1.5]: 22 USD < 10pct from liq: 10766.4467 
2026/06/05 01:01:27 latency:13ms thBILL/USDC Pos: 69 [1.0-1.1]: 39 [1.1-1.5]: 22 USD < 10pct from liq: 10766.4467 
2026/06/05 01:07:48 latency:14ms LBTC/cbBTC Pos: 8 [1.0-1.1]: 3 [1.1-1.5]: 3 USD < 10pct from liq: 1455.0824 
2026/06/05 01:08:07 latency:16ms thBILL/USDC Pos: 69 [1.0-1.1]: 39 [1.1-1.5]: 22 USD < 10pct from liq: 10766.4467 
2026/06/05 01:14:47 latency:13ms thBILL/USDC Pos: 69 [1.0-1.1]: 39 [1.1-1.5]: 22 USD < 10pct from liq: 10766.0958 
2026/06/05 01:15:39 latency:63ms cbBTC/USDC Pos: 13031 [1.0-1.1]: 912 [1.1-1.5]: 6958 USD < 10pct from liq: 1530093.8993 
2026/06/05 01:21:27 latency:15ms thBILL/USDC Pos: 69 [1.0-1.1]: 39 [1.1-1.5]: 22 USD < 10pct from liq: 10766.0958 
2026/06/05 01:28:07 latency:12ms thBILL/USDC Pos: 69 [1.0-1.1]: 39 [1.1-1.5]: 22 USD < 10pct from liq: 10766.0958 
2026/06/05 01:32:38 latency:34ms LBTC/cbBTC Pos: 8 [1.0-1.1]: 3 [1.1-1.5]: 3 USD < 10pct from liq: 1438.9656 
2026/06/05 01:34:47 latency:15ms thBILL/USDC Pos: 69 [1.0-1.1]: 39 [1.1-1.5]: 22 USD < 10pct from liq: 10766.0958 
2026/06/05 01:41:27 latency:15ms thBILL/USDC Pos: 69 [1.0-1.1]: 39 [1.1-1.5]: 22 USD < 10pct from liq: 10766.0958 
2026/06/05 01:48:07 latency:14ms thBILL/USDC Pos: 69 [1.0-1.1]: 39 [1.1-1.5]: 22 USD < 10pct from liq: 10765.1351 
2026/06/05 01:54:47 latency:12ms thBILL/USDC Pos: 69 [1.0-1.1]: 39 [1.1-1.5]: 22 USD < 10pct from liq: 10765.1351 
2026/06/05 02:01:27 latency:15ms thBILL/USDC Pos: 69 [1.0-1.1]: 39 [1.1-1.5]: 22 USD < 10pct from liq: 10765.1351 
2026/06/05 02:08:07 latency:17ms thBILL/USDC Pos: 69 [1.0-1.1]: 39 [1.1-1.5]: 22 USD < 10pct from liq: 10765.1351 
2026/06/05 02:14:47 latency:13ms thBILL/USDC Pos: 69 [1.0-1.1]: 39 [1.1-1.5]: 22 USD < 10pct from liq: 10765.8544 
2026/06/05 02:21:27 latency:13ms thBILL/USDC Pos: 69 [1.0-1.1]: 39 [1.1-1.5]: 22 USD < 10pct from liq: 10765.8544 
2026/06/05 02:28:07 latency:12ms thBILL/USDC Pos: 69 [1.0-1.1]: 39 [1.1-1.5]: 22 USD < 10pct from liq: 10765.8544 
2026/06/05 02:34:09 latency:76ms cbBTC/USDC Pos: 13039 [1.0-1.1]: 1061 [1.1-1.5]: 6953 USD < 10pct from liq: 1839537.1987 
2026/06/05 02:34:47 latency:13ms thBILL/USDC Pos: 69 [1.0-1.1]: 39 [1.1-1.5]: 22 USD < 10pct from liq: 10765.8544 
2026/06/05 02:41:27 latency:12ms thBILL/USDC Pos: 69 [1.0-1.1]: 39 [1.1-1.5]: 22 USD < 10pct from liq: 10765.8544 
2026/06/05 02:41:43 latency:13ms WETH/USDT0 Pos: 31 [1.0-1.1]: 4 [1.1-1.5]: 8 USD < 10pct from liq: 19768.0201 
2026/06/05 02:47:02 latency:256ms cbBTC/USDC Pos: 13039 [1.0-1.1]: 1061 [1.1-1.5]: 6953 USD < 10pct from liq: 1839537.1987 
2026/06/05 02:48:07 latency:13ms thBILL/USDC Pos: 69 [1.0-1.1]: 39 [1.1-1.5]: 22 USD < 10pct from liq: 10766.5181 
2026/06/05 02:53:49 latency:41ms WETH/USDC Pos: 3638 [1.0-1.1]: 327 [1.1-1.5]: 2020 USD < 10pct from liq: 793539.6217 
2026/06/05 02:54:47 latency:13ms thBILL/USDC Pos: 69 [1.0-1.1]: 39 [1.1-1.5]: 22 USD < 10pct from liq: 10766.5181 
2026/06/05 02:57:09 latency:25ms WETH/USDC Pos: 3638 [1.0-1.1]: 335 [1.1-1.5]: 2020 USD < 10pct from liq: 815774.9621 
2026/06/05 02:59:47 latency:31ms WETH/USDC Pos: 3638 [1.0-1.1]: 341 [1.1-1.5]: 2023 USD < 10pct from liq: 821008.8672 
2026/06/05 03:01:27 latency:22ms WETH/USDC Pos: 3638 [1.0-1.1]: 341 [1.1-1.5]: 2023 USD < 10pct from liq: 821008.8672 
2026/06/05 03:01:27 latency:334ms thBILL/USDC Pos: 69 [1.0-1.1]: 39 [1.1-1.5]: 22 USD < 10pct from liq: 10766.5181 
2026/06/05 03:01:34 liquidation check borrower 0x05e8e6660dCABfb22525f250EBE006e7AA45B1a6 usd:6.9243 for market WETH/USDC 0x8793cf302b8ffd655ab97bd1c695dbd967807e8367a65cb2f4edaf1380ba1bda hf:0.9968 collateralAsset:0.0047 oraclePrice:1723366403710159810415385677
2026/06/05 03:01:34 liquidation check borrower 0x90cb11327e5C21F8c45E77184c4fa53FF71609f8 usd:6.9814 for market WETH/USDC 0x8793cf302b8ffd655ab97bd1c695dbd967807e8367a65cb2f4edaf1380ba1bda hf:0.9995 collateralAsset:0.0047 oraclePrice:1723366403710159810415385677
2026/06/05 03:01:34 [liq] simulation failed for 0x05e8e6660dCABfb22525f250EBE006e7AA45B1a6: eth_call failed: dryRun: w3: 2 calls failed:
call[0]: execution reverted: inconsistent input
call[1]: execution reverted: inconsistent input
2026/06/05 03:01:34 [liq] simulation failed for 0x90cb11327e5C21F8c45E77184c4fa53FF71609f8: eth_call failed: dryRun: w3: 2 calls failed:
call[0]: execution reverted: inconsistent input
call[1]: execution reverted: inconsistent input
2026/06/05 03:01:35 liquidation check borrower 0x05e8e6660dCABfb22525f250EBE006e7AA45B1a6 usd:6.9243 for market WETH/USDC 0x8793cf302b8ffd655ab97bd1c695dbd967807e8367a65cb2f4edaf1380ba1bda hf:0.9968 collateralAsset:0.0047 oraclePrice:1723366403710159810415385677
2026/06/05 03:01:35 liquidation check borrower 0x90cb11327e5C21F8c45E77184c4fa53FF71609f8 usd:6.9814 for market WETH/USDC 0x8793cf302b8ffd655ab97bd1c695dbd967807e8367a65cb2f4edaf1380ba1bda hf:0.9995 collateralAsset:0.0047 oraclePrice:1723366403710159810415385677
2026/06/05 03:01:35 [liq] simulation failed for 0x05e8e6660dCABfb22525f250EBE006e7AA45B1a6: eth_call failed: dryRun: w3: 2 calls failed:
call[0]: execution reverted: inconsistent input
call[1]: execution reverted: inconsistent input
2026/06/05 03:01:35 [liq] simulation failed for 0x90cb11327e5C21F8c45E77184c4fa53FF71609f8: eth_call failed: dryRun: w3: 2 calls failed:
call[0]: execution reverted: inconsistent input
call[1]: execution reverted: inconsistent input
2026/06/05 03:01:36 liquidation check borrower 0x05e8e6660dCABfb22525f250EBE006e7AA45B1a6 usd:6.9243 for market WETH/USDC 0x8793cf302b8ffd655ab97bd1c695dbd967807e8367a65cb2f4edaf1380ba1bda hf:0.9968 collateralAsset:0.0047 oraclePrice:1723366403710159810415385677
2026/06/05 03:01:36 liquidation check borrower 0x90cb11327e5C21F8c45E77184c4fa53FF71609f8 usd:6.9814 for market WETH/USDC 0x8793cf302b8ffd655ab97bd1c695dbd967807e8367a65cb2f4edaf1380ba1bda hf:0.9995 collateralAsset:0.0047 oraclePrice:1723366403710159810415385677
2026/06/05 03:01:36 [liq] simulation failed for 0x05e8e6660dCABfb22525f250EBE006e7AA45B1a6: eth_call failed: dryRun: w3: 2 calls failed:
call[0]: execution reverted: inconsistent input
call[1]: execution reverted: inconsistent input
2026/06/05 03:01:36 [liq] simulation failed for 0x90cb11327e5C21F8c45E77184c4fa53FF71609f8: eth_call failed: dryRun: w3: 2 calls failed:
call[0]: execution reverted: inconsistent input
call[1]: execution reverted: inconsistent input
2026/06/05 03:01:37 liquidation check borrower 0x05e8e6660dCABfb22525f250EBE006e7AA45B1a6 usd:6.9243 for market WETH/USDC 0x8793cf302b8ffd655ab97bd1c695dbd967807e8367a65cb2f4edaf1380ba1bda hf:0.9968 collateralAsset:0.0047 oraclePrice:1723366403710159810415385677
2026/06/05 03:01:37 liquidation check borrower 0x90cb11327e5C21F8c45E77184c4fa53FF71609f8 usd:6.9814 for market WETH/USDC 0x8793cf302b8ffd655ab97bd1c695dbd967807e8367a65cb2f4edaf1380ba1bda hf:0.9995 collateralAsset:0.0047 oraclePrice:1723366403710159810415385677
2026/06/05 03:01:37 [liq] simulation failed for 0x05e8e6660dCABfb22525f250EBE006e7AA45B1a6: eth_call failed: dryRun: w3: 2 calls failed:
call[0]: execution reverted: inconsistent input
call[1]: execution reverted: inconsistent input
2026/06/05 03:01:37 [liq] simulation failed for 0x90cb11327e5C21F8c45E77184c4fa53FF71609f8: eth_call failed: dryRun: w3: 2 calls failed:
call[0]: execution reverted: inconsistent input
call[1]: execution reverted: inconsistent input
2026/06/05 03:01:38 liquidation check borrower 0x05e8e6660dCABfb22525f250EBE006e7AA45B1a6 usd:6.9243 for market WETH/USDC 0x8793cf302b8ffd655ab97bd1c695dbd967807e8367a65cb2f4edaf1380ba1bda hf:0.9968 collateralAsset:0.0047 oraclePrice:1723366403710159810415385677
2026/06/05 03:01:38 liquidation check borrower 0x90cb11327e5C21F8c45E77184c4fa53FF71609f8 usd:6.9814 for market WETH/USDC 0x8793cf302b8ffd655ab97bd1c695dbd967807e8367a65cb2f4edaf1380ba1bda hf:0.9995 collateralAsset:0.0047 oraclePrice:1723366403710159810415385677
2026/06/05 03:01:38 [liq] simulation failed for 0x05e8e6660dCABfb22525f250EBE006e7AA45B1a6: eth_call failed: dryRun: w3: 2 calls failed:
call[0]: execution reverted: inconsistent input
call[1]: execution reverted: inconsistent input
2026/06/05 03:01:38 [liq] simulation failed for 0x90cb11327e5C21F8c45E77184c4fa53FF71609f8: eth_call failed: dryRun: w3: 2 calls failed:
call[0]: execution reverted: inconsistent input
call[1]: execution reverted: inconsistent input
2026/06/05 03:01:39 liquidation check borrower 0x05e8e6660dCABfb22525f250EBE006e7AA45B1a6 usd:6.9243 for market WETH/USDC 0x8793cf302b8ffd655ab97bd1c695dbd967807e8367a65cb2f4edaf1380ba1bda hf:0.9968 collateralAsset:0.0047 oraclePrice:1723366403710159810415385677
2026/06/05 03:01:39 liquidation check borrower 0x90cb11327e5C21F8c45E77184c4fa53FF71609f8 usd:6.9814 for market WETH/USDC 0x8793cf302b8ffd655ab97bd1c695dbd967807e8367a65cb2f4edaf1380ba1bda hf:0.9995 collateralAsset:0.0047 oraclePrice:1723366403710159810415385677
2026/06/05 03:01:39 [liq] simulation failed for 0x05e8e6660dCABfb22525f250EBE006e7AA45B1a6: eth_call failed: dryRun: w3: 2 calls failed:
call[0]: execution reverted: inconsistent input
call[1]: execution reverted: inconsistent input
2026/06/05 03:01:39 [liq] simulation failed for 0x90cb11327e5C21F8c45E77184c4fa53FF71609f8: eth_call failed: dryRun: w3: 2 calls failed:
call[0]: execution reverted: inconsistent input
call[1]: execution reverted: inconsistent input
2026/06/05 03:01:40 liquidation check borrower 0x05e8e6660dCABfb22525f250EBE006e7AA45B1a6 usd:6.9243 for market WETH/USDC 0x8793cf302b8ffd655ab97bd1c695dbd967807e8367a65cb2f4edaf1380ba1bda hf:0.9968 collateralAsset:0.0047 oraclePrice:1723366403710159810415385677
2026/06/05 03:01:40 liquidation check borrower 0x90cb11327e5C21F8c45E77184c4fa53FF71609f8 usd:6.9814 for market WETH/USDC 0x8793cf302b8ffd655ab97bd1c695dbd967807e8367a65cb2f4edaf1380ba1bda hf:0.9995 collateralAsset:0.0047 oraclePrice:1723366403710159810415385677
2026/06/05 03:01:40 [liq] simulation failed for 0x05e8e6660dCABfb22525f250EBE006e7AA45B1a6: eth_call failed: dryRun: w3: 2 calls failed:
call[0]: execution reverted: inconsistent input
call[1]: execution reverted: inconsistent input
2026/06/05 03:01:40 [liq] simulation failed for 0x90cb11327e5C21F8c45E77184c4fa53FF71609f8: eth_call failed: dryRun: w3: 2 calls failed:
call[0]: execution reverted: inconsistent input
call[1]: execution reverted: inconsistent input
2026/06/05 03:01:41 liquidation check borrower 0x05e8e6660dCABfb22525f250EBE006e7AA45B1a6 usd:6.9243 for market WETH/USDC 0x8793cf302b8ffd655ab97bd1c695dbd967807e8367a65cb2f4edaf1380ba1bda hf:0.9968 collateralAsset:0.0047 oraclePrice:1723366403710159810415385677
2026/06/05 03:01:41 liquidation check borrower 0x90cb11327e5C21F8c45E77184c4fa53FF71609f8 usd:6.9814 for market WETH/USDC 0x8793cf302b8ffd655ab97bd1c695dbd967807e8367a65cb2f4edaf1380ba1bda hf:0.9995 collateralAsset:0.0047 oraclePrice:1723366403710159810415385677
2026/06/05 03:01:41 [liq] simulation failed for 0x05e8e6660dCABfb22525f250EBE006e7AA45B1a6: eth_call failed: dryRun: w3: 2 calls failed:
call[0]: execution reverted: inconsistent input
call[1]: execution reverted: inconsistent input
2026/06/05 03:01:41 [liq] simulation failed for 0x90cb11327e5C21F8c45E77184c4fa53FF71609f8: eth_call failed: dryRun: w3: 2 calls failed:
call[0]: execution reverted: inconsistent input
call[1]: execution reverted: inconsistent input
2026/06/05 03:01:42 liquidation check borrower 0x05e8e6660dCABfb22525f250EBE006e7AA45B1a6 usd:6.9243 for market WETH/USDC 0x8793cf302b8ffd655ab97bd1c695dbd967807e8367a65cb2f4edaf1380ba1bda hf:0.9968 collateralAsset:0.0047 oraclePrice:1723366403710159810415385677
2026/06/05 03:01:42 liquidation check borrower 0x90cb11327e5C21F8c45E77184c4fa53FF71609f8 usd:6.9814 for market WETH/USDC 0x8793cf302b8ffd655ab97bd1c695dbd967807e8367a65cb2f4edaf1380ba1bda hf:0.9995 collateralAsset:0.0047 oraclePrice:1723366403710159810415385677
2026/06/05 03:01:42 [liq] simulation failed for 0x05e8e6660dCABfb22525f250EBE006e7AA45B1a6: eth_call failed: dryRun: w3: 2 calls failed:
call[0]: execution reverted: inconsistent input
call[1]: execution reverted: inconsistent input
2026/06/05 03:01:42 [liq] simulation failed for 0x90cb11327e5C21F8c45E77184c4fa53FF71609f8: eth_call failed: dryRun: w3: 2 calls failed:
call[0]: execution reverted: inconsistent input
call[1]: execution reverted: inconsistent input
2026/06/05 03:01:43 liquidation check borrower 0x05e8e6660dCABfb22525f250EBE006e7AA45B1a6 usd:6.9243 for market WETH/USDC 0x8793cf302b8ffd655ab97bd1c695dbd967807e8367a65cb2f4edaf1380ba1bda hf:0.9968 collateralAsset:0.0047 oraclePrice:1723366403710159810415385677
2026/06/05 03:01:43 liquidation check borrower 0x90cb11327e5C21F8c45E77184c4fa53FF71609f8 usd:6.9814 for market WETH/USDC 0x8793cf302b8ffd655ab97bd1c695dbd967807e8367a65cb2f4edaf1380ba1bda hf:0.9995 collateralAsset:0.0047 oraclePrice:1723366403710159810415385677
2026/06/05 03:01:43 [liq] simulation failed for 0x05e8e6660dCABfb22525f250EBE006e7AA45B1a6: eth_call failed: dryRun: w3: 2 calls failed:
call[0]: execution reverted: inconsistent input
call[1]: execution reverted: inconsistent input
2026/06/05 03:01:43 [liq] simulation failed for 0x90cb11327e5C21F8c45E77184c4fa53FF71609f8: eth_call failed: dryRun: w3: 2 calls failed:
call[0]: execution reverted: inconsistent input
call[1]: execution reverted: inconsistent input
2026/06/05 03:02:48 latency:13ms LBTC/cbBTC Pos: 8 [1.0-1.1]: 3 [1.1-1.5]: 3 USD < 10pct from liq: 1433.3017 
2026/06/05 03:03:07 latency:24ms WETH/USDC Pos: 3638 [1.0-1.1]: 350 [1.1-1.5]: 2030 USD < 10pct from liq: 843378.2064 
2026/06/05 03:04:47 latency:30ms WETH/USDC Pos: 3638 [1.0-1.1]: 346 [1.1-1.5]: 2028 USD < 10pct from liq: 831973.3675 
2026/06/05 03:06:27 latency:24ms WETH/USDC Pos: 3638 [1.0-1.1]: 350 [1.1-1.5]: 2030 USD < 10pct from liq: 843378.2064 
2026/06/05 03:08:07 latency:26ms WETH/USDC Pos: 3638 [1.0-1.1]: 346 [1.1-1.5]: 2028 USD < 10pct from liq: 831973.3675 
2026/06/05 03:08:07 latency:13ms thBILL/USDC Pos: 69 [1.0-1.1]: 39 [1.1-1.5]: 22 USD < 10pct from liq: 10766.5181 
2026/06/05 03:09:47 latency:25ms WETH/USDC Pos: 3638 [1.0-1.1]: 352 [1.1-1.5]: 2030 USD < 10pct from liq: 847987.7092 
2026/06/05 03:11:27 latency:24ms WETH/USDC Pos: 3638 [1.0-1.1]: 352 [1.1-1.5]: 2030 USD < 10pct from liq: 847987.7092 
2026/06/05 03:13:07 latency:37ms WETH/USDC Pos: 3638 [1.0-1.1]: 352 [1.1-1.5]: 2030 USD < 10pct from liq: 847987.7092 
2026/06/05 03:14:47 latency:51ms WETH/USDC Pos: 3638 [1.0-1.1]: 352 [1.1-1.5]: 2030 USD < 10pct from liq: 847987.7092 
2026/06/05 03:14:47 latency:270ms thBILL/USDC Pos: 69 [1.0-1.1]: 39 [1.1-1.5]: 22 USD < 10pct from liq: 10766.5775 
2026/06/05 03:16:27 latency:25ms WETH/USDC Pos: 3638 [1.0-1.1]: 344 [1.1-1.5]: 2029 USD < 10pct from liq: 829381.9652 
2026/06/05 03:17:03 latency:24ms vbETH/vbUSDC Pos: 35 [1.0-1.1]: 1 [1.1-1.5]: 14 USD < 10pct from liq: 609.2031 
2026/06/05 03:17:03 latency:18ms vbWBTC/vbUSDC Pos: 28 [1.0-1.1]: 1 [1.1-1.5]: 12 USD < 10pct from liq: 100.8735 
2026/06/05 03:21:27 latency:13ms thBILL/USDC Pos: 69 [1.0-1.1]: 39 [1.1-1.5]: 22 USD < 10pct from liq: 10766.5775 
2026/06/05 03:25:58 latency:27ms cbETH/USDC Pos: 257 [1.0-1.1]: 21 [1.1-1.5]: 121 USD < 10pct from liq: 35175.8028 
2026/06/05 03:27:38 latency:26ms LBTC/cbBTC Pos: 8 [1.0-1.1]: 3 [1.1-1.5]: 3 USD < 10pct from liq: 1424.2623 
2026/06/05 03:28:07 latency:11ms thBILL/USDC Pos: 69 [1.0-1.1]: 39 [1.1-1.5]: 22 USD < 10pct from liq: 10766.5775 
2026/06/05 03:34:47 latency:263ms thBILL/USDC Pos: 69 [1.0-1.1]: 39 [1.1-1.5]: 22 USD < 10pct from liq: 10766.5775 
2026/06/05 03:37:26 latency:26ms cbETH/USDC Pos: 257 [1.0-1.1]: 20 [1.1-1.5]: 122 USD < 10pct from liq: 34727.0463 
2026/06/05 03:41:27 latency:17ms thBILL/USDC Pos: 69 [1.0-1.1]: 39 [1.1-1.5]: 22 USD < 10pct from liq: 10766.5775 
2026/06/05 03:44:18 latency:12ms LBTC/cbBTC Pos: 8 [1.0-1.1]: 3 [1.1-1.5]: 3 USD < 10pct from liq: 1424.2623 
2026/06/05 03:48:07 latency:16ms thBILL/USDC Pos: 69 [1.0-1.1]: 39 [1.1-1.5]: 22 USD < 10pct from liq: 10766.7619 
2026/06/05 03:54:47 latency:12ms thBILL/USDC Pos: 69 [1.0-1.1]: 39 [1.1-1.5]: 22 USD < 10pct from liq: 10766.7619 
2026/06/05 03:55:25 latency:17ms WETH/USDT0 Pos: 31 [1.0-1.1]: 4 [1.1-1.5]: 8 USD < 10pct from liq: 19756.7477 
2026/06/05 04:01:27 latency:17ms thBILL/USDC Pos: 69 [1.0-1.1]: 39 [1.1-1.5]: 22 USD < 10pct from liq: 10766.7619 
2026/06/05 04:02:05 latency:22ms WETH/USDT0 Pos: 31 [1.0-1.1]: 4 [1.1-1.5]: 8 USD < 10pct from liq: 19756.7477 
2026/06/05 04:05:57 latency:13ms WETH/USDT0 Pos: 31 [1.0-1.1]: 4 [1.1-1.5]: 8 USD < 10pct from liq: 19756.7477 
2026/06/05 04:08:07 latency:14ms thBILL/USDC Pos: 69 [1.0-1.1]: 39 [1.1-1.5]: 22 USD < 10pct from liq: 10766.7619 
2026/06/05 04:11:55 latency:22ms WETH/USDT0 Pos: 31 [1.0-1.1]: 4 [1.1-1.5]: 8 USD < 10pct from liq: 19756.7477 
2026/06/05 04:14:47 latency:14ms thBILL/USDC Pos: 69 [1.0-1.1]: 39 [1.1-1.5]: 22 USD < 10pct from liq: 10766.3552 
2026/06/05 04:21:27 latency:16ms thBILL/USDC Pos: 69 [1.0-1.1]: 39 [1.1-1.5]: 22 USD < 10pct from liq: 10766.3552 
2026/06/05 04:28:07 latency:10ms thBILL/USDC Pos: 69 [1.0-1.1]: 39 [1.1-1.5]: 22 USD < 10pct from liq: 10766.3552 
2026/06/05 04:34:47 latency:10ms thBILL/USDC Pos: 69 [1.0-1.1]: 39 [1.1-1.5]: 22 USD < 10pct from liq: 10766.3552 
2026/06/05 04:41:27 latency:14ms thBILL/USDC Pos: 69 [1.0-1.1]: 39 [1.1-1.5]: 22 USD < 10pct from liq: 10766.3552 
2026/06/05 04:48:07 latency:13ms thBILL/USDC Pos: 69 [1.0-1.1]: 39 [1.1-1.5]: 22 USD < 10pct from liq: 10765.9064 
2026/06/05 04:52:26 latency:36ms WETH/USDC Pos: 3642 [1.0-1.1]: 324 [1.1-1.5]: 2032 USD < 10pct from liq: 770324.3118 
2026/06/05 04:54:47 latency:15ms thBILL/USDC Pos: 69 [1.0-1.1]: 39 [1.1-1.5]: 22 USD < 10pct from liq: 10765.9064 
2026/06/05 04:59:06 latency:32ms WETH/USDC Pos: 3642 [1.0-1.1]: 313 [1.1-1.5]: 2030 USD < 10pct from liq: 753270.8784 
2026/06/05 05:01:27 latency:12ms thBILL/USDC Pos: 69 [1.0-1.1]: 39 [1.1-1.5]: 22 USD < 10pct from liq: 10765.9064 
2026/06/05 05:08:07 latency:17ms thBILL/USDC Pos: 69 [1.0-1.1]: 39 [1.1-1.5]: 22 USD < 10pct from liq: 10765.9064 
2026/06/05 05:10:16 latency:35ms WETH/USDC Pos: 3642 [1.0-1.1]: 320 [1.1-1.5]: 2029 USD < 10pct from liq: 768870.6484 
2026/06/05 05:14:28 latency:11ms LBTC/cbBTC Pos: 8 [1.0-1.1]: 3 [1.1-1.5]: 3 USD < 10pct from liq: 1439.0854 
2026/06/05 05:14:47 latency:12ms thBILL/USDC Pos: 69 [1.0-1.1]: 39 [1.1-1.5]: 22 USD < 10pct from liq: 10766.7205 
2026/06/05 05:16:56 latency:23ms WETH/USDC Pos: 3642 [1.0-1.1]: 326 [1.1-1.5]: 2033 USD < 10pct from liq: 774104.1591 
2026/06/05 05:17:50 latency:55ms cbBTC/USDC Pos: 13053 [1.0-1.1]: 900 [1.1-1.5]: 6969 USD < 10pct from liq: 1494129.0944 
2026/06/05 05:21:27 latency:16ms thBILL/USDC Pos: 69 [1.0-1.1]: 39 [1.1-1.5]: 22 USD < 10pct from liq: 10766.7205 
2026/06/05 05:25:01 latency:11ms WETH/USDT0 Pos: 31 [1.0-1.1]: 4 [1.1-1.5]: 8 USD < 10pct from liq: 19762.9940 
2026/06/05 05:28:07 latency:12ms thBILL/USDC Pos: 69 [1.0-1.1]: 39 [1.1-1.5]: 22 USD < 10pct from liq: 10766.7205 
2026/06/05 05:34:23 latency:12ms WETH/USDT0 Pos: 31 [1.0-1.1]: 4 [1.1-1.5]: 8 USD < 10pct from liq: 19762.9940 
2026/06/05 05:34:47 latency:13ms thBILL/USDC Pos: 69 [1.0-1.1]: 39 [1.1-1.5]: 22 USD < 10pct from liq: 10766.7205 
2026/06/05 05:36:26 latency:13ms cbETH/USDC Pos: 257 [1.0-1.1]: 23 [1.1-1.5]: 118 USD < 10pct from liq: 36070.1835 
2026/06/05 05:37:55 latency:23ms WETH/USDT0 Pos: 31 [1.0-1.1]: 4 [1.1-1.5]: 8 USD < 10pct from liq: 19762.9940 
2026/06/05 05:38:10 liquidation check borrower 0x7F9A2903E4fb8f8E20aca2941CCd1857c60Fc013 usd:2806.0692 for market WETH/USDT0 0xac6a118134cc4208a22534b041a83f4ac5ca42e2ab9ea732ee53c44b7deebc62 hf:0.9966 collateralAsset:1.9045 oraclePrice:1709868110000000000000000000
2026/06/05 05:38:10 [liq] simulation failed for 0x7F9A2903E4fb8f8E20aca2941CCd1857c60Fc013: eth_call failed: dryRun: w3: 2 calls failed:
call[0]: execution reverted
call[1]: execution reverted
2026/06/05 05:38:11 liquidation check borrower 0x7F9A2903E4fb8f8E20aca2941CCd1857c60Fc013 usd:2806.0692 for market WETH/USDT0 0xac6a118134cc4208a22534b041a83f4ac5ca42e2ab9ea732ee53c44b7deebc62 hf:0.9966 collateralAsset:1.9045 oraclePrice:1709868110000000000000000000
2026/06/05 05:38:11 [liq] simulation failed for 0x7F9A2903E4fb8f8E20aca2941CCd1857c60Fc013: eth_call failed: dryRun: w3: 2 calls failed:
call[0]: execution reverted
call[1]: execution reverted
2026/06/05 05:38:12 liquidation check borrower 0x7F9A2903E4fb8f8E20aca2941CCd1857c60Fc013 usd:2806.0692 for market WETH/USDT0 0xac6a118134cc4208a22534b041a83f4ac5ca42e2ab9ea732ee53c44b7deebc62 hf:0.9966 collateralAsset:1.9045 oraclePrice:1709868110000000000000000000
2026/06/05 05:38:12 [liq] simulation failed for 0x7F9A2903E4fb8f8E20aca2941CCd1857c60Fc013: eth_call failed: dryRun: w3: 2 calls failed:
call[0]: execution reverted
call[1]: execution reverted
2026/06/05 05:38:13 liquidation check borrower 0x7F9A2903E4fb8f8E20aca2941CCd1857c60Fc013 usd:2806.0692 for market WETH/USDT0 0xac6a118134cc4208a22534b041a83f4ac5ca42e2ab9ea732ee53c44b7deebc62 hf:0.9966 collateralAsset:1.9045 oraclePrice:1709868110000000000000000000
2026/06/05 05:38:13 [liq] simulation failed for 0x7F9A2903E4fb8f8E20aca2941CCd1857c60Fc013: eth_call failed: dryRun: w3: 2 calls failed:
call[0]: execution reverted
call[1]: execution reverted
2026/06/05 05:38:14 liquidation check borrower 0x7F9A2903E4fb8f8E20aca2941CCd1857c60Fc013 usd:2806.0692 for market WETH/USDT0 0xac6a118134cc4208a22534b041a83f4ac5ca42e2ab9ea732ee53c44b7deebc62 hf:0.9966 collateralAsset:1.9045 oraclePrice:1709868110000000000000000000
2026/06/05 05:38:14 [liq] simulation failed for 0x7F9A2903E4fb8f8E20aca2941CCd1857c60Fc013: eth_call failed: dryRun: w3: 2 calls failed:
call[0]: execution reverted
call[1]: execution reverted
2026/06/05 05:38:15 liquidation check borrower 0x7F9A2903E4fb8f8E20aca2941CCd1857c60Fc013 usd:2806.0692 for market WETH/USDT0 0xac6a118134cc4208a22534b041a83f4ac5ca42e2ab9ea732ee53c44b7deebc62 hf:0.9966 collateralAsset:1.9045 oraclePrice:1709868110000000000000000000
2026/06/05 05:38:15 [liq] simulation failed for 0x7F9A2903E4fb8f8E20aca2941CCd1857c60Fc013: eth_call failed: dryRun: w3: 2 calls failed:
call[0]: execution reverted
call[1]: execution reverted
2026/06/05 05:38:16 liquidation check borrower 0x7F9A2903E4fb8f8E20aca2941CCd1857c60Fc013 usd:2806.0692 for market WETH/USDT0 0xac6a118134cc4208a22534b041a83f4ac5ca42e2ab9ea732ee53c44b7deebc62 hf:0.9966 collateralAsset:1.9045 oraclePrice:1709868110000000000000000000
2026/06/05 05:38:16 [liq] simulation failed for 0x7F9A2903E4fb8f8E20aca2941CCd1857c60Fc013: eth_call failed: dryRun: w3: 2 calls failed:
call[0]: execution reverted
call[1]: execution reverted
2026/06/05 05:38:17 liquidation check borrower 0x7F9A2903E4fb8f8E20aca2941CCd1857c60Fc013 usd:2806.0692 for market WETH/USDT0 0xac6a118134cc4208a22534b041a83f4ac5ca42e2ab9ea732ee53c44b7deebc62 hf:0.9966 collateralAsset:1.9045 oraclePrice:1709868110000000000000000000
2026/06/05 05:38:17 [liq] simulation failed for 0x7F9A2903E4fb8f8E20aca2941CCd1857c60Fc013: eth_call failed: dryRun: w3: 2 calls failed:
call[0]: execution reverted
call[1]: execution reverted
2026/06/05 05:38:18 liquidation check borrower 0x7F9A2903E4fb8f8E20aca2941CCd1857c60Fc013 usd:2806.0692 for market WETH/USDT0 0xac6a118134cc4208a22534b041a83f4ac5ca42e2ab9ea732ee53c44b7deebc62 hf:0.9966 collateralAsset:1.9045 oraclePrice:1709868110000000000000000000
2026/06/05 05:38:18 [liq] simulation failed for 0x7F9A2903E4fb8f8E20aca2941CCd1857c60Fc013: eth_call failed: dryRun: w3: 2 calls failed:
call[0]: execution reverted
call[1]: execution reverted
2026/06/05 05:38:19 liquidation check borrower 0x7F9A2903E4fb8f8E20aca2941CCd1857c60Fc013 usd:2806.0692 for market WETH/USDT0 0xac6a118134cc4208a22534b041a83f4ac5ca42e2ab9ea732ee53c44b7deebc62 hf:0.9966 collateralAsset:1.9045 oraclePrice:1709868110000000000000000000
2026/06/05 05:38:19 [liq] simulation failed for 0x7F9A2903E4fb8f8E20aca2941CCd1857c60Fc013: eth_call failed: dryRun: w3: 2 calls failed:
call[0]: execution reverted
call[1]: execution reverted
2026/06/05 05:38:28 liquidation check borrower 0x478c2F48eB370D8406F0EdA46Ae598fBE462f49B usd:5126.1083 for market cbETH/USDC 0x0ca10126f6c94cbd9cf0a48cc9516ae5e3dec5aa68303e6d988ee37c5149bf0d hf:0.9994 collateralAsset:3.4370 oraclePrice:1936215640000000000000000000
2026/06/05 05:38:28 liquidation check borrower 0xD97C8806603bCcAe176B44567A5DaA735e80a9D9 usd:6.7286 for market cbETH/USDC 0x0ca10126f6c94cbd9cf0a48cc9516ae5e3dec5aa68303e6d988ee37c5149bf0d hf:0.9994 collateralAsset:0.0045 oraclePrice:1936215640000000000000000000
2026/06/05 05:38:28 [liq] simulation failed for 0x478c2F48eB370D8406F0EdA46Ae598fBE462f49B: eth_call failed: dryRun: w3: 2 calls failed:
call[0]: execution reverted: inconsistent input
call[1]: execution reverted: inconsistent input
2026/06/05 05:38:28 [liq] simulation failed for 0xD97C8806603bCcAe176B44567A5DaA735e80a9D9: eth_call failed: dryRun: w3: 2 calls failed:
call[0]: execution reverted: inconsistent input
call[1]: execution reverted: inconsistent input
2026/06/05 05:38:29 liquidation check borrower 0x478c2F48eB370D8406F0EdA46Ae598fBE462f49B usd:5126.1083 for market cbETH/USDC 0x0ca10126f6c94cbd9cf0a48cc9516ae5e3dec5aa68303e6d988ee37c5149bf0d hf:0.9994 collateralAsset:3.4370 oraclePrice:1936215640000000000000000000
2026/06/05 05:38:29 liquidation check borrower 0xD97C8806603bCcAe176B44567A5DaA735e80a9D9 usd:6.7286 for market cbETH/USDC 0x0ca10126f6c94cbd9cf0a48cc9516ae5e3dec5aa68303e6d988ee37c5149bf0d hf:0.9994 collateralAsset:0.0045 oraclePrice:1936215640000000000000000000
2026/06/05 05:38:29 [liq] simulation failed for 0x478c2F48eB370D8406F0EdA46Ae598fBE462f49B: eth_call failed: dryRun: w3: 2 calls failed:
call[0]: execution reverted: inconsistent input
call[1]: execution reverted: inconsistent input
2026/06/05 05:38:29 [liq] simulation failed for 0xD97C8806603bCcAe176B44567A5DaA735e80a9D9: eth_call failed: dryRun: w3: 2 calls failed:
call[0]: execution reverted: inconsistent input
call[1]: execution reverted: inconsistent input
2026/06/05 05:38:30 liquidation check borrower 0x478c2F48eB370D8406F0EdA46Ae598fBE462f49B usd:5126.1083 for market cbETH/USDC 0x0ca10126f6c94cbd9cf0a48cc9516ae5e3dec5aa68303e6d988ee37c5149bf0d hf:0.9994 collateralAsset:3.4370 oraclePrice:1936215640000000000000000000
2026/06/05 05:38:30 liquidation check borrower 0xD97C8806603bCcAe176B44567A5DaA735e80a9D9 usd:6.7286 for market cbETH/USDC 0x0ca10126f6c94cbd9cf0a48cc9516ae5e3dec5aa68303e6d988ee37c5149bf0d hf:0.9994 collateralAsset:0.0045 oraclePrice:1936215640000000000000000000
2026/06/05 05:38:30 [liq] simulation failed for 0x478c2F48eB370D8406F0EdA46Ae598fBE462f49B: eth_call failed: dryRun: w3: 2 calls failed:
call[0]: execution reverted: inconsistent input
call[1]: execution reverted: inconsistent input
2026/06/05 05:38:30 [liq] simulation failed for 0xD97C8806603bCcAe176B44567A5DaA735e80a9D9: eth_call failed: dryRun: w3: 2 calls failed:
call[0]: execution reverted: inconsistent input
call[1]: execution reverted: inconsistent input
2026/06/05 05:38:31 liquidation check borrower 0x478c2F48eB370D8406F0EdA46Ae598fBE462f49B usd:5126.1083 for market cbETH/USDC 0x0ca10126f6c94cbd9cf0a48cc9516ae5e3dec5aa68303e6d988ee37c5149bf0d hf:0.9994 collateralAsset:3.4370 oraclePrice:1936215640000000000000000000
2026/06/05 05:38:31 liquidation check borrower 0xD97C8806603bCcAe176B44567A5DaA735e80a9D9 usd:6.7286 for market cbETH/USDC 0x0ca10126f6c94cbd9cf0a48cc9516ae5e3dec5aa68303e6d988ee37c5149bf0d hf:0.9994 collateralAsset:0.0045 oraclePrice:1936215640000000000000000000
2026/06/05 05:38:31 [liq] simulation failed for 0x478c2F48eB370D8406F0EdA46Ae598fBE462f49B: eth_call failed: dryRun: w3: 2 calls failed:
call[0]: execution reverted: inconsistent input
call[1]: execution reverted: inconsistent input
2026/06/05 05:38:31 [liq] simulation failed for 0xD97C8806603bCcAe176B44567A5DaA735e80a9D9: eth_call failed: dryRun: w3: 2 calls failed:
call[0]: execution reverted: inconsistent input
call[1]: execution reverted: inconsistent input
2026/06/05 05:38:32 liquidation check borrower 0x478c2F48eB370D8406F0EdA46Ae598fBE462f49B usd:5126.1083 for market cbETH/USDC 0x0ca10126f6c94cbd9cf0a48cc9516ae5e3dec5aa68303e6d988ee37c5149bf0d hf:0.9994 collateralAsset:3.4370 oraclePrice:1936215640000000000000000000
2026/06/05 05:38:32 liquidation check borrower 0xD97C8806603bCcAe176B44567A5DaA735e80a9D9 usd:6.7286 for market cbETH/USDC 0x0ca10126f6c94cbd9cf0a48cc9516ae5e3dec5aa68303e6d988ee37c5149bf0d hf:0.9994 collateralAsset:0.0045 oraclePrice:1936215640000000000000000000
2026/06/05 05:38:32 [liq] simulation failed for 0x478c2F48eB370D8406F0EdA46Ae598fBE462f49B: eth_call failed: dryRun: w3: 2 calls failed:
call[0]: execution reverted: inconsistent input
call[1]: execution reverted: inconsistent input
2026/06/05 05:38:32 [liq] simulation failed for 0xD97C8806603bCcAe176B44567A5DaA735e80a9D9: eth_call failed: dryRun: w3: 2 calls failed:
call[0]: execution reverted: inconsistent input
call[1]: execution reverted: inconsistent input
2026/06/05 05:38:33 liquidation check borrower 0x478c2F48eB370D8406F0EdA46Ae598fBE462f49B usd:5126.1083 for market cbETH/USDC 0x0ca10126f6c94cbd9cf0a48cc9516ae5e3dec5aa68303e6d988ee37c5149bf0d hf:0.9994 collateralAsset:3.4370 oraclePrice:1936215640000000000000000000
2026/06/05 05:38:33 liquidation check borrower 0xD97C8806603bCcAe176B44567A5DaA735e80a9D9 usd:6.7286 for market cbETH/USDC 0x0ca10126f6c94cbd9cf0a48cc9516ae5e3dec5aa68303e6d988ee37c5149bf0d hf:0.9994 collateralAsset:0.0045 oraclePrice:1936215640000000000000000000
2026/06/05 05:38:33 [liq] simulation failed for 0x478c2F48eB370D8406F0EdA46Ae598fBE462f49B: eth_call failed: dryRun: w3: 2 calls failed:
call[0]: execution reverted: inconsistent input
call[1]: execution reverted: inconsistent input
2026/06/05 05:38:33 [liq] simulation failed for 0xD97C8806603bCcAe176B44567A5DaA735e80a9D9: eth_call failed: dryRun: w3: 2 calls failed:
call[0]: execution reverted: inconsistent input
call[1]: execution reverted: inconsistent input
2026/06/05 05:38:34 liquidation check borrower 0x478c2F48eB370D8406F0EdA46Ae598fBE462f49B usd:5126.1083 for market cbETH/USDC 0x0ca10126f6c94cbd9cf0a48cc9516ae5e3dec5aa68303e6d988ee37c5149bf0d hf:0.9994 collateralAsset:3.4370 oraclePrice:1936215640000000000000000000
2026/06/05 05:38:34 liquidation check borrower 0xD97C8806603bCcAe176B44567A5DaA735e80a9D9 usd:6.7286 for market cbETH/USDC 0x0ca10126f6c94cbd9cf0a48cc9516ae5e3dec5aa68303e6d988ee37c5149bf0d hf:0.9994 collateralAsset:0.0045 oraclePrice:1936215640000000000000000000
2026/06/05 05:38:34 [liq] simulation failed for 0x478c2F48eB370D8406F0EdA46Ae598fBE462f49B: eth_call failed: dryRun: w3: 2 calls failed:
call[0]: execution reverted: inconsistent input
call[1]: execution reverted: inconsistent input
2026/06/05 05:38:34 [liq] simulation failed for 0xD97C8806603bCcAe176B44567A5DaA735e80a9D9: eth_call failed: dryRun: w3: 2 calls failed:
call[0]: execution reverted: inconsistent input
call[1]: execution reverted: inconsistent input
2026/06/05 05:38:35 liquidation check borrower 0x478c2F48eB370D8406F0EdA46Ae598fBE462f49B usd:5126.1083 for market cbETH/USDC 0x0ca10126f6c94cbd9cf0a48cc9516ae5e3dec5aa68303e6d988ee37c5149bf0d hf:0.9994 collateralAsset:3.4370 oraclePrice:1936215640000000000000000000
2026/06/05 05:38:35 liquidation check borrower 0xD97C8806603bCcAe176B44567A5DaA735e80a9D9 usd:6.7286 for market cbETH/USDC 0x0ca10126f6c94cbd9cf0a48cc9516ae5e3dec5aa68303e6d988ee37c5149bf0d hf:0.9994 collateralAsset:0.0045 oraclePrice:1936215640000000000000000000
2026/06/05 05:38:35 [liq] simulation failed for 0x478c2F48eB370D8406F0EdA46Ae598fBE462f49B: eth_call failed: dryRun: w3: 2 calls failed:
call[0]: execution reverted: inconsistent input
call[1]: execution reverted: inconsistent input
2026/06/05 05:38:35 [liq] simulation failed for 0xD97C8806603bCcAe176B44567A5DaA735e80a9D9: eth_call failed: dryRun: w3: 2 calls failed:
call[0]: execution reverted: inconsistent input
call[1]: execution reverted: inconsistent input
2026/06/05 05:38:36 liquidation check borrower 0x478c2F48eB370D8406F0EdA46Ae598fBE462f49B usd:5126.1083 for market cbETH/USDC 0x0ca10126f6c94cbd9cf0a48cc9516ae5e3dec5aa68303e6d988ee37c5149bf0d hf:0.9994 collateralAsset:3.4370 oraclePrice:1936215640000000000000000000
2026/06/05 05:38:36 liquidation check borrower 0xD97C8806603bCcAe176B44567A5DaA735e80a9D9 usd:6.7286 for market cbETH/USDC 0x0ca10126f6c94cbd9cf0a48cc9516ae5e3dec5aa68303e6d988ee37c5149bf0d hf:0.9994 collateralAsset:0.0045 oraclePrice:1936215640000000000000000000
2026/06/05 05:38:36 [liq] simulation failed for 0x478c2F48eB370D8406F0EdA46Ae598fBE462f49B: eth_call failed: dryRun: w3: 2 calls failed:
call[0]: execution reverted: inconsistent input
call[1]: execution reverted: inconsistent input
2026/06/05 05:38:36 [liq] simulation failed for 0xD97C8806603bCcAe176B44567A5DaA735e80a9D9: eth_call failed: dryRun: w3: 2 calls failed:
call[0]: execution reverted: inconsistent input
call[1]: execution reverted: inconsistent input
2026/06/05 05:38:37 liquidation check borrower 0x478c2F48eB370D8406F0EdA46Ae598fBE462f49B usd:5126.1083 for market cbETH/USDC 0x0ca10126f6c94cbd9cf0a48cc9516ae5e3dec5aa68303e6d988ee37c5149bf0d hf:0.9994 collateralAsset:3.4370 oraclePrice:1936215640000000000000000000
2026/06/05 05:38:37 liquidation check borrower 0xD97C8806603bCcAe176B44567A5DaA735e80a9D9 usd:6.7286 for market cbETH/USDC 0x0ca10126f6c94cbd9cf0a48cc9516ae5e3dec5aa68303e6d988ee37c5149bf0d hf:0.9994 collateralAsset:0.0045 oraclePrice:1936215640000000000000000000
2026/06/05 05:38:37 [liq] simulation failed for 0x478c2F48eB370D8406F0EdA46Ae598fBE462f49B: eth_call failed: dryRun: w3: 2 calls failed:
call[0]: execution reverted: inconsistent input
call[1]: execution reverted: inconsistent input
2026/06/05 05:38:37 [liq] simulation failed for 0xD97C8806603bCcAe176B44567A5DaA735e80a9D9: eth_call failed: dryRun: w3: 2 calls failed:
call[0]: execution reverted: inconsistent input
call[1]: execution reverted: inconsistent input
2026/06/05 05:39:19 latency:14ms LBTC/cbBTC Pos: 8 [1.0-1.1]: 3 [1.1-1.5]: 3 USD < 10pct from liq: 1446.4410 
2026/06/05 05:39:30 latency:17ms cbETH/USDC Pos: 257 [1.0-1.1]: 26 [1.1-1.5]: 116 USD < 10pct from liq: 37418.3370 
2026/06/05 05:39:35 latency:13ms WETH/USDT0 Pos: 31 [1.0-1.1]: 4 [1.1-1.5]: 8 USD < 10pct from liq: 19762.9940 
2026/06/05 05:41:10 latency:14ms cbETH/USDC Pos: 257 [1.0-1.1]: 26 [1.1-1.5]: 116 USD < 10pct from liq: 37418.3370 
2026/06/05 05:41:15 latency:12ms WETH/USDT0 Pos: 31 [1.0-1.1]: 4 [1.1-1.5]: 8 USD < 10pct from liq: 19762.9940 
2026/06/05 05:41:27 latency:37ms thBILL/USDC Pos: 69 [1.0-1.1]: 39 [1.1-1.5]: 22 USD < 10pct from liq: 10766.7205 
2026/06/05 05:42:50 latency:31ms cbETH/USDC Pos: 257 [1.0-1.1]: 26 [1.1-1.5]: 116 USD < 10pct from liq: 37418.3370 
2026/06/05 05:42:55 latency:16ms WETH/USDT0 Pos: 31 [1.0-1.1]: 4 [1.1-1.5]: 8 USD < 10pct from liq: 19762.9940 
2026/06/05 05:44:30 latency:12ms cbETH/USDC Pos: 257 [1.0-1.1]: 27 [1.1-1.5]: 116 USD < 10pct from liq: 37472.7909 
2026/06/05 05:46:07 liquidation check borrower 0x965551140aC5361bF78762C538bda76dfbF48921 usd:9.9643 for market cbETH/USDC 0x0ca10126f6c94cbd9cf0a48cc9516ae5e3dec5aa68303e6d988ee37c5149bf0d hf:0.9986 collateralAsset:0.0067 oraclePrice:1917423980140000000000000000
2026/06/05 05:46:07 [liq] simulation failed for 0x965551140aC5361bF78762C538bda76dfbF48921: eth_call failed: dryRun: w3: 2 calls failed:
call[0]: execution reverted: inconsistent input
call[1]: execution reverted: inconsistent input
2026/06/05 05:46:08 liquidation check borrower 0x965551140aC5361bF78762C538bda76dfbF48921 usd:9.9643 for market cbETH/USDC 0x0ca10126f6c94cbd9cf0a48cc9516ae5e3dec5aa68303e6d988ee37c5149bf0d hf:0.9986 collateralAsset:0.0067 oraclePrice:1917423980140000000000000000
2026/06/05 05:46:08 [liq] simulation failed for 0x965551140aC5361bF78762C538bda76dfbF48921: eth_call failed: dryRun: w3: 2 calls failed:
call[0]: execution reverted: inconsistent input
call[1]: execution reverted: inconsistent input
2026/06/05 05:46:09 liquidation check borrower 0x965551140aC5361bF78762C538bda76dfbF48921 usd:9.9643 for market cbETH/USDC 0x0ca10126f6c94cbd9cf0a48cc9516ae5e3dec5aa68303e6d988ee37c5149bf0d hf:0.9986 collateralAsset:0.0067 oraclePrice:1917423980140000000000000000
2026/06/05 05:46:09 [liq] simulation failed for 0x965551140aC5361bF78762C538bda76dfbF48921: eth_call failed: dryRun: w3: 2 calls failed:
call[0]: execution reverted: inconsistent input
call[1]: execution reverted: inconsistent input
2026/06/05 05:46:10 liquidation check borrower 0x965551140aC5361bF78762C538bda76dfbF48921 usd:9.9643 for market cbETH/USDC 0x0ca10126f6c94cbd9cf0a48cc9516ae5e3dec5aa68303e6d988ee37c5149bf0d hf:0.9986 collateralAsset:0.0067 oraclePrice:1917423980140000000000000000
2026/06/05 05:46:10 latency:17ms cbETH/USDC Pos: 257 [1.0-1.1]: 27 [1.1-1.5]: 119 USD < 10pct from liq: 37472.7909 
2026/06/05 05:46:10 [liq] simulation failed for 0x965551140aC5361bF78762C538bda76dfbF48921: eth_call failed: dryRun: w3: 2 calls failed:
call[0]: execution reverted: inconsistent input
call[1]: execution reverted: inconsistent input
2026/06/05 05:46:11 liquidation check borrower 0x965551140aC5361bF78762C538bda76dfbF48921 usd:9.9643 for market cbETH/USDC 0x0ca10126f6c94cbd9cf0a48cc9516ae5e3dec5aa68303e6d988ee37c5149bf0d hf:0.9986 collateralAsset:0.0067 oraclePrice:1917423980140000000000000000
2026/06/05 05:46:11 [liq] simulation failed for 0x965551140aC5361bF78762C538bda76dfbF48921: eth_call failed: dryRun: w3: 2 calls failed:
call[0]: execution reverted: inconsistent input
call[1]: execution reverted: inconsistent input
2026/06/05 05:46:12 liquidation check borrower 0x965551140aC5361bF78762C538bda76dfbF48921 usd:9.9643 for market cbETH/USDC 0x0ca10126f6c94cbd9cf0a48cc9516ae5e3dec5aa68303e6d988ee37c5149bf0d hf:0.9986 collateralAsset:0.0067 oraclePrice:1917423980140000000000000000
2026/06/05 05:46:12 [liq] simulation failed for 0x965551140aC5361bF78762C538bda76dfbF48921: eth_call failed: dryRun: w3: 2 calls failed:
call[0]: execution reverted: inconsistent input
call[1]: execution reverted: inconsistent input
2026/06/05 05:46:13 liquidation check borrower 0x965551140aC5361bF78762C538bda76dfbF48921 usd:9.9643 for market cbETH/USDC 0x0ca10126f6c94cbd9cf0a48cc9516ae5e3dec5aa68303e6d988ee37c5149bf0d hf:0.9986 collateralAsset:0.0067 oraclePrice:1917423980140000000000000000
2026/06/05 05:46:13 [liq] simulation failed for 0x965551140aC5361bF78762C538bda76dfbF48921: eth_call failed: dryRun: w3: 2 calls failed:
call[0]: execution reverted: inconsistent input
call[1]: execution reverted: inconsistent input
2026/06/05 05:46:14 liquidation check borrower 0x965551140aC5361bF78762C538bda76dfbF48921 usd:9.9643 for market cbETH/USDC 0x0ca10126f6c94cbd9cf0a48cc9516ae5e3dec5aa68303e6d988ee37c5149bf0d hf:0.9986 collateralAsset:0.0067 oraclePrice:1917423980140000000000000000
2026/06/05 05:46:14 [liq] simulation failed for 0x965551140aC5361bF78762C538bda76dfbF48921: eth_call failed: dryRun: w3: 2 calls failed:
call[0]: execution reverted: inconsistent input
call[1]: execution reverted: inconsistent input
2026/06/05 05:46:15 liquidation check borrower 0x965551140aC5361bF78762C538bda76dfbF48921 usd:9.9643 for market cbETH/USDC 0x0ca10126f6c94cbd9cf0a48cc9516ae5e3dec5aa68303e6d988ee37c5149bf0d hf:0.9986 collateralAsset:0.0067 oraclePrice:1917423980140000000000000000
2026/06/05 05:46:15 [liq] simulation failed for 0x965551140aC5361bF78762C538bda76dfbF48921: eth_call failed: dryRun: w3: 2 calls failed:
call[0]: execution reverted: inconsistent input
call[1]: execution reverted: inconsistent input
2026/06/05 05:46:16 liquidation check borrower 0x965551140aC5361bF78762C538bda76dfbF48921 usd:9.9643 for market cbETH/USDC 0x0ca10126f6c94cbd9cf0a48cc9516ae5e3dec5aa68303e6d988ee37c5149bf0d hf:0.9986 collateralAsset:0.0067 oraclePrice:1917423980140000000000000000
2026/06/05 05:46:16 [liq] simulation failed for 0x965551140aC5361bF78762C538bda76dfbF48921: eth_call failed: dryRun: w3: 2 calls failed:
call[0]: execution reverted: inconsistent input
call[1]: execution reverted: inconsistent input
2026/06/05 05:48:07 latency:15ms thBILL/USDC Pos: 69 [1.0-1.1]: 39 [1.1-1.5]: 22 USD < 10pct from liq: 10766.7550 
2026/06/05 05:54:47 latency:12ms thBILL/USDC Pos: 69 [1.0-1.1]: 39 [1.1-1.5]: 22 USD < 10pct from liq: 10766.7550 
2026/06/05 05:55:59 latency:14ms LBTC/cbBTC Pos: 8 [1.0-1.1]: 3 [1.1-1.5]: 3 USD < 10pct from liq: 1438.9434 
2026/06/05 05:59:27 latency:16ms WETH/USDT0 Pos: 31 [1.0-1.1]: 2 [1.1-1.5]: 9 USD < 10pct from liq: 10960.2913 
2026/06/05 06:01:27 latency:12ms thBILL/USDC Pos: 69 [1.0-1.1]: 39 [1.1-1.5]: 22 USD < 10pct from liq: 10766.7550 
2026/06/05 06:03:41 liquidation check borrower 0x33b0747e7EaCd7FA32D937294DFb0CcbC1ef5A0D usd:9936.4653 for market WETH/USDT0 0xac6a118134cc4208a22534b041a83f4ac5ca42e2ab9ea732ee53c44b7deebc62 hf:0.9990 collateralAsset:6.9221 oraclePrice:1669061409460000000000000000
2026/06/05 06:03:41 [liq] simulation failed for 0x33b0747e7EaCd7FA32D937294DFb0CcbC1ef5A0D: eth_call failed: dryRun: w3: 2 calls failed:
call[0]: execution reverted
call[1]: execution reverted
2026/06/05 06:03:42 liquidation check borrower 0x33b0747e7EaCd7FA32D937294DFb0CcbC1ef5A0D usd:9936.4653 for market WETH/USDT0 0xac6a118134cc4208a22534b041a83f4ac5ca42e2ab9ea732ee53c44b7deebc62 hf:0.9990 collateralAsset:6.9221 oraclePrice:1669061409460000000000000000
2026/06/05 06:03:42 [liq] simulation failed for 0x33b0747e7EaCd7FA32D937294DFb0CcbC1ef5A0D: eth_call failed: dryRun: w3: 2 calls failed:
call[0]: execution reverted
call[1]: execution reverted
2026/06/05 06:03:43 liquidation check borrower 0x33b0747e7EaCd7FA32D937294DFb0CcbC1ef5A0D usd:9936.4653 for market WETH/USDT0 0xac6a118134cc4208a22534b041a83f4ac5ca42e2ab9ea732ee53c44b7deebc62 hf:0.9990 collateralAsset:6.9221 oraclePrice:1669061409460000000000000000
2026/06/05 06:03:43 [liq] simulation failed for 0x33b0747e7EaCd7FA32D937294DFb0CcbC1ef5A0D: eth_call failed: dryRun: w3: 2 calls failed:
call[0]: execution reverted
call[1]: execution reverted
2026/06/05 06:03:44 liquidation check borrower 0x33b0747e7EaCd7FA32D937294DFb0CcbC1ef5A0D usd:9936.4653 for market WETH/USDT0 0xac6a118134cc4208a22534b041a83f4ac5ca42e2ab9ea732ee53c44b7deebc62 hf:0.9990 collateralAsset:6.9221 oraclePrice:1669061409460000000000000000
2026/06/05 06:03:44 [liq] simulation failed for 0x33b0747e7EaCd7FA32D937294DFb0CcbC1ef5A0D: eth_call failed: dryRun: w3: 2 calls failed:
call[0]: execution reverted
call[1]: execution reverted
2026/06/05 06:03:45 liquidation check borrower 0x33b0747e7EaCd7FA32D937294DFb0CcbC1ef5A0D usd:9936.4653 for market WETH/USDT0 0xac6a118134cc4208a22534b041a83f4ac5ca42e2ab9ea732ee53c44b7deebc62 hf:0.9990 collateralAsset:6.9221 oraclePrice:1669061409460000000000000000
2026/06/05 06:03:45 [liq] simulation failed for 0x33b0747e7EaCd7FA32D937294DFb0CcbC1ef5A0D: eth_call failed: dryRun: w3: 2 calls failed:
call[0]: execution reverted
call[1]: execution reverted
2026/06/05 06:03:46 liquidation check borrower 0x33b0747e7EaCd7FA32D937294DFb0CcbC1ef5A0D usd:9936.4653 for market WETH/USDT0 0xac6a118134cc4208a22534b041a83f4ac5ca42e2ab9ea732ee53c44b7deebc62 hf:0.9990 collateralAsset:6.9221 oraclePrice:1669061409460000000000000000
2026/06/05 06:03:46 [liq] simulation failed for 0x33b0747e7EaCd7FA32D937294DFb0CcbC1ef5A0D: eth_call failed: dryRun: w3: 2 calls failed:
call[0]: execution reverted
call[1]: execution reverted
2026/06/05 06:03:47 liquidation check borrower 0x33b0747e7EaCd7FA32D937294DFb0CcbC1ef5A0D usd:9936.4653 for market WETH/USDT0 0xac6a118134cc4208a22534b041a83f4ac5ca42e2ab9ea732ee53c44b7deebc62 hf:0.9990 collateralAsset:6.9221 oraclePrice:1669061409460000000000000000
2026/06/05 06:03:47 [liq] simulation failed for 0x33b0747e7EaCd7FA32D937294DFb0CcbC1ef5A0D: eth_call failed: dryRun: w3: 2 calls failed:
call[0]: execution reverted
call[1]: execution reverted
2026/06/05 06:03:48 liquidation check borrower 0x33b0747e7EaCd7FA32D937294DFb0CcbC1ef5A0D usd:9936.4653 for market WETH/USDT0 0xac6a118134cc4208a22534b041a83f4ac5ca42e2ab9ea732ee53c44b7deebc62 hf:0.9990 collateralAsset:6.9221 oraclePrice:1669061409460000000000000000
2026/06/05 06:03:48 latency:13ms WETH/USDT0 Pos: 31 [1.0-1.1]: 2 [1.1-1.5]: 11 USD < 10pct from liq: 10960.2913 
2026/06/05 06:03:48 [liq] simulation failed for 0x33b0747e7EaCd7FA32D937294DFb0CcbC1ef5A0D: eth_call failed: dryRun: w3: 2 calls failed:
call[0]: execution reverted
call[1]: execution reverted
2026/06/05 06:03:49 liquidation check borrower 0x33b0747e7EaCd7FA32D937294DFb0CcbC1ef5A0D usd:9936.4653 for market WETH/USDT0 0xac6a118134cc4208a22534b041a83f4ac5ca42e2ab9ea732ee53c44b7deebc62 hf:0.9990 collateralAsset:6.9221 oraclePrice:1669061409460000000000000000
2026/06/05 06:03:49 [liq] simulation failed for 0x33b0747e7EaCd7FA32D937294DFb0CcbC1ef5A0D: eth_call failed: dryRun: w3: 2 calls failed:
call[0]: execution reverted
call[1]: execution reverted
2026/06/05 06:03:50 liquidation check borrower 0x33b0747e7EaCd7FA32D937294DFb0CcbC1ef5A0D usd:9936.4653 for market WETH/USDT0 0xac6a118134cc4208a22534b041a83f4ac5ca42e2ab9ea732ee53c44b7deebc62 hf:0.9990 collateralAsset:6.9221 oraclePrice:1669061409460000000000000000
2026/06/05 06:03:50 [liq] simulation failed for 0x33b0747e7EaCd7FA32D937294DFb0CcbC1ef5A0D: eth_call failed: dryRun: w3: 2 calls failed:
call[0]: execution reverted
call[1]: execution reverted
2026/06/05 06:05:45 latency:12ms WETH/USDT0 Pos: 31 [1.0-1.1]: 2 [1.1-1.5]: 9 USD < 10pct from liq: 10960.2913 
2026/06/05 06:08:07 latency:11ms thBILL/USDC Pos: 69 [1.0-1.1]: 39 [1.1-1.5]: 22 USD < 10pct from liq: 10766.7550 
2026/06/05 06:11:21 latency:12ms WETH/USDT0 Pos: 31 [1.0-1.1]: 2 [1.1-1.5]: 9 USD < 10pct from liq: 10960.2913 
2026/06/05 06:12:39 latency:13ms LBTC/cbBTC Pos: 8 [1.0-1.1]: 3 [1.1-1.5]: 3 USD < 10pct from liq: 1438.9434 
2026/06/05 06:14:18 liquidation check borrower 0xF5B68901FBbFEB33D76342b3530eFB27493Dc6d0 usd:6092.4312 for market cbETH/USDC 0x0ca10126f6c94cbd9cf0a48cc9516ae5e3dec5aa68303e6d988ee37c5149bf0d hf:0.9907 collateralAsset:4.1371 oraclePrice:1895291548000000000000000000
2026/06/05 06:14:18 liquidation check borrower 0x433D4C58A5865FB0F6521B3595652235468B899a usd:339.1071 for market cbETH/USDC 0x0ca10126f6c94cbd9cf0a48cc9516ae5e3dec5aa68303e6d988ee37c5149bf0d hf:0.9986 collateralAsset:0.2321 oraclePrice:1895291548000000000000000000
2026/06/05 06:14:18 [liq] simulation failed for 0xF5B68901FBbFEB33D76342b3530eFB27493Dc6d0: eth_call failed: dryRun: w3: 2 calls failed:
call[0]: execution reverted: inconsistent input
call[1]: execution reverted: inconsistent input
2026/06/05 06:14:18 [liq] simulation failed for 0x433D4C58A5865FB0F6521B3595652235468B899a: eth_call failed: dryRun: w3: 2 calls failed:
call[0]: execution reverted: inconsistent input
call[1]: execution reverted: inconsistent input
2026/06/05 06:14:19 liquidation check borrower 0xF5B68901FBbFEB33D76342b3530eFB27493Dc6d0 usd:6092.4312 for market cbETH/USDC 0x0ca10126f6c94cbd9cf0a48cc9516ae5e3dec5aa68303e6d988ee37c5149bf0d hf:0.9907 collateralAsset:4.1371 oraclePrice:1895291548000000000000000000
2026/06/05 06:14:19 liquidation check borrower 0x433D4C58A5865FB0F6521B3595652235468B899a usd:339.1071 for market cbETH/USDC 0x0ca10126f6c94cbd9cf0a48cc9516ae5e3dec5aa68303e6d988ee37c5149bf0d hf:0.9986 collateralAsset:0.2321 oraclePrice:1895291548000000000000000000
2026/06/05 06:14:20 [liq] simulation failed for 0xF5B68901FBbFEB33D76342b3530eFB27493Dc6d0: eth_call failed: dryRun: w3: 2 calls failed:
call[0]: execution reverted: inconsistent input
call[1]: execution reverted: inconsistent input
2026/06/05 06:14:20 [liq] simulation failed for 0x433D4C58A5865FB0F6521B3595652235468B899a: eth_call failed: dryRun: w3: 2 calls failed:
call[0]: execution reverted: inconsistent input
call[1]: execution reverted: inconsistent input
2026/06/05 06:14:20 liquidation check borrower 0xF5B68901FBbFEB33D76342b3530eFB27493Dc6d0 usd:6092.4312 for market cbETH/USDC 0x0ca10126f6c94cbd9cf0a48cc9516ae5e3dec5aa68303e6d988ee37c5149bf0d hf:0.9907 collateralAsset:4.1371 oraclePrice:1895291548000000000000000000
2026/06/05 06:14:20 liquidation check borrower 0x433D4C58A5865FB0F6521B3595652235468B899a usd:339.1071 for market cbETH/USDC 0x0ca10126f6c94cbd9cf0a48cc9516ae5e3dec5aa68303e6d988ee37c5149bf0d hf:0.9986 collateralAsset:0.2321 oraclePrice:1895291548000000000000000000
2026/06/05 06:14:21 [liq] simulation failed for 0xF5B68901FBbFEB33D76342b3530eFB27493Dc6d0: eth_call failed: dryRun: w3: 2 calls failed:
call[0]: execution reverted: inconsistent input
call[1]: execution reverted: inconsistent input
2026/06/05 06:14:21 [liq] simulation failed for 0x433D4C58A5865FB0F6521B3595652235468B899a: eth_call failed: dryRun: w3: 2 calls failed:
call[0]: execution reverted: inconsistent input
call[1]: execution reverted: inconsistent input
2026/06/05 06:14:21 liquidation check borrower 0xF5B68901FBbFEB33D76342b3530eFB27493Dc6d0 usd:6092.4312 for market cbETH/USDC 0x0ca10126f6c94cbd9cf0a48cc9516ae5e3dec5aa68303e6d988ee37c5149bf0d hf:0.9907 collateralAsset:4.1371 oraclePrice:1895291548000000000000000000
2026/06/05 06:14:21 liquidation check borrower 0x433D4C58A5865FB0F6521B3595652235468B899a usd:339.1071 for market cbETH/USDC 0x0ca10126f6c94cbd9cf0a48cc9516ae5e3dec5aa68303e6d988ee37c5149bf0d hf:0.9986 collateralAsset:0.2321 oraclePrice:1895291548000000000000000000
2026/06/05 06:14:21 [liq] simulation failed for 0xF5B68901FBbFEB33D76342b3530eFB27493Dc6d0: eth_call failed: dryRun: w3: 2 calls failed:
call[0]: execution reverted: inconsistent input
call[1]: execution reverted: inconsistent input
2026/06/05 06:14:22 [liq] simulation failed for 0x433D4C58A5865FB0F6521B3595652235468B899a: eth_call failed: dryRun: w3: 2 calls failed:
call[0]: execution reverted: inconsistent input
call[1]: execution reverted: inconsistent input
2026/06/05 06:14:22 liquidation check borrower 0xF5B68901FBbFEB33D76342b3530eFB27493Dc6d0 usd:6092.4312 for market cbETH/USDC 0x0ca10126f6c94cbd9cf0a48cc9516ae5e3dec5aa68303e6d988ee37c5149bf0d hf:0.9907 collateralAsset:4.1371 oraclePrice:1895291548000000000000000000
2026/06/05 06:14:22 liquidation check borrower 0x433D4C58A5865FB0F6521B3595652235468B899a usd:339.1071 for market cbETH/USDC 0x0ca10126f6c94cbd9cf0a48cc9516ae5e3dec5aa68303e6d988ee37c5149bf0d hf:0.9986 collateralAsset:0.2321 oraclePrice:1895291548000000000000000000
2026/06/05 06:14:22 [liq] simulation failed for 0xF5B68901FBbFEB33D76342b3530eFB27493Dc6d0: eth_call failed: dryRun: w3: 2 calls failed:
call[0]: execution reverted: inconsistent input
call[1]: execution reverted: inconsistent input
2026/06/05 06:14:23 [liq] simulation failed for 0x433D4C58A5865FB0F6521B3595652235468B899a: eth_call failed: dryRun: w3: 2 calls failed:
call[0]: execution reverted: inconsistent input
call[1]: execution reverted: inconsistent input
2026/06/05 06:14:23 liquidation check borrower 0xF5B68901FBbFEB33D76342b3530eFB27493Dc6d0 usd:6092.4312 for market cbETH/USDC 0x0ca10126f6c94cbd9cf0a48cc9516ae5e3dec5aa68303e6d988ee37c5149bf0d hf:0.9907 collateralAsset:4.1371 oraclePrice:1895291548000000000000000000
2026/06/05 06:14:23 liquidation check borrower 0x433D4C58A5865FB0F6521B3595652235468B899a usd:339.1071 for market cbETH/USDC 0x0ca10126f6c94cbd9cf0a48cc9516ae5e3dec5aa68303e6d988ee37c5149bf0d hf:0.9986 collateralAsset:0.2321 oraclePrice:1895291548000000000000000000
2026/06/05 06:14:23 [liq] simulation failed for 0xF5B68901FBbFEB33D76342b3530eFB27493Dc6d0: eth_call failed: dryRun: w3: 2 calls failed:
call[0]: execution reverted: inconsistent input
call[1]: execution reverted: inconsistent input
2026/06/05 06:14:24 [liq] simulation failed for 0x433D4C58A5865FB0F6521B3595652235468B899a: eth_call failed: dryRun: w3: 2 calls failed:
call[0]: execution reverted: inconsistent input
call[1]: execution reverted: inconsistent input
2026/06/05 06:14:24 liquidation check borrower 0xF5B68901FBbFEB33D76342b3530eFB27493Dc6d0 usd:6092.4312 for market cbETH/USDC 0x0ca10126f6c94cbd9cf0a48cc9516ae5e3dec5aa68303e6d988ee37c5149bf0d hf:0.9907 collateralAsset:4.1371 oraclePrice:1895291548000000000000000000
2026/06/05 06:14:24 liquidation check borrower 0x433D4C58A5865FB0F6521B3595652235468B899a usd:339.1071 for market cbETH/USDC 0x0ca10126f6c94cbd9cf0a48cc9516ae5e3dec5aa68303e6d988ee37c5149bf0d hf:0.9986 collateralAsset:0.2321 oraclePrice:1895291548000000000000000000
2026/06/05 06:14:24 [liq] simulation failed for 0xF5B68901FBbFEB33D76342b3530eFB27493Dc6d0: eth_call failed: dryRun: w3: 2 calls failed:
call[0]: execution reverted: inconsistent input
call[1]: execution reverted: inconsistent input
2026/06/05 06:14:25 [liq] simulation failed for 0x433D4C58A5865FB0F6521B3595652235468B899a: eth_call failed: dryRun: w3: 2 calls failed:
call[0]: execution reverted: inconsistent input
call[1]: execution reverted: inconsistent input
2026/06/05 06:14:25 liquidation check borrower 0xF5B68901FBbFEB33D76342b3530eFB27493Dc6d0 usd:6092.4312 for market cbETH/USDC 0x0ca10126f6c94cbd9cf0a48cc9516ae5e3dec5aa68303e6d988ee37c5149bf0d hf:0.9907 collateralAsset:4.1371 oraclePrice:1895291548000000000000000000
2026/06/05 06:14:25 liquidation check borrower 0x433D4C58A5865FB0F6521B3595652235468B899a usd:339.1071 for market cbETH/USDC 0x0ca10126f6c94cbd9cf0a48cc9516ae5e3dec5aa68303e6d988ee37c5149bf0d hf:0.9986 collateralAsset:0.2321 oraclePrice:1895291548000000000000000000
2026/06/05 06:14:25 [liq] simulation failed for 0xF5B68901FBbFEB33D76342b3530eFB27493Dc6d0: eth_call failed: dryRun: w3: 2 calls failed:
call[0]: execution reverted: inconsistent input
call[1]: execution reverted: inconsistent input
2026/06/05 06:14:25 [liq] simulation failed for 0x433D4C58A5865FB0F6521B3595652235468B899a: eth_call failed: dryRun: w3: 2 calls failed:
call[0]: execution reverted: inconsistent input
call[1]: execution reverted: inconsistent input
2026/06/05 06:14:26 liquidation check borrower 0xF5B68901FBbFEB33D76342b3530eFB27493Dc6d0 usd:6092.4312 for market cbETH/USDC 0x0ca10126f6c94cbd9cf0a48cc9516ae5e3dec5aa68303e6d988ee37c5149bf0d hf:0.9907 collateralAsset:4.1371 oraclePrice:1895291548000000000000000000
2026/06/05 06:14:26 liquidation check borrower 0x433D4C58A5865FB0F6521B3595652235468B899a usd:339.1071 for market cbETH/USDC 0x0ca10126f6c94cbd9cf0a48cc9516ae5e3dec5aa68303e6d988ee37c5149bf0d hf:0.9986 collateralAsset:0.2321 oraclePrice:1895291548000000000000000000
2026/06/05 06:14:26 [liq] simulation failed for 0xF5B68901FBbFEB33D76342b3530eFB27493Dc6d0: eth_call failed: dryRun: w3: 2 calls failed:
call[0]: execution reverted: inconsistent input
call[1]: execution reverted: inconsistent input
2026/06/05 06:14:26 [liq] simulation failed for 0x433D4C58A5865FB0F6521B3595652235468B899a: eth_call failed: dryRun: w3: 2 calls failed:
call[0]: execution reverted: inconsistent input
call[1]: execution reverted: inconsistent input
2026/06/05 06:14:27 liquidation check borrower 0xF5B68901FBbFEB33D76342b3530eFB27493Dc6d0 usd:6092.4312 for market cbETH/USDC 0x0ca10126f6c94cbd9cf0a48cc9516ae5e3dec5aa68303e6d988ee37c5149bf0d hf:0.9907 collateralAsset:4.1371 oraclePrice:1895291548000000000000000000
2026/06/05 06:14:27 liquidation check borrower 0x433D4C58A5865FB0F6521B3595652235468B899a usd:339.1071 for market cbETH/USDC 0x0ca10126f6c94cbd9cf0a48cc9516ae5e3dec5aa68303e6d988ee37c5149bf0d hf:0.9986 collateralAsset:0.2321 oraclePrice:1895291548000000000000000000
2026/06/05 06:14:27 [liq] simulation failed for 0xF5B68901FBbFEB33D76342b3530eFB27493Dc6d0: eth_call failed: dryRun: w3: 2 calls failed:
call[0]: execution reverted: inconsistent input
call[1]: execution reverted: inconsistent input
2026/06/05 06:14:28 [liq] simulation failed for 0x433D4C58A5865FB0F6521B3595652235468B899a: eth_call failed: dryRun: w3: 2 calls failed:
call[0]: execution reverted: inconsistent input
call[1]: execution reverted: inconsistent input
2026/06/05 06:14:28 latency:17ms cbETH/USDC Pos: 254 [1.0-1.1]: 22 [1.1-1.5]: 129 USD < 10pct from liq: 21465.9630 
2026/06/05 06:14:47 latency:13ms thBILL/USDC Pos: 69 [1.0-1.1]: 39 [1.1-1.5]: 22 USD < 10pct from liq: 10768.0001 
2026/06/05 06:16:08 latency:25ms cbETH/USDC Pos: 254 [1.0-1.1]: 23 [1.1-1.5]: 128 USD < 10pct from liq: 22301.2645 
2026/06/05 06:16:14 liquidation check borrower 0x6e0bdA0b06539Dc4B857896e23bAC1CDE10922Db usd:244.4626 for market cbETH/USDC 0x0ca10126f6c94cbd9cf0a48cc9516ae5e3dec5aa68303e6d988ee37c5149bf0d hf:0.9989 collateralAsset:0.1680 oraclePrice:1888401825000000000000000000
2026/06/05 06:16:14 [liq] simulation failed for 0x6e0bdA0b06539Dc4B857896e23bAC1CDE10922Db: eth_call failed: dryRun: w3: 2 calls failed:
call[0]: execution reverted: inconsistent input
call[1]: execution reverted: inconsistent input
2026/06/05 06:16:15 liquidation check borrower 0x6e0bdA0b06539Dc4B857896e23bAC1CDE10922Db usd:244.4626 for market cbETH/USDC 0x0ca10126f6c94cbd9cf0a48cc9516ae5e3dec5aa68303e6d988ee37c5149bf0d hf:0.9989 collateralAsset:0.1680 oraclePrice:1888401825000000000000000000
2026/06/05 06:16:15 [liq] simulation failed for 0x6e0bdA0b06539Dc4B857896e23bAC1CDE10922Db: eth_call failed: dryRun: w3: 2 calls failed:
call[0]: execution reverted: inconsistent input
call[1]: execution reverted: inconsistent input
2026/06/05 06:16:16 liquidation check borrower 0x6e0bdA0b06539Dc4B857896e23bAC1CDE10922Db usd:244.4626 for market cbETH/USDC 0x0ca10126f6c94cbd9cf0a48cc9516ae5e3dec5aa68303e6d988ee37c5149bf0d hf:0.9989 collateralAsset:0.1680 oraclePrice:1888401825000000000000000000
2026/06/05 06:16:16 [liq] simulation failed for 0x6e0bdA0b06539Dc4B857896e23bAC1CDE10922Db: eth_call failed: dryRun: w3: 2 calls failed:
call[0]: execution reverted: inconsistent input
call[1]: execution reverted: inconsistent input
2026/06/05 06:16:17 liquidation check borrower 0x6e0bdA0b06539Dc4B857896e23bAC1CDE10922Db usd:244.4626 for market cbETH/USDC 0x0ca10126f6c94cbd9cf0a48cc9516ae5e3dec5aa68303e6d988ee37c5149bf0d hf:0.9989 collateralAsset:0.1680 oraclePrice:1888401825000000000000000000
2026/06/05 06:16:18 [liq] simulation failed for 0x6e0bdA0b06539Dc4B857896e23bAC1CDE10922Db: eth_call failed: dryRun: w3: 2 calls failed:
call[0]: execution reverted: inconsistent input
call[1]: execution reverted: inconsistent input
2026/06/05 06:16:18 liquidation check borrower 0x6e0bdA0b06539Dc4B857896e23bAC1CDE10922Db usd:244.4626 for market cbETH/USDC 0x0ca10126f6c94cbd9cf0a48cc9516ae5e3dec5aa68303e6d988ee37c5149bf0d hf:0.9989 collateralAsset:0.1680 oraclePrice:1888401825000000000000000000
2026/06/05 06:16:18 [liq] simulation failed for 0x6e0bdA0b06539Dc4B857896e23bAC1CDE10922Db: eth_call failed: dryRun: w3: 2 calls failed:
call[0]: execution reverted: inconsistent input
call[1]: execution reverted: inconsistent input
2026/06/05 06:16:19 liquidation check borrower 0x6e0bdA0b06539Dc4B857896e23bAC1CDE10922Db usd:244.4626 for market cbETH/USDC 0x0ca10126f6c94cbd9cf0a48cc9516ae5e3dec5aa68303e6d988ee37c5149bf0d hf:0.9989 collateralAsset:0.1680 oraclePrice:1888401825000000000000000000
2026/06/05 06:16:19 [liq] simulation failed for 0x6e0bdA0b06539Dc4B857896e23bAC1CDE10922Db: eth_call failed: dryRun: w3: 2 calls failed:
call[0]: execution reverted: inconsistent input
call[1]: execution reverted: inconsistent input
2026/06/05 06:16:20 liquidation check borrower 0x6e0bdA0b06539Dc4B857896e23bAC1CDE10922Db usd:244.4626 for market cbETH/USDC 0x0ca10126f6c94cbd9cf0a48cc9516ae5e3dec5aa68303e6d988ee37c5149bf0d hf:0.9989 collateralAsset:0.1680 oraclePrice:1888401825000000000000000000
2026/06/05 06:16:21 [liq] simulation failed for 0x6e0bdA0b06539Dc4B857896e23bAC1CDE10922Db: eth_call failed: dryRun: w3: 2 calls failed:
call[0]: execution reverted: inconsistent input
call[1]: execution reverted: inconsistent input
2026/06/05 06:16:21 liquidation check borrower 0x6e0bdA0b06539Dc4B857896e23bAC1CDE10922Db usd:244.4626 for market cbETH/USDC 0x0ca10126f6c94cbd9cf0a48cc9516ae5e3dec5aa68303e6d988ee37c5149bf0d hf:0.9989 collateralAsset:0.1680 oraclePrice:1888401825000000000000000000
2026/06/05 06:16:21 [liq] simulation failed for 0x6e0bdA0b06539Dc4B857896e23bAC1CDE10922Db: eth_call failed: dryRun: w3: 2 calls failed:
call[0]: execution reverted: inconsistent input
call[1]: execution reverted: inconsistent input
2026/06/05 06:16:22 liquidation check borrower 0x6e0bdA0b06539Dc4B857896e23bAC1CDE10922Db usd:244.4626 for market cbETH/USDC 0x0ca10126f6c94cbd9cf0a48cc9516ae5e3dec5aa68303e6d988ee37c5149bf0d hf:0.9989 collateralAsset:0.1680 oraclePrice:1888401825000000000000000000
2026/06/05 06:16:22 [liq] simulation failed for 0x6e0bdA0b06539Dc4B857896e23bAC1CDE10922Db: eth_call failed: dryRun: w3: 2 calls failed:
call[0]: execution reverted: inconsistent input
call[1]: execution reverted: inconsistent input
2026/06/05 06:16:23 liquidation check borrower 0x6e0bdA0b06539Dc4B857896e23bAC1CDE10922Db usd:244.4626 for market cbETH/USDC 0x0ca10126f6c94cbd9cf0a48cc9516ae5e3dec5aa68303e6d988ee37c5149bf0d hf:0.9989 collateralAsset:0.1680 oraclePrice:1888401825000000000000000000
2026/06/05 06:16:23 [liq] simulation failed for 0x6e0bdA0b06539Dc4B857896e23bAC1CDE10922Db: eth_call failed: dryRun: w3: 2 calls failed:
call[0]: execution reverted: inconsistent input
call[1]: execution reverted: inconsistent input
2026/06/05 06:17:03 latency:13ms vbETH/vbUSDC Pos: 35 [1.0-1.1]: 2 [1.1-1.5]: 15 USD < 10pct from liq: 619.4077 
2026/06/05 06:19:18 latency:16ms cbETH/USDC Pos: 252 [1.0-1.1]: 22 [1.1-1.5]: 127 USD < 10pct from liq: 17900.2988 
2026/06/05 06:21:27 latency:14ms thBILL/USDC Pos: 69 [1.0-1.1]: 39 [1.1-1.5]: 22 USD < 10pct from liq: 10768.0001 
2026/06/05 06:23:25 liquidation check borrower 0x6ae9EEF910A819b4d1FeDb36f4701c418aeFF594 usd:609.2031 for market vbETH/vbUSDC 0x2fb14719030835b8e0a39a1461b384ad6a9c8392550197a7c857cf9fcbd6c534 hf:0.9971 collateralAsset:0.4296 oraclePrice:1643879262793936023322722523
2026/06/05 06:23:25 [liq] simulation failed for 0x6ae9EEF910A819b4d1FeDb36f4701c418aeFF594: eth_call failed: dryRun: w3: 2 calls failed:
call[0]: execution reverted
call[1]: execution reverted
2026/06/05 06:23:26 liquidation check borrower 0x6ae9EEF910A819b4d1FeDb36f4701c418aeFF594 usd:609.2031 for market vbETH/vbUSDC 0x2fb14719030835b8e0a39a1461b384ad6a9c8392550197a7c857cf9fcbd6c534 hf:0.9971 collateralAsset:0.4296 oraclePrice:1643879262793936023322722523
2026/06/05 06:23:26 [liq] simulation failed for 0x6ae9EEF910A819b4d1FeDb36f4701c418aeFF594: eth_call failed: dryRun: w3: 2 calls failed:
call[0]: execution reverted
call[1]: execution reverted
2026/06/05 06:23:27 liquidation check borrower 0x6ae9EEF910A819b4d1FeDb36f4701c418aeFF594 usd:609.2031 for market vbETH/vbUSDC 0x2fb14719030835b8e0a39a1461b384ad6a9c8392550197a7c857cf9fcbd6c534 hf:0.9971 collateralAsset:0.4296 oraclePrice:1643879262793936023322722523
2026/06/05 06:23:27 [liq] simulation failed for 0x6ae9EEF910A819b4d1FeDb36f4701c418aeFF594: eth_call failed: dryRun: w3: 2 calls failed:
call[0]: execution reverted
call[1]: execution reverted
2026/06/05 06:23:28 liquidation check borrower 0x6ae9EEF910A819b4d1FeDb36f4701c418aeFF594 usd:609.2031 for market vbETH/vbUSDC 0x2fb14719030835b8e0a39a1461b384ad6a9c8392550197a7c857cf9fcbd6c534 hf:0.9971 collateralAsset:0.4296 oraclePrice:1643879262793936023322722523
2026/06/05 06:23:28 [liq] simulation failed for 0x6ae9EEF910A819b4d1FeDb36f4701c418aeFF594: eth_call failed: dryRun: w3: 2 calls failed:
call[0]: execution reverted
call[1]: execution reverted
2026/06/05 06:23:29 liquidation check borrower 0x6ae9EEF910A819b4d1FeDb36f4701c418aeFF594 usd:609.2031 for market vbETH/vbUSDC 0x2fb14719030835b8e0a39a1461b384ad6a9c8392550197a7c857cf9fcbd6c534 hf:0.9971 collateralAsset:0.4296 oraclePrice:1643879262793936023322722523
2026/06/05 06:23:29 [liq] simulation failed for 0x6ae9EEF910A819b4d1FeDb36f4701c418aeFF594: eth_call failed: dryRun: w3: 2 calls failed:
call[0]: execution reverted
call[1]: execution reverted
2026/06/05 06:23:30 liquidation check borrower 0x6ae9EEF910A819b4d1FeDb36f4701c418aeFF594 usd:609.2031 for market vbETH/vbUSDC 0x2fb14719030835b8e0a39a1461b384ad6a9c8392550197a7c857cf9fcbd6c534 hf:0.9971 collateralAsset:0.4296 oraclePrice:1643879262793936023322722523
2026/06/05 06:23:30 [liq] simulation failed for 0x6ae9EEF910A819b4d1FeDb36f4701c418aeFF594: eth_call failed: dryRun: w3: 2 calls failed:
call[0]: execution reverted
call[1]: execution reverted
2026/06/05 06:23:31 liquidation check borrower 0x6ae9EEF910A819b4d1FeDb36f4701c418aeFF594 usd:609.2031 for market vbETH/vbUSDC 0x2fb14719030835b8e0a39a1461b384ad6a9c8392550197a7c857cf9fcbd6c534 hf:0.9971 collateralAsset:0.4296 oraclePrice:1643879262793936023322722523
2026/06/05 06:23:31 [liq] simulation failed for 0x6ae9EEF910A819b4d1FeDb36f4701c418aeFF594: eth_call failed: dryRun: w3: 2 calls failed:
call[0]: execution reverted
call[1]: execution reverted
2026/06/05 06:23:32 liquidation check borrower 0x6ae9EEF910A819b4d1FeDb36f4701c418aeFF594 usd:609.2031 for market vbETH/vbUSDC 0x2fb14719030835b8e0a39a1461b384ad6a9c8392550197a7c857cf9fcbd6c534 hf:0.9971 collateralAsset:0.4296 oraclePrice:1643879262793936023322722523
2026/06/05 06:23:32 [liq] simulation failed for 0x6ae9EEF910A819b4d1FeDb36f4701c418aeFF594: eth_call failed: dryRun: w3: 2 calls failed:
call[0]: execution reverted
call[1]: execution reverted
2026/06/05 06:23:33 liquidation check borrower 0x6ae9EEF910A819b4d1FeDb36f4701c418aeFF594 usd:609.2031 for market vbETH/vbUSDC 0x2fb14719030835b8e0a39a1461b384ad6a9c8392550197a7c857cf9fcbd6c534 hf:0.9971 collateralAsset:0.4296 oraclePrice:1643879262793936023322722523
2026/06/05 06:23:33 [liq] simulation failed for 0x6ae9EEF910A819b4d1FeDb36f4701c418aeFF594: eth_call failed: dryRun: w3: 2 calls failed:
call[0]: execution reverted
call[1]: execution reverted
2026/06/05 06:23:34 liquidation check borrower 0x6ae9EEF910A819b4d1FeDb36f4701c418aeFF594 usd:609.2031 for market vbETH/vbUSDC 0x2fb14719030835b8e0a39a1461b384ad6a9c8392550197a7c857cf9fcbd6c534 hf:0.9971 collateralAsset:0.4296 oraclePrice:1643879262793936023322722523
2026/06/05 06:23:34 [liq] simulation failed for 0x6ae9EEF910A819b4d1FeDb36f4701c418aeFF594: eth_call failed: dryRun: w3: 2 calls failed:
call[0]: execution reverted
call[1]: execution reverted
2026/06/05 06:23:46 latency:12ms vbETH/vbUSDC Pos: 35 [1.0-1.1]: 4 [1.1-1.5]: 13 USD < 10pct from liq: 6375.7289 
2026/06/05 06:24:45 liquidation check borrower 0xC3bE8c313a39fa30BBfB145400a97335bEbD9213 usd:152.5363 for market cbETH/USDC 0x0ca10126f6c94cbd9cf0a48cc9516ae5e3dec5aa68303e6d988ee37c5149bf0d hf:0.9931 collateralAsset:0.1067 oraclePrice:1844038474110000000000000000
2026/06/05 06:24:45 liquidation check borrower 0x068c44EfB176C9Ccdfb8B99B7F3063947ab6F7Cc usd:175.1123 for market cbETH/USDC 0x0ca10126f6c94cbd9cf0a48cc9516ae5e3dec5aa68303e6d988ee37c5149bf0d hf:0.9968 collateralAsset:0.1230 oraclePrice:1844038474110000000000000000
2026/06/05 06:24:45 liquidation check borrower 0x441d731ae3942028DD44C23794b560fdf9D3579b usd:115.8964 for market cbETH/USDC 0x0ca10126f6c94cbd9cf0a48cc9516ae5e3dec5aa68303e6d988ee37c5149bf0d hf:0.9988 collateralAsset:0.0815 oraclePrice:1844038474110000000000000000
2026/06/05 06:24:45 [liq] simulation failed for 0xC3bE8c313a39fa30BBfB145400a97335bEbD9213: eth_call failed: dryRun: w3: 2 calls failed:
call[0]: execution reverted: inconsistent input
call[1]: execution reverted: inconsistent input
2026/06/05 06:24:45 [liq] simulation failed for 0x068c44EfB176C9Ccdfb8B99B7F3063947ab6F7Cc: eth_call failed: dryRun: w3: 2 calls failed:
call[0]: execution reverted: inconsistent input
call[1]: execution reverted: inconsistent input
2026/06/05 06:24:45 [liq] simulation failed for 0x441d731ae3942028DD44C23794b560fdf9D3579b: eth_call failed: dryRun: w3: 2 calls failed:
call[0]: execution reverted: inconsistent input
call[1]: execution reverted: inconsistent input
2026/06/05 06:24:46 liquidation check borrower 0xC3bE8c313a39fa30BBfB145400a97335bEbD9213 usd:152.5363 for market cbETH/USDC 0x0ca10126f6c94cbd9cf0a48cc9516ae5e3dec5aa68303e6d988ee37c5149bf0d hf:0.9931 collateralAsset:0.1067 oraclePrice:1844038474110000000000000000
2026/06/05 06:24:46 liquidation check borrower 0x068c44EfB176C9Ccdfb8B99B7F3063947ab6F7Cc usd:175.1123 for market cbETH/USDC 0x0ca10126f6c94cbd9cf0a48cc9516ae5e3dec5aa68303e6d988ee37c5149bf0d hf:0.9968 collateralAsset:0.1230 oraclePrice:1844038474110000000000000000
2026/06/05 06:24:46 liquidation check borrower 0x441d731ae3942028DD44C23794b560fdf9D3579b usd:115.8964 for market cbETH/USDC 0x0ca10126f6c94cbd9cf0a48cc9516ae5e3dec5aa68303e6d988ee37c5149bf0d hf:0.9988 collateralAsset:0.0815 oraclePrice:1844038474110000000000000000
2026/06/05 06:24:46 [liq] simulation failed for 0xC3bE8c313a39fa30BBfB145400a97335bEbD9213: eth_call failed: dryRun: w3: 2 calls failed:
call[0]: execution reverted: inconsistent input
call[1]: execution reverted: inconsistent input
2026/06/05 06:24:46 [liq] simulation failed for 0x068c44EfB176C9Ccdfb8B99B7F3063947ab6F7Cc: eth_call failed: dryRun: w3: 2 calls failed:
call[0]: execution reverted: inconsistent input
call[1]: execution reverted: inconsistent input
2026/06/05 06:24:46 [liq] simulation failed for 0x441d731ae3942028DD44C23794b560fdf9D3579b: eth_call failed: dryRun: w3: 2 calls failed:
call[0]: execution reverted: inconsistent input
call[1]: execution reverted: inconsistent input
2026/06/05 06:24:47 liquidation check borrower 0xC3bE8c313a39fa30BBfB145400a97335bEbD9213 usd:152.5363 for market cbETH/USDC 0x0ca10126f6c94cbd9cf0a48cc9516ae5e3dec5aa68303e6d988ee37c5149bf0d hf:0.9931 collateralAsset:0.1067 oraclePrice:1844038474110000000000000000
2026/06/05 06:24:47 liquidation check borrower 0x068c44EfB176C9Ccdfb8B99B7F3063947ab6F7Cc usd:175.1123 for market cbETH/USDC 0x0ca10126f6c94cbd9cf0a48cc9516ae5e3dec5aa68303e6d988ee37c5149bf0d hf:0.9968 collateralAsset:0.1230 oraclePrice:1844038474110000000000000000
2026/06/05 06:24:47 liquidation check borrower 0x441d731ae3942028DD44C23794b560fdf9D3579b usd:115.8964 for market cbETH/USDC 0x0ca10126f6c94cbd9cf0a48cc9516ae5e3dec5aa68303e6d988ee37c5149bf0d hf:0.9988 collateralAsset:0.0815 oraclePrice:1844038474110000000000000000
2026/06/05 06:24:47 [liq] simulation failed for 0xC3bE8c313a39fa30BBfB145400a97335bEbD9213: eth_call failed: dryRun: w3: 2 calls failed:
call[0]: execution reverted: inconsistent input
call[1]: execution reverted: inconsistent input
2026/06/05 06:24:47 [liq] simulation failed for 0x068c44EfB176C9Ccdfb8B99B7F3063947ab6F7Cc: eth_call failed: dryRun: w3: 2 calls failed:
call[0]: execution reverted: inconsistent input
call[1]: execution reverted: inconsistent input
2026/06/05 06:24:47 [liq] simulation failed for 0x441d731ae3942028DD44C23794b560fdf9D3579b: eth_call failed: dryRun: w3: 2 calls failed:
call[0]: execution reverted: inconsistent input
call[1]: execution reverted: inconsistent input
2026/06/05 06:24:48 liquidation check borrower 0xC3bE8c313a39fa30BBfB145400a97335bEbD9213 usd:152.5363 for market cbETH/USDC 0x0ca10126f6c94cbd9cf0a48cc9516ae5e3dec5aa68303e6d988ee37c5149bf0d hf:0.9931 collateralAsset:0.1067 oraclePrice:1844038474110000000000000000
2026/06/05 06:24:48 liquidation check borrower 0x068c44EfB176C9Ccdfb8B99B7F3063947ab6F7Cc usd:175.1123 for market cbETH/USDC 0x0ca10126f6c94cbd9cf0a48cc9516ae5e3dec5aa68303e6d988ee37c5149bf0d hf:0.9968 collateralAsset:0.1230 oraclePrice:1844038474110000000000000000
2026/06/05 06:24:48 liquidation check borrower 0x441d731ae3942028DD44C23794b560fdf9D3579b usd:115.8964 for market cbETH/USDC 0x0ca10126f6c94cbd9cf0a48cc9516ae5e3dec5aa68303e6d988ee37c5149bf0d hf:0.9988 collateralAsset:0.0815 oraclePrice:1844038474110000000000000000
2026/06/05 06:24:48 [liq] simulation failed for 0xC3bE8c313a39fa30BBfB145400a97335bEbD9213: eth_call failed: dryRun: w3: 2 calls failed:
call[0]: execution reverted: inconsistent input
call[1]: execution reverted: inconsistent input
2026/06/05 06:24:48 [liq] simulation failed for 0x068c44EfB176C9Ccdfb8B99B7F3063947ab6F7Cc: eth_call failed: dryRun: w3: 2 calls failed:
call[0]: execution reverted: inconsistent input
call[1]: execution reverted: inconsistent input
2026/06/05 06:24:48 [liq] simulation failed for 0x441d731ae3942028DD44C23794b560fdf9D3579b: eth_call failed: dryRun: w3: 2 calls failed:
call[0]: execution reverted: inconsistent input
call[1]: execution reverted: inconsistent input
2026/06/05 06:24:49 liquidation check borrower 0xC3bE8c313a39fa30BBfB145400a97335bEbD9213 usd:152.5363 for market cbETH/USDC 0x0ca10126f6c94cbd9cf0a48cc9516ae5e3dec5aa68303e6d988ee37c5149bf0d hf:0.9931 collateralAsset:0.1067 oraclePrice:1844038474110000000000000000
2026/06/05 06:24:49 liquidation check borrower 0x068c44EfB176C9Ccdfb8B99B7F3063947ab6F7Cc usd:175.1123 for market cbETH/USDC 0x0ca10126f6c94cbd9cf0a48cc9516ae5e3dec5aa68303e6d988ee37c5149bf0d hf:0.9968 collateralAsset:0.1230 oraclePrice:1844038474110000000000000000
2026/06/05 06:24:49 liquidation check borrower 0x441d731ae3942028DD44C23794b560fdf9D3579b usd:115.8964 for market cbETH/USDC 0x0ca10126f6c94cbd9cf0a48cc9516ae5e3dec5aa68303e6d988ee37c5149bf0d hf:0.9988 collateralAsset:0.0815 oraclePrice:1844038474110000000000000000
2026/06/05 06:24:49 [liq] simulation failed for 0xC3bE8c313a39fa30BBfB145400a97335bEbD9213: eth_call failed: dryRun: w3: 2 calls failed:
call[0]: execution reverted: inconsistent input
call[1]: execution reverted: inconsistent input
2026/06/05 06:24:49 [liq] simulation failed for 0x068c44EfB176C9Ccdfb8B99B7F3063947ab6F7Cc: eth_call failed: dryRun: w3: 2 calls failed:
call[0]: execution reverted: inconsistent input
call[1]: execution reverted: inconsistent input
2026/06/05 06:24:49 [liq] simulation failed for 0x441d731ae3942028DD44C23794b560fdf9D3579b: eth_call failed: dryRun: w3: 2 calls failed:
call[0]: execution reverted: inconsistent input
call[1]: execution reverted: inconsistent input
2026/06/05 06:24:50 liquidation check borrower 0xC3bE8c313a39fa30BBfB145400a97335bEbD9213 usd:152.5363 for market cbETH/USDC 0x0ca10126f6c94cbd9cf0a48cc9516ae5e3dec5aa68303e6d988ee37c5149bf0d hf:0.9931 collateralAsset:0.1067 oraclePrice:1844038474110000000000000000
2026/06/05 06:24:50 liquidation check borrower 0x068c44EfB176C9Ccdfb8B99B7F3063947ab6F7Cc usd:175.1123 for market cbETH/USDC 0x0ca10126f6c94cbd9cf0a48cc9516ae5e3dec5aa68303e6d988ee37c5149bf0d hf:0.9968 collateralAsset:0.1230 oraclePrice:1844038474110000000000000000
2026/06/05 06:24:50 liquidation check borrower 0x441d731ae3942028DD44C23794b560fdf9D3579b usd:115.8964 for market cbETH/USDC 0x0ca10126f6c94cbd9cf0a48cc9516ae5e3dec5aa68303e6d988ee37c5149bf0d hf:0.9988 collateralAsset:0.0815 oraclePrice:1844038474110000000000000000
2026/06/05 06:24:50 [liq] simulation failed for 0xC3bE8c313a39fa30BBfB145400a97335bEbD9213: eth_call failed: dryRun: w3: 2 calls failed:
call[0]: execution reverted: inconsistent input
call[1]: execution reverted: inconsistent input
2026/06/05 06:24:50 [liq] simulation failed for 0x068c44EfB176C9Ccdfb8B99B7F3063947ab6F7Cc: eth_call failed: dryRun: w3: 2 calls failed:
call[0]: execution reverted: inconsistent input
call[1]: execution reverted: inconsistent input
2026/06/05 06:24:50 [liq] simulation failed for 0x441d731ae3942028DD44C23794b560fdf9D3579b: eth_call failed: dryRun: w3: 2 calls failed:
call[0]: execution reverted: inconsistent input
call[1]: execution reverted: inconsistent input
2026/06/05 06:24:51 liquidation check borrower 0xC3bE8c313a39fa30BBfB145400a97335bEbD9213 usd:152.5363 for market cbETH/USDC 0x0ca10126f6c94cbd9cf0a48cc9516ae5e3dec5aa68303e6d988ee37c5149bf0d hf:0.9931 collateralAsset:0.1067 oraclePrice:1844038474110000000000000000
2026/06/05 06:24:51 liquidation check borrower 0x068c44EfB176C9Ccdfb8B99B7F3063947ab6F7Cc usd:175.1123 for market cbETH/USDC 0x0ca10126f6c94cbd9cf0a48cc9516ae5e3dec5aa68303e6d988ee37c5149bf0d hf:0.9968 collateralAsset:0.1230 oraclePrice:1844038474110000000000000000
2026/06/05 06:24:51 liquidation check borrower 0x441d731ae3942028DD44C23794b560fdf9D3579b usd:115.8964 for market cbETH/USDC 0x0ca10126f6c94cbd9cf0a48cc9516ae5e3dec5aa68303e6d988ee37c5149bf0d hf:0.9988 collateralAsset:0.0815 oraclePrice:1844038474110000000000000000
2026/06/05 06:24:51 [liq] simulation failed for 0xC3bE8c313a39fa30BBfB145400a97335bEbD9213: eth_call failed: dryRun: w3: 2 calls failed:
call[0]: execution reverted: inconsistent input
call[1]: execution reverted: inconsistent input
2026/06/05 06:24:51 [liq] simulation failed for 0x068c44EfB176C9Ccdfb8B99B7F3063947ab6F7Cc: eth_call failed: dryRun: w3: 2 calls failed:
call[0]: execution reverted: inconsistent input
call[1]: execution reverted: inconsistent input
2026/06/05 06:24:51 [liq] simulation failed for 0x441d731ae3942028DD44C23794b560fdf9D3579b: eth_call failed: dryRun: w3: 2 calls failed:
call[0]: execution reverted: inconsistent input
call[1]: execution reverted: inconsistent input
2026/06/05 06:24:52 liquidation check borrower 0xC3bE8c313a39fa30BBfB145400a97335bEbD9213 usd:152.5363 for market cbETH/USDC 0x0ca10126f6c94cbd9cf0a48cc9516ae5e3dec5aa68303e6d988ee37c5149bf0d hf:0.9931 collateralAsset:0.1067 oraclePrice:1844038474110000000000000000
2026/06/05 06:24:52 liquidation check borrower 0x068c44EfB176C9Ccdfb8B99B7F3063947ab6F7Cc usd:175.1123 for market cbETH/USDC 0x0ca10126f6c94cbd9cf0a48cc9516ae5e3dec5aa68303e6d988ee37c5149bf0d hf:0.9968 collateralAsset:0.1230 oraclePrice:1844038474110000000000000000
2026/06/05 06:24:52 liquidation check borrower 0x441d731ae3942028DD44C23794b560fdf9D3579b usd:115.8964 for market cbETH/USDC 0x0ca10126f6c94cbd9cf0a48cc9516ae5e3dec5aa68303e6d988ee37c5149bf0d hf:0.9988 collateralAsset:0.0815 oraclePrice:1844038474110000000000000000
2026/06/05 06:24:52 [liq] simulation failed for 0xC3bE8c313a39fa30BBfB145400a97335bEbD9213: eth_call failed: dryRun: w3: 2 calls failed:
call[0]: execution reverted: inconsistent input
call[1]: execution reverted: inconsistent input
2026/06/05 06:24:52 [liq] simulation failed for 0x068c44EfB176C9Ccdfb8B99B7F3063947ab6F7Cc: eth_call failed: dryRun: w3: 2 calls failed:
call[0]: execution reverted: inconsistent input
call[1]: execution reverted: inconsistent input
2026/06/05 06:24:52 [liq] simulation failed for 0x441d731ae3942028DD44C23794b560fdf9D3579b: eth_call failed: dryRun: w3: 2 calls failed:
call[0]: execution reverted: inconsistent input
call[1]: execution reverted: inconsistent input
2026/06/05 06:24:53 liquidation check borrower 0xC3bE8c313a39fa30BBfB145400a97335bEbD9213 usd:152.5363 for market cbETH/USDC 0x0ca10126f6c94cbd9cf0a48cc9516ae5e3dec5aa68303e6d988ee37c5149bf0d hf:0.9931 collateralAsset:0.1067 oraclePrice:1844038474110000000000000000
2026/06/05 06:24:53 liquidation check borrower 0x068c44EfB176C9Ccdfb8B99B7F3063947ab6F7Cc usd:175.1123 for market cbETH/USDC 0x0ca10126f6c94cbd9cf0a48cc9516ae5e3dec5aa68303e6d988ee37c5149bf0d hf:0.9968 collateralAsset:0.1230 oraclePrice:1844038474110000000000000000
2026/06/05 06:24:53 liquidation check borrower 0x441d731ae3942028DD44C23794b560fdf9D3579b usd:115.8964 for market cbETH/USDC 0x0ca10126f6c94cbd9cf0a48cc9516ae5e3dec5aa68303e6d988ee37c5149bf0d hf:0.9988 collateralAsset:0.0815 oraclePrice:1844038474110000000000000000
2026/06/05 06:24:53 [liq] simulation failed for 0xC3bE8c313a39fa30BBfB145400a97335bEbD9213: eth_call failed: dryRun: w3: 2 calls failed:
call[0]: execution reverted: inconsistent input
call[1]: execution reverted: inconsistent input
2026/06/05 06:24:53 [liq] simulation failed for 0x068c44EfB176C9Ccdfb8B99B7F3063947ab6F7Cc: eth_call failed: dryRun: w3: 2 calls failed:
call[0]: execution reverted: inconsistent input
call[1]: execution reverted: inconsistent input
2026/06/05 06:24:53 [liq] simulation failed for 0x441d731ae3942028DD44C23794b560fdf9D3579b: eth_call failed: dryRun: w3: 2 calls failed:
call[0]: execution reverted: inconsistent input
call[1]: execution reverted: inconsistent input
2026/06/05 06:24:54 liquidation check borrower 0xC3bE8c313a39fa30BBfB145400a97335bEbD9213 usd:152.5363 for market cbETH/USDC 0x0ca10126f6c94cbd9cf0a48cc9516ae5e3dec5aa68303e6d988ee37c5149bf0d hf:0.9931 collateralAsset:0.1067 oraclePrice:1844038474110000000000000000
2026/06/05 06:24:54 liquidation check borrower 0x068c44EfB176C9Ccdfb8B99B7F3063947ab6F7Cc usd:175.1123 for market cbETH/USDC 0x0ca10126f6c94cbd9cf0a48cc9516ae5e3dec5aa68303e6d988ee37c5149bf0d hf:0.9968 collateralAsset:0.1230 oraclePrice:1844038474110000000000000000
2026/06/05 06:24:54 liquidation check borrower 0x441d731ae3942028DD44C23794b560fdf9D3579b usd:115.8964 for market cbETH/USDC 0x0ca10126f6c94cbd9cf0a48cc9516ae5e3dec5aa68303e6d988ee37c5149bf0d hf:0.9988 collateralAsset:0.0815 oraclePrice:1844038474110000000000000000
2026/06/05 06:24:54 [liq] simulation failed for 0xC3bE8c313a39fa30BBfB145400a97335bEbD9213: eth_call failed: dryRun: w3: 2 calls failed:
call[0]: execution reverted: inconsistent input
call[1]: execution reverted: inconsistent input
2026/06/05 06:24:54 [liq] simulation failed for 0x068c44EfB176C9Ccdfb8B99B7F3063947ab6F7Cc: eth_call failed: dryRun: w3: 2 calls failed:
call[0]: execution reverted: inconsistent input
call[1]: execution reverted: inconsistent input
2026/06/05 06:24:54 [liq] simulation failed for 0x441d731ae3942028DD44C23794b560fdf9D3579b: eth_call failed: dryRun: w3: 2 calls failed:
call[0]: execution reverted: inconsistent input
call[1]: execution reverted: inconsistent input
2026/06/05 06:25:15 latency:19ms cbETH/USDC Pos: 252 [1.0-1.1]: 30 [1.1-1.5]: 125 USD < 10pct from liq: 34834.5536 
2026/06/05 06:25:26 latency:11ms vbETH/vbUSDC Pos: 35 [1.0-1.1]: 4 [1.1-1.5]: 13 USD < 10pct from liq: 6375.7289 
2026/06/05 06:26:55 latency:18ms cbETH/USDC Pos: 252 [1.0-1.1]: 30 [1.1-1.5]: 125 USD < 10pct from liq: 34834.5536 
2026/06/05 06:27:06 latency:13ms vbETH/vbUSDC Pos: 35 [1.0-1.1]: 4 [1.1-1.5]: 13 USD < 10pct from liq: 6375.7289 
2026/06/05 06:28:07 latency:13ms thBILL/USDC Pos: 69 [1.0-1.1]: 39 [1.1-1.5]: 22 USD < 10pct from liq: 10768.0001 
2026/06/05 06:28:46 latency:16ms vbETH/vbUSDC Pos: 35 [1.0-1.1]: 3 [1.1-1.5]: 14 USD < 10pct from liq: 5087.0233 
2026/06/05 06:28:56 latency:15ms cbETH/USDC Pos: 252 [1.0-1.1]: 25 [1.1-1.5]: 128 USD < 10pct from liq: 24322.8069 
2026/06/05 06:29:19 latency:20ms LBTC/cbBTC Pos: 8 [1.0-1.1]: 3 [1.1-1.5]: 3 USD < 10pct from liq: 1420.7500 
2026/06/05 06:30:26 latency:96ms vbETH/vbUSDC Pos: 35 [1.0-1.1]: 4 [1.1-1.5]: 13 USD < 10pct from liq: 6375.7289 
2026/06/05 06:31:00 latency:18ms cbETH/USDC Pos: 252 [1.0-1.1]: 26 [1.1-1.5]: 127 USD < 10pct from liq: 33513.7783 
2026/06/05 06:32:06 latency:24ms vbETH/vbUSDC Pos: 35 [1.0-1.1]: 4 [1.1-1.5]: 13 USD < 10pct from liq: 6375.7289 
2026/06/05 06:33:46 latency:15ms vbETH/vbUSDC Pos: 35 [1.0-1.1]: 3 [1.1-1.5]: 14 USD < 10pct from liq: 5087.0233 
2026/06/05 06:34:28 latency:120ms cbETH/USDC Pos: 252 [1.0-1.1]: 22 [1.1-1.5]: 130 USD < 10pct from liq: 17900.2988 
2026/06/05 06:34:47 latency:10ms thBILL/USDC Pos: 69 [1.0-1.1]: 39 [1.1-1.5]: 22 USD < 10pct from liq: 10768.0001 
2026/06/05 06:35:26 latency:21ms vbETH/vbUSDC Pos: 35 [1.0-1.1]: 3 [1.1-1.5]: 14 USD < 10pct from liq: 5087.0233 
2026/06/05 06:37:06 latency:13ms vbETH/vbUSDC Pos: 35 [1.0-1.1]: 3 [1.1-1.5]: 14 USD < 10pct from liq: 5087.0233 
2026/06/05 06:38:44 latency:13ms cbETH/USDC Pos: 252 [1.0-1.1]: 25 [1.1-1.5]: 128 USD < 10pct from liq: 24322.8069 
2026/06/05 06:38:46 latency:12ms vbETH/vbUSDC Pos: 35 [1.0-1.1]: 3 [1.1-1.5]: 14 USD < 10pct from liq: 5087.0233 
2026/06/05 06:40:26 latency:15ms vbETH/vbUSDC Pos: 35 [1.0-1.1]: 3 [1.1-1.5]: 14 USD < 10pct from liq: 5087.0233 
2026/06/05 06:41:27 latency:11ms thBILL/USDC Pos: 69 [1.0-1.1]: 39 [1.1-1.5]: 22 USD < 10pct from liq: 10768.0001 
2026/06/05 06:42:06 latency:16ms vbETH/vbUSDC Pos: 35 [1.0-1.1]: 3 [1.1-1.5]: 14 USD < 10pct from liq: 5087.0233 
2026/06/05 06:43:46 latency:14ms vbETH/vbUSDC Pos: 35 [1.0-1.1]: 3 [1.1-1.5]: 14 USD < 10pct from liq: 5087.0233 
2026/06/05 06:44:18 latency:26ms cbETH/USDC Pos: 252 [1.0-1.1]: 22 [1.1-1.5]: 129 USD < 10pct from liq: 17900.2988 
2026/06/05 06:45:59 latency:14ms LBTC/cbBTC Pos: 8 [1.0-1.1]: 3 [1.1-1.5]: 3 USD < 10pct from liq: 1420.7500 
2026/06/05 06:48:08 latency:18ms vbETH/vbUSDC Pos: 35 [1.0-1.1]: 2 [1.1-1.5]: 15 USD < 10pct from liq: 619.4077 
2026/06/05 06:54:18 latency:17ms cbETH/USDC Pos: 72 [1.0-1.1]: 5 [1.1-1.5]: 35 USD < 10pct from liq: 13680.8110 
2026/06/05 06:54:48 latency:13ms vbETH/vbUSDC Pos: 35 [1.0-1.1]: 2 [1.1-1.5]: 15 USD < 10pct from liq: 619.4077 
2026/06/05 07:01:28 latency:13ms vbETH/vbUSDC Pos: 35 [1.0-1.1]: 2 [1.1-1.5]: 15 USD < 10pct from liq: 619.4077 
2026/06/05 07:02:39 latency:28ms LBTC/cbBTC Pos: 8 [1.0-1.1]: 3 [1.1-1.5]: 3 USD < 10pct from liq: 1406.7972 
2026/06/05 07:03:50 latency:23ms vbETH/vbUSDC Pos: 35 [1.0-1.1]: 3 [1.1-1.5]: 14 USD < 10pct from liq: 5087.0233 
2026/06/05 07:04:28 latency:47ms WETH/USDC Pos: 3508 [1.0-1.1]: 327 [1.1-1.5]: 2055 USD < 10pct from liq: 858647.3938 
2026/06/05 07:05:30 latency:17ms vbETH/vbUSDC Pos: 35 [1.0-1.1]: 3 [1.1-1.5]: 14 USD < 10pct from liq: 5087.0233 
2026/06/05 07:07:10 latency:13ms vbETH/vbUSDC Pos: 35 [1.0-1.1]: 4 [1.1-1.5]: 13 USD < 10pct from liq: 6375.7289 
2026/06/05 07:08:34 latency:14ms cbETH/USDC Pos: 72 [1.0-1.1]: 7 [1.1-1.5]: 33 USD < 10pct from liq: 13833.1372 
2026/06/05 07:08:44 latency:49ms cbBTC/USDC Pos: 12997 [1.0-1.1]: 1300 [1.1-1.5]: 6979 USD < 10pct from liq: 2468379.6130 
2026/06/05 07:08:50 latency:17ms vbETH/vbUSDC Pos: 35 [1.0-1.1]: 4 [1.1-1.5]: 13 USD < 10pct from liq: 6375.7289 
2026/06/05 07:10:30 latency:22ms vbETH/vbUSDC Pos: 35 [1.0-1.1]: 4 [1.1-1.5]: 13 USD < 10pct from liq: 6375.7289 
2026/06/05 07:12:10 latency:12ms vbETH/vbUSDC Pos: 35 [1.0-1.1]: 4 [1.1-1.5]: 13 USD < 10pct from liq: 6375.7289 
2026/06/05 07:12:40 latency:23ms WETH/USDC Pos: 3508 [1.0-1.1]: 350 [1.1-1.5]: 2067 USD < 10pct from liq: 891691.4755 
2026/06/05 07:12:50 latency:68ms cbBTC/USDC Pos: 12997 [1.0-1.1]: 1311 [1.1-1.5]: 6975 USD < 10pct from liq: 2484444.7912 
2026/06/05 07:13:50 latency:15ms vbETH/vbUSDC Pos: 35 [1.0-1.1]: 4 [1.1-1.5]: 13 USD < 10pct from liq: 6375.7289 
2026/06/05 07:15:01 latency:15ms cbETH/USDC Pos: 72 [1.0-1.1]: 7 [1.1-1.5]: 33 USD < 10pct from liq: 13833.1372 
2026/06/05 07:15:30 latency:19ms vbETH/vbUSDC Pos: 35 [1.0-1.1]: 4 [1.1-1.5]: 13 USD < 10pct from liq: 6375.7289 
2026/06/05 07:16:40 latency:51ms cbBTC/USDC Pos: 12997 [1.0-1.1]: 1285 [1.1-1.5]: 6976 USD < 10pct from liq: 2444457.2023 
2026/06/05 07:17:10 latency:12ms vbETH/vbUSDC Pos: 35 [1.0-1.1]: 4 [1.1-1.5]: 13 USD < 10pct from liq: 6375.7289 
2026/06/05 07:18:50 latency:24ms vbETH/vbUSDC Pos: 35 [1.0-1.1]: 3 [1.1-1.5]: 14 USD < 10pct from liq: 5087.0233 
2026/06/05 07:19:19 latency:14ms LBTC/cbBTC Pos: 8 [1.0-1.1]: 3 [1.1-1.5]: 3 USD < 10pct from liq: 1403.5966 
2026/06/05 07:20:03 latency:12ms WBTC/USDT0 Pos: 81 [1.0-1.1]: 2 [1.1-1.5]: 27 USD < 10pct from liq: 7825.4502 
2026/06/05 07:20:03 latency:22ms WBTC/USDC Pos: 113 [1.0-1.1]: 7 [1.1-1.5]: 40 USD < 10pct from liq: 8815.6467 
2026/06/05 07:20:30 latency:16ms vbETH/vbUSDC Pos: 35 [1.0-1.1]: 3 [1.1-1.5]: 14 USD < 10pct from liq: 5087.0233 
2026/06/05 07:22:10 latency:18ms vbETH/vbUSDC Pos: 35 [1.0-1.1]: 3 [1.1-1.5]: 14 USD < 10pct from liq: 5087.0233 
2026/06/05 07:23:50 latency:15ms vbETH/vbUSDC Pos: 35 [1.0-1.1]: 3 [1.1-1.5]: 14 USD < 10pct from liq: 5087.0233 
2026/06/05 07:25:30 latency:20ms vbETH/vbUSDC Pos: 35 [1.0-1.1]: 3 [1.1-1.5]: 14 USD < 10pct from liq: 5087.0233 
2026/06/05 07:25:47 latency:15ms cbETH/USDC Pos: 72 [1.0-1.1]: 5 [1.1-1.5]: 35 USD < 10pct from liq: 13678.5198 
2026/06/05 07:26:19 [connector] subscription error: subscription queue overflow — reconnecting
2026/06/05 07:26:19 [connector] reconnecting WS to wss://base-mainnet.g.alchemy.com/v2/Mlxp8XP1CTinPlLxCV96f
2026/06/05 07:26:19 [connector] WS reconnected
2026/06/05 07:26:19 [connector] subscribed to logs
2026/06/05 07:27:10 latency:12ms vbETH/vbUSDC Pos: 35 [1.0-1.1]: 3 [1.1-1.5]: 14 USD < 10pct from liq: 5087.0233 
2026/06/05 07:31:41 latency:19ms vbETH/vbUSDC Pos: 35 [1.0-1.1]: 2 [1.1-1.5]: 15 USD < 10pct from liq: 619.4077 
2026/06/05 07:35:59 latency:18ms LBTC/cbBTC Pos: 8 [1.0-1.1]: 3 [1.1-1.5]: 3 USD < 10pct from liq: 1403.5966 
2026/06/05 07:38:21 latency:12ms vbETH/vbUSDC Pos: 35 [1.0-1.1]: 2 [1.1-1.5]: 15 USD < 10pct from liq: 619.4077 
2026/06/05 07:52:39 latency:16ms LBTC/cbBTC Pos: 8 [1.0-1.1]: 3 [1.1-1.5]: 3 USD < 10pct from liq: 1425.4130 
2026/06/05 07:54:07 latency:12ms vbETH/vbUSDC Pos: 35 [1.0-1.1]: 2 [1.1-1.5]: 15 USD < 10pct from liq: 619.4077 
2026/06/05 08:09:19 latency:34ms LBTC/cbBTC Pos: 8 [1.0-1.1]: 3 [1.1-1.5]: 3 USD < 10pct from liq: 1425.4130 
2026/06/05 08:10:47 latency:11ms vbETH/vbUSDC Pos: 35 [1.0-1.1]: 2 [1.1-1.5]: 15 USD < 10pct from liq: 619.4077 
2026/06/05 08:25:59 latency:19ms LBTC/cbBTC Pos: 8 [1.0-1.1]: 3 [1.1-1.5]: 3 USD < 10pct from liq: 1434.1887 
2026/06/05 08:27:27 latency:11ms vbETH/vbUSDC Pos: 35 [1.0-1.1]: 2 [1.1-1.5]: 15 USD < 10pct from liq: 619.4077 
2026/06/05 08:42:39 latency:11ms LBTC/cbBTC Pos: 8 [1.0-1.1]: 3 [1.1-1.5]: 3 USD < 10pct from liq: 1434.1887 
2026/06/05 08:44:07 latency:14ms vbETH/vbUSDC Pos: 35 [1.0-1.1]: 2 [1.1-1.5]: 15 USD < 10pct from liq: 619.4077 
2026/06/05 08:46:43 latency:15ms wstETH/USDC Pos: 89 [1.0-1.1]: 2 [1.1-1.5]: 54 USD < 10pct from liq: 3586.0251 
2026/06/05 08:47:31 latency:20ms thBILL/USDC Pos: 69 [1.0-1.1]: 39 [1.1-1.5]: 22 USD < 10pct from liq: 10766.4748 
2026/06/05 08:54:11 latency:12ms thBILL/USDC Pos: 69 [1.0-1.1]: 39 [1.1-1.5]: 22 USD < 10pct from liq: 10766.4748 
2026/06/05 08:59:19 latency:31ms LBTC/cbBTC Pos: 8 [1.0-1.1]: 3 [1.1-1.5]: 3 USD < 10pct from liq: 1427.6695 
2026/06/05 09:00:47 latency:18ms vbETH/vbUSDC Pos: 35 [1.0-1.1]: 2 [1.1-1.5]: 15 USD < 10pct from liq: 619.4077 
2026/06/05 09:00:51 latency:13ms thBILL/USDC Pos: 69 [1.0-1.1]: 39 [1.1-1.5]: 22 USD < 10pct from liq: 10766.4748 
2026/06/05 09:07:31 latency:16ms thBILL/USDC Pos: 69 [1.0-1.1]: 39 [1.1-1.5]: 22 USD < 10pct from liq: 10766.4748 
2026/06/05 09:15:59 latency:26ms LBTC/cbBTC Pos: 8 [1.0-1.1]: 3 [1.1-1.5]: 3 USD < 10pct from liq: 1427.6695 
2026/06/05 09:20:58 latency:15ms LBTC/cbBTC Pos: 48 [1.0-1.1]: 25 [1.1-1.5]: 21 USD < 10pct from liq: 21980.3069 
2026/06/05 09:21:43 latency:39ms WETH/USDC Pos: 37 [1.0-1.1]: 1 [1.1-1.5]: 18 USD < 10pct from liq: 6248.7883 
2026/06/05 09:25:37 latency:20ms vbETH/vbUSDC Pos: 35 [1.0-1.1]: 2 [1.1-1.5]: 15 USD < 10pct from liq: 619.4077 
2026/06/05 09:27:27 latency:12ms thBILL/USDC Pos: 69 [1.0-1.1]: 39 [1.1-1.5]: 22 USD < 10pct from liq: 10767.4222 
2026/06/05 09:32:39 latency:28ms LBTC/cbBTC Pos: 8 [1.0-1.1]: 3 [1.1-1.5]: 3 USD < 10pct from liq: 1426.3013 
2026/06/05 09:34:07 latency:12ms thBILL/USDC Pos: 69 [1.0-1.1]: 39 [1.1-1.5]: 22 USD < 10pct from liq: 10767.4222 
2026/06/05 09:40:47 latency:12ms thBILL/USDC Pos: 69 [1.0-1.1]: 39 [1.1-1.5]: 22 USD < 10pct from liq: 10767.4222 
2026/06/05 09:42:17 latency:12ms vbETH/vbUSDC Pos: 35 [1.0-1.1]: 2 [1.1-1.5]: 15 USD < 10pct from liq: 619.4077 
2026/06/05 09:47:27 latency:13ms thBILL/USDC Pos: 69 [1.0-1.1]: 39 [1.1-1.5]: 22 USD < 10pct from liq: 10767.1450 
2026/06/05 09:49:19 latency:26ms LBTC/cbBTC Pos: 8 [1.0-1.1]: 3 [1.1-1.5]: 3 USD < 10pct from liq: 1435.2319 
2026/06/05 09:54:07 latency:14ms thBILL/USDC Pos: 69 [1.0-1.1]: 39 [1.1-1.5]: 22 USD < 10pct from liq: 10767.1450 
2026/06/05 09:58:57 latency:16ms vbETH/vbUSDC Pos: 35 [1.0-1.1]: 2 [1.1-1.5]: 15 USD < 10pct from liq: 619.4077 
2026/06/05 10:00:47 latency:13ms thBILL/USDC Pos: 69 [1.0-1.1]: 39 [1.1-1.5]: 22 USD < 10pct from liq: 10767.1450 
2026/06/05 10:05:59 latency:23ms LBTC/cbBTC Pos: 8 [1.0-1.1]: 3 [1.1-1.5]: 3 USD < 10pct from liq: 1435.2319 
2026/06/05 10:07:03 latency:14ms weETH/vbUSDC Pos: 2 [1.0-1.1]: 0 [1.1-1.5]: 2 USD < 10pct from liq: 0.0000 
2026/06/05 10:07:27 latency:36ms thBILL/USDC Pos: 69 [1.0-1.1]: 39 [1.1-1.5]: 22 USD < 10pct from liq: 10767.1450 
2026/06/05 10:14:07 latency:17ms thBILL/USDC Pos: 69 [1.0-1.1]: 39 [1.1-1.5]: 22 USD < 10pct from liq: 10767.1302 
2026/06/05 10:15:37 latency:14ms vbETH/vbUSDC Pos: 35 [1.0-1.1]: 2 [1.1-1.5]: 15 USD < 10pct from liq: 619.4077 
2026/06/05 10:20:47 latency:11ms thBILL/USDC Pos: 69 [1.0-1.1]: 39 [1.1-1.5]: 22 USD < 10pct from liq: 10767.1302 
2026/06/05 10:20:58 latency:25ms cbETH/USDC Pos: 12 [1.0-1.1]: 1 [1.1-1.5]: 7 USD < 10pct from liq: 19.0343 
2026/06/05 10:22:39 latency:14ms LBTC/cbBTC Pos: 8 [1.0-1.1]: 3 [1.1-1.5]: 3 USD < 10pct from liq: 1430.5164 
2026/06/05 10:27:27 latency:16ms thBILL/USDC Pos: 69 [1.0-1.1]: 39 [1.1-1.5]: 22 USD < 10pct from liq: 10767.1302 
2026/06/05 10:32:17 latency:15ms vbETH/vbUSDC Pos: 35 [1.0-1.1]: 2 [1.1-1.5]: 15 USD < 10pct from liq: 619.4077 
2026/06/05 10:34:07 latency:17ms thBILL/USDC Pos: 69 [1.0-1.1]: 39 [1.1-1.5]: 22 USD < 10pct from liq: 10767.1302 
2026/06/05 10:39:19 latency:23ms LBTC/cbBTC Pos: 8 [1.0-1.1]: 3 [1.1-1.5]: 3 USD < 10pct from liq: 1430.5164 
2026/06/05 10:40:47 latency:266ms thBILL/USDC Pos: 69 [1.0-1.1]: 39 [1.1-1.5]: 22 USD < 10pct from liq: 10767.1302 
2026/06/05 10:47:27 latency:15ms thBILL/USDC Pos: 69 [1.0-1.1]: 39 [1.1-1.5]: 22 USD < 10pct from liq: 10768.4337 
2026/06/05 10:48:57 latency:12ms vbETH/vbUSDC Pos: 35 [1.0-1.1]: 2 [1.1-1.5]: 15 USD < 10pct from liq: 619.4077 
2026/06/05 10:54:07 latency:12ms thBILL/USDC Pos: 69 [1.0-1.1]: 39 [1.1-1.5]: 22 USD < 10pct from liq: 10768.4337 
2026/06/05 11:00:47 latency:15ms thBILL/USDC Pos: 69 [1.0-1.1]: 39 [1.1-1.5]: 22 USD < 10pct from liq: 10768.4337 
2026/06/05 11:00:58 latency:27ms cbETH/WETH Pos: 135 [1.0-1.1]: 41 [1.1-1.5]: 67 USD < 10pct from liq: 28135.4027 
2026/06/05 11:00:58 latency:29ms wstETH/WETH Pos: 209 [1.0-1.1]: 82 [1.1-1.5]: 97 USD < 10pct from liq: 34033.4324 
2026/06/05 11:00:58 latency:34ms cbETH/WETH Pos: 46 [1.0-1.1]: 28 [1.1-1.5]: 15 USD < 10pct from liq: 4728.3884 
2026/06/05 11:00:58 latency:36ms wstETH/WETH Pos: 28 [1.0-1.1]: 24 [1.1-1.5]: 0 USD < 10pct from liq: 36828.7210 
2026/06/05 11:05:37 latency:13ms vbETH/vbUSDC Pos: 35 [1.0-1.1]: 2 [1.1-1.5]: 15 USD < 10pct from liq: 619.4077 
2026/06/05 11:07:27 latency:13ms thBILL/USDC Pos: 69 [1.0-1.1]: 39 [1.1-1.5]: 22 USD < 10pct from liq: 10768.4337 
2026/06/05 11:07:52 latency:42ms WETH/USDC Pos: 3511 [1.0-1.1]: 241 [1.1-1.5]: 2049 USD < 10pct from liq: 603989.2173 
2026/06/05 11:14:07 latency:13ms thBILL/USDC Pos: 69 [1.0-1.1]: 39 [1.1-1.5]: 22 USD < 10pct from liq: 10766.6856 
2026/06/05 11:20:47 latency:13ms thBILL/USDC Pos: 69 [1.0-1.1]: 39 [1.1-1.5]: 22 USD < 10pct from liq: 10766.6856 
2026/06/05 11:22:17 latency:13ms vbETH/vbUSDC Pos: 35 [1.0-1.1]: 2 [1.1-1.5]: 15 USD < 10pct from liq: 619.4077 
2026/06/05 11:27:27 latency:11ms thBILL/USDC Pos: 69 [1.0-1.1]: 39 [1.1-1.5]: 22 USD < 10pct from liq: 10766.6856 
2026/06/05 11:34:07 latency:262ms thBILL/USDC Pos: 69 [1.0-1.1]: 39 [1.1-1.5]: 22 USD < 10pct from liq: 10766.6856 
2026/06/05 11:38:57 latency:12ms vbETH/vbUSDC Pos: 35 [1.0-1.1]: 2 [1.1-1.5]: 15 USD < 10pct from liq: 619.4077 
2026/06/05 11:40:47 latency:22ms thBILL/USDC Pos: 69 [1.0-1.1]: 39 [1.1-1.5]: 22 USD < 10pct from liq: 10766.6856 
2026/06/05 11:47:27 latency:11ms thBILL/USDC Pos: 69 [1.0-1.1]: 39 [1.1-1.5]: 22 USD < 10pct from liq: 10768.3477 
2026/06/05 11:54:07 latency:11ms thBILL/USDC Pos: 69 [1.0-1.1]: 39 [1.1-1.5]: 22 USD < 10pct from liq: 10768.3477 
2026/06/05 11:55:37 latency:13ms vbETH/vbUSDC Pos: 35 [1.0-1.1]: 2 [1.1-1.5]: 15 USD < 10pct from liq: 619.4077 
2026/06/05 12:00:47 latency:24ms thBILL/USDC Pos: 69 [1.0-1.1]: 39 [1.1-1.5]: 22 USD < 10pct from liq: 10768.3477 
2026/06/05 12:04:59 latency:15ms vbETH/vbUSDC Pos: 35 [1.0-1.1]: 3 [1.1-1.5]: 14 USD < 10pct from liq: 5087.0233 
2026/06/05 12:07:27 latency:12ms thBILL/USDC Pos: 69 [1.0-1.1]: 39 [1.1-1.5]: 22 USD < 10pct from liq: 10768.3477 
2026/06/05 12:09:29 latency:30ms LBTC/cbBTC Pos: 8 [1.0-1.1]: 3 [1.1-1.5]: 3 USD < 10pct from liq: 1420.8501 
2026/06/05 12:11:23 latency:15ms vbETH/vbUSDC Pos: 35 [1.0-1.1]: 2 [1.1-1.5]: 15 USD < 10pct from liq: 619.4077 
2026/06/05 12:14:07 latency:263ms thBILL/USDC Pos: 69 [1.0-1.1]: 39 [1.1-1.5]: 22 USD < 10pct from liq: 10767.1780 
2026/06/05 12:20:47 latency:12ms thBILL/USDC Pos: 69 [1.0-1.1]: 39 [1.1-1.5]: 22 USD < 10pct from liq: 10767.1780 
2026/06/05 12:27:27 latency:23ms thBILL/USDC Pos: 69 [1.0-1.1]: 39 [1.1-1.5]: 22 USD < 10pct from liq: 10767.1780 
2026/06/05 12:28:03 latency:33ms vbETH/vbUSDC Pos: 35 [1.0-1.1]: 2 [1.1-1.5]: 15 USD < 10pct from liq: 619.4077 
2026/06/05 12:34:07 latency:11ms thBILL/USDC Pos: 69 [1.0-1.1]: 39 [1.1-1.5]: 22 USD < 10pct from liq: 10767.1780 
2026/06/05 12:34:11 latency:13ms vbETH/vbUSDC Pos: 35 [1.0-1.1]: 3 [1.1-1.5]: 14 USD < 10pct from liq: 5087.0233 
2026/06/05 12:34:19 latency:14ms LBTC/cbBTC Pos: 8 [1.0-1.1]: 3 [1.1-1.5]: 3 USD < 10pct from liq: 1412.3728 
2026/06/05 12:37:31 latency:23ms vbETH/vbUSDC Pos: 35 [1.0-1.1]: 3 [1.1-1.5]: 14 USD < 10pct from liq: 5087.0233 
2026/06/05 12:40:47 latency:13ms thBILL/USDC Pos: 69 [1.0-1.1]: 39 [1.1-1.5]: 22 USD < 10pct from liq: 10767.1780 
2026/06/05 12:40:51 latency:15ms vbETH/vbUSDC Pos: 35 [1.0-1.1]: 3 [1.1-1.5]: 14 USD < 10pct from liq: 5087.0233 
2026/06/05 12:44:11 latency:12ms vbETH/vbUSDC Pos: 35 [1.0-1.1]: 3 [1.1-1.5]: 14 USD < 10pct from liq: 5087.0233 
2026/06/05 12:47:27 latency:16ms thBILL/USDC Pos: 69 [1.0-1.1]: 39 [1.1-1.5]: 22 USD < 10pct from liq: 10765.9757 
2026/06/05 12:47:31 latency:19ms vbETH/vbUSDC Pos: 35 [1.0-1.1]: 3 [1.1-1.5]: 14 USD < 10pct from liq: 5087.0233 
2026/06/05 12:50:51 latency:13ms vbETH/vbUSDC Pos: 35 [1.0-1.1]: 3 [1.1-1.5]: 14 USD < 10pct from liq: 5087.0233 
2026/06/05 12:50:59 latency:13ms LBTC/cbBTC Pos: 8 [1.0-1.1]: 3 [1.1-1.5]: 3 USD < 10pct from liq: 1407.7786 
2026/06/05 12:54:07 latency:18ms thBILL/USDC Pos: 69 [1.0-1.1]: 39 [1.1-1.5]: 22 USD < 10pct from liq: 10765.9757 
2026/06/05 12:54:11 latency:13ms vbETH/vbUSDC Pos: 35 [1.0-1.1]: 3 [1.1-1.5]: 14 USD < 10pct from liq: 5087.0233 
2026/06/05 12:57:31 latency:17ms vbETH/vbUSDC Pos: 35 [1.0-1.1]: 3 [1.1-1.5]: 14 USD < 10pct from liq: 5087.0233 
2026/06/05 12:58:17 latency:62ms cbBTC/USDC Pos: 13014 [1.0-1.1]: 1142 [1.1-1.5]: 6955 USD < 10pct from liq: 2098381.5545 
2026/06/05 13:00:47 latency:13ms thBILL/USDC Pos: 69 [1.0-1.1]: 39 [1.1-1.5]: 22 USD < 10pct from liq: 10765.9757 
2026/06/05 13:00:51 latency:19ms vbETH/vbUSDC Pos: 35 [1.0-1.1]: 3 [1.1-1.5]: 14 USD < 10pct from liq: 5087.0233 
2026/06/05 13:06:19 latency:163ms vbETH/vbUSDC Pos: 35 [1.0-1.1]: 2 [1.1-1.5]: 15 USD < 10pct from liq: 619.4077 
2026/06/05 13:07:27 latency:12ms thBILL/USDC Pos: 69 [1.0-1.1]: 39 [1.1-1.5]: 22 USD < 10pct from liq: 10765.9757 
2026/06/05 13:07:39 latency:14ms LBTC/cbBTC Pos: 8 [1.0-1.1]: 3 [1.1-1.5]: 3 USD < 10pct from liq: 1407.7786 
2026/06/05 13:12:59 latency:13ms vbETH/vbUSDC Pos: 35 [1.0-1.1]: 2 [1.1-1.5]: 15 USD < 10pct from liq: 619.4077 
2026/06/05 13:14:07 latency:12ms thBILL/USDC Pos: 69 [1.0-1.1]: 39 [1.1-1.5]: 22 USD < 10pct from liq: 10766.9623 
2026/06/05 13:14:57 latency:57ms cbBTC/USDC Pos: 13014 [1.0-1.1]: 1125 [1.1-1.5]: 6956 USD < 10pct from liq: 2067586.1432 
2026/06/05 13:19:39 latency:16ms vbETH/vbUSDC Pos: 35 [1.0-1.1]: 2 [1.1-1.5]: 15 USD < 10pct from liq: 619.4077 
2026/06/05 13:20:47 latency:11ms thBILL/USDC Pos: 69 [1.0-1.1]: 39 [1.1-1.5]: 22 USD < 10pct from liq: 10766.9623 
2026/06/05 13:24:19 latency:12ms LBTC/cbBTC Pos: 8 [1.0-1.1]: 3 [1.1-1.5]: 3 USD < 10pct from liq: 1413.2130 
2026/06/05 13:27:27 latency:12ms thBILL/USDC Pos: 69 [1.0-1.1]: 39 [1.1-1.5]: 22 USD < 10pct from liq: 10766.9623 
2026/06/05 13:32:01 latency:16ms vbETH/vbUSDC Pos: 35 [1.0-1.1]: 2 [1.1-1.5]: 15 USD < 10pct from liq: 619.4077 
2026/06/05 13:34:07 latency:15ms thBILL/USDC Pos: 69 [1.0-1.1]: 39 [1.1-1.5]: 22 USD < 10pct from liq: 10766.9623 
2026/06/05 13:40:47 latency:17ms thBILL/USDC Pos: 69 [1.0-1.1]: 39 [1.1-1.5]: 22 USD < 10pct from liq: 10766.9623 
2026/06/05 13:40:59 latency:10ms LBTC/cbBTC Pos: 8 [1.0-1.1]: 3 [1.1-1.5]: 3 USD < 10pct from liq: 1413.2130 
2026/06/05 13:41:23 latency:12ms vbETH/vbUSDC Pos: 35 [1.0-1.1]: 2 [1.1-1.5]: 15 USD < 10pct from liq: 619.4077 
2026/06/05 13:46:39 latency:20ms vbETH/vbUSDC Pos: 35 [1.0-1.1]: 3 [1.1-1.5]: 14 USD < 10pct from liq: 5087.0233 
2026/06/05 13:47:27 latency:14ms thBILL/USDC Pos: 69 [1.0-1.1]: 39 [1.1-1.5]: 22 USD < 10pct from liq: 10767.6418 
2026/06/05 13:48:19 latency:10ms vbETH/vbUSDC Pos: 35 [1.0-1.1]: 3 [1.1-1.5]: 14 USD < 10pct from liq: 5087.0233 
2026/06/05 13:49:59 latency:12ms vbETH/vbUSDC Pos: 35 [1.0-1.1]: 4 [1.1-1.5]: 13 USD < 10pct from liq: 6375.7289 
2026/06/05 13:51:39 latency:13ms vbETH/vbUSDC Pos: 35 [1.0-1.1]: 4 [1.1-1.5]: 13 USD < 10pct from liq: 6375.7289 
2026/06/05 13:53:19 latency:17ms vbETH/vbUSDC Pos: 35 [1.0-1.1]: 4 [1.1-1.5]: 13 USD < 10pct from liq: 6375.7289 
2026/06/05 13:54:07 latency:14ms thBILL/USDC Pos: 69 [1.0-1.1]: 39 [1.1-1.5]: 22 USD < 10pct from liq: 10767.6418 
2026/06/05 13:54:59 latency:11ms vbETH/vbUSDC Pos: 35 [1.0-1.1]: 4 [1.1-1.5]: 13 USD < 10pct from liq: 6375.7289 
2026/06/05 13:55:17 latency:16ms cbETH/USDC Pos: 72 [1.0-1.1]: 7 [1.1-1.5]: 33 USD < 10pct from liq: 13832.3509 
2026/06/05 13:56:39 latency:15ms vbETH/vbUSDC Pos: 35 [1.0-1.1]: 4 [1.1-1.5]: 13 USD < 10pct from liq: 6375.7289 
2026/06/05 13:57:10 latency:18ms cbETH/USDC Pos: 72 [1.0-1.1]: 7 [1.1-1.5]: 33 USD < 10pct from liq: 13832.3509 
2026/06/05 13:57:25 liquidation check borrower 0xd3b89A09b3DA0d6A49c72Fd508805312A5080774 usd:49.2751 for market cbETH/USDC 0x1c21c59df9db44bf6f645d854ee710a8ca17b479451447e9f56758aee10a2fad hf:0.9981 collateralAsset:0.0311 oraclePrice:1837054297026814792296357425
2026/06/05 13:57:25 [liq] simulation failed for 0xd3b89A09b3DA0d6A49c72Fd508805312A5080774: eth_call failed: dryRun: w3: 2 calls failed:
call[0]: execution reverted: inconsistent input
call[1]: execution reverted: inconsistent input
2026/06/05 13:57:26 liquidation check borrower 0xd3b89A09b3DA0d6A49c72Fd508805312A5080774 usd:49.2751 for market cbETH/USDC 0x1c21c59df9db44bf6f645d854ee710a8ca17b479451447e9f56758aee10a2fad hf:0.9981 collateralAsset:0.0311 oraclePrice:1837054297026814792296357425
2026/06/05 13:57:26 [liq] simulation failed for 0xd3b89A09b3DA0d6A49c72Fd508805312A5080774: eth_call failed: dryRun: w3: 2 calls failed:
call[0]: execution reverted: inconsistent input
call[1]: execution reverted: inconsistent input
2026/06/05 13:57:27 liquidation check borrower 0xd3b89A09b3DA0d6A49c72Fd508805312A5080774 usd:49.2751 for market cbETH/USDC 0x1c21c59df9db44bf6f645d854ee710a8ca17b479451447e9f56758aee10a2fad hf:0.9981 collateralAsset:0.0311 oraclePrice:1837054297026814792296357425
2026/06/05 13:57:27 [liq] simulation failed for 0xd3b89A09b3DA0d6A49c72Fd508805312A5080774: eth_call failed: dryRun: w3: 2 calls failed:
call[0]: execution reverted: inconsistent input
call[1]: execution reverted: inconsistent input
2026/06/05 13:57:28 liquidation check borrower 0xd3b89A09b3DA0d6A49c72Fd508805312A5080774 usd:49.2751 for market cbETH/USDC 0x1c21c59df9db44bf6f645d854ee710a8ca17b479451447e9f56758aee10a2fad hf:0.9981 collateralAsset:0.0311 oraclePrice:1837054297026814792296357425
2026/06/05 13:57:28 [liq] simulation failed for 0xd3b89A09b3DA0d6A49c72Fd508805312A5080774: eth_call failed: dryRun: w3: 2 calls failed:
call[0]: execution reverted: inconsistent input
call[1]: execution reverted: inconsistent input
2026/06/05 13:57:29 liquidation check borrower 0xd3b89A09b3DA0d6A49c72Fd508805312A5080774 usd:49.2751 for market cbETH/USDC 0x1c21c59df9db44bf6f645d854ee710a8ca17b479451447e9f56758aee10a2fad hf:0.9981 collateralAsset:0.0311 oraclePrice:1837054297026814792296357425
2026/06/05 13:57:29 [liq] simulation failed for 0xd3b89A09b3DA0d6A49c72Fd508805312A5080774: eth_call failed: dryRun: w3: 2 calls failed:
call[0]: execution reverted: inconsistent input
call[1]: execution reverted: inconsistent input
2026/06/05 13:57:30 liquidation check borrower 0xd3b89A09b3DA0d6A49c72Fd508805312A5080774 usd:49.2751 for market cbETH/USDC 0x1c21c59df9db44bf6f645d854ee710a8ca17b479451447e9f56758aee10a2fad hf:0.9981 collateralAsset:0.0311 oraclePrice:1837054297026814792296357425
2026/06/05 13:57:30 [liq] simulation failed for 0xd3b89A09b3DA0d6A49c72Fd508805312A5080774: eth_call failed: dryRun: w3: 2 calls failed:
call[0]: execution reverted: inconsistent input
call[1]: execution reverted: inconsistent input
2026/06/05 13:57:31 liquidation check borrower 0xd3b89A09b3DA0d6A49c72Fd508805312A5080774 usd:49.2751 for market cbETH/USDC 0x1c21c59df9db44bf6f645d854ee710a8ca17b479451447e9f56758aee10a2fad hf:0.9981 collateralAsset:0.0311 oraclePrice:1837054297026814792296357425
2026/06/05 13:57:31 [liq] simulation failed for 0xd3b89A09b3DA0d6A49c72Fd508805312A5080774: eth_call failed: dryRun: w3: 2 calls failed:
call[0]: execution reverted: inconsistent input
call[1]: execution reverted: inconsistent input
2026/06/05 13:57:32 liquidation check borrower 0xd3b89A09b3DA0d6A49c72Fd508805312A5080774 usd:49.2751 for market cbETH/USDC 0x1c21c59df9db44bf6f645d854ee710a8ca17b479451447e9f56758aee10a2fad hf:0.9981 collateralAsset:0.0311 oraclePrice:1837054297026814792296357425
2026/06/05 13:57:32 [liq] simulation failed for 0xd3b89A09b3DA0d6A49c72Fd508805312A5080774: eth_call failed: dryRun: w3: 2 calls failed:
call[0]: execution reverted: inconsistent input
call[1]: execution reverted: inconsistent input
2026/06/05 13:57:33 liquidation check borrower 0xd3b89A09b3DA0d6A49c72Fd508805312A5080774 usd:49.2751 for market cbETH/USDC 0x1c21c59df9db44bf6f645d854ee710a8ca17b479451447e9f56758aee10a2fad hf:0.9981 collateralAsset:0.0311 oraclePrice:1837054297026814792296357425
2026/06/05 13:57:33 [liq] simulation failed for 0xd3b89A09b3DA0d6A49c72Fd508805312A5080774: eth_call failed: dryRun: w3: 2 calls failed:
call[0]: execution reverted: inconsistent input
call[1]: execution reverted: inconsistent input
2026/06/05 13:57:34 liquidation check borrower 0xd3b89A09b3DA0d6A49c72Fd508805312A5080774 usd:49.2751 for market cbETH/USDC 0x1c21c59df9db44bf6f645d854ee710a8ca17b479451447e9f56758aee10a2fad hf:0.9981 collateralAsset:0.0311 oraclePrice:1837054297026814792296357425
2026/06/05 13:57:34 [liq] simulation failed for 0xd3b89A09b3DA0d6A49c72Fd508805312A5080774: eth_call failed: dryRun: w3: 2 calls failed:
call[0]: execution reverted: inconsistent input
call[1]: execution reverted: inconsistent input
2026/06/05 13:57:39 latency:16ms LBTC/cbBTC Pos: 8 [1.0-1.1]: 3 [1.1-1.5]: 3 USD < 10pct from liq: 1416.9269 
2026/06/05 13:58:19 latency:11ms vbETH/vbUSDC Pos: 35 [1.0-1.1]: 4 [1.1-1.5]: 15 USD < 10pct from liq: 6375.7289 
2026/06/05 13:58:50 latency:27ms cbETH/USDC Pos: 72 [1.0-1.1]: 7 [1.1-1.5]: 33 USD < 10pct from liq: 13832.3509 
2026/06/05 13:59:59 latency:14ms vbETH/vbUSDC Pos: 35 [1.0-1.1]: 4 [1.1-1.5]: 15 USD < 10pct from liq: 6375.7289 
2026/06/05 14:00:30 latency:12ms cbETH/USDC Pos: 72 [1.0-1.1]: 7 [1.1-1.5]: 33 USD < 10pct from liq: 13832.3509 
2026/06/05 14:00:47 latency:21ms thBILL/USDC Pos: 69 [1.0-1.1]: 39 [1.1-1.5]: 22 USD < 10pct from liq: 10767.6418 
2026/06/05 14:01:39 latency:18ms vbETH/vbUSDC Pos: 35 [1.0-1.1]: 4 [1.1-1.5]: 15 USD < 10pct from liq: 6375.7289 
2026/06/05 14:02:10 latency:12ms cbETH/USDC Pos: 72 [1.0-1.1]: 7 [1.1-1.5]: 33 USD < 10pct from liq: 13832.3509 
2026/06/05 14:03:19 latency:17ms vbETH/vbUSDC Pos: 35 [1.0-1.1]: 4 [1.1-1.5]: 15 USD < 10pct from liq: 6375.7289 
2026/06/05 14:03:50 latency:29ms cbETH/USDC Pos: 72 [1.0-1.1]: 7 [1.1-1.5]: 33 USD < 10pct from liq: 13832.3509 
2026/06/05 14:04:59 latency:17ms vbETH/vbUSDC Pos: 35 [1.0-1.1]: 4 [1.1-1.5]: 15 USD < 10pct from liq: 6375.7289 
2026/06/05 14:05:30 latency:11ms cbETH/USDC Pos: 72 [1.0-1.1]: 7 [1.1-1.5]: 34 USD < 10pct from liq: 13832.3509 
2026/06/05 14:06:39 latency:14ms vbETH/vbUSDC Pos: 35 [1.0-1.1]: 4 [1.1-1.5]: 15 USD < 10pct from liq: 6375.7289 
2026/06/05 14:07:10 latency:16ms cbETH/USDC Pos: 72 [1.0-1.1]: 7 [1.1-1.5]: 34 USD < 10pct from liq: 13832.3509 
2026/06/05 14:07:27 latency:12ms thBILL/USDC Pos: 69 [1.0-1.1]: 39 [1.1-1.5]: 22 USD < 10pct from liq: 10767.6418 
2026/06/05 14:08:19 latency:24ms vbETH/vbUSDC Pos: 35 [1.0-1.1]: 4 [1.1-1.5]: 15 USD < 10pct from liq: 6375.7289 
2026/06/05 14:08:50 latency:18ms cbETH/USDC Pos: 72 [1.0-1.1]: 7 [1.1-1.5]: 34 USD < 10pct from liq: 13832.3509 
2026/06/05 14:09:59 latency:16ms vbETH/vbUSDC Pos: 35 [1.0-1.1]: 4 [1.1-1.5]: 15 USD < 10pct from liq: 6375.7289 
2026/06/05 14:10:30 latency:13ms cbETH/USDC Pos: 72 [1.0-1.1]: 7 [1.1-1.5]: 33 USD < 10pct from liq: 13832.3509 
2026/06/05 14:11:39 latency:11ms vbETH/vbUSDC Pos: 35 [1.0-1.1]: 4 [1.1-1.5]: 15 USD < 10pct from liq: 6375.7289 
2026/06/05 14:12:10 latency:12ms cbETH/USDC Pos: 72 [1.0-1.1]: 7 [1.1-1.5]: 34 USD < 10pct from liq: 13832.3509 
2026/06/05 14:13:19 latency:22ms vbETH/vbUSDC Pos: 35 [1.0-1.1]: 4 [1.1-1.5]: 15 USD < 10pct from liq: 6375.7289 
2026/06/05 14:13:50 latency:11ms cbETH/USDC Pos: 72 [1.0-1.1]: 7 [1.1-1.5]: 34 USD < 10pct from liq: 13832.3509 
2026/06/05 14:14:07 latency:13ms thBILL/USDC Pos: 69 [1.0-1.1]: 39 [1.1-1.5]: 22 USD < 10pct from liq: 10761.8520 
2026/06/05 14:14:19 latency:12ms LBTC/cbBTC Pos: 8 [1.0-1.1]: 3 [1.1-1.5]: 3 USD < 10pct from liq: 1416.9269 
2026/06/05 14:14:59 latency:13ms vbETH/vbUSDC Pos: 35 [1.0-1.1]: 4 [1.1-1.5]: 15 USD < 10pct from liq: 6375.7289 
2026/06/05 14:15:30 latency:11ms cbETH/USDC Pos: 72 [1.0-1.1]: 7 [1.1-1.5]: 34 USD < 10pct from liq: 13832.3509 
2026/06/05 14:16:39 latency:10ms vbETH/vbUSDC Pos: 35 [1.0-1.1]: 4 [1.1-1.5]: 15 USD < 10pct from liq: 6375.7289 
2026/06/05 14:17:10 latency:15ms cbETH/USDC Pos: 72 [1.0-1.1]: 7 [1.1-1.5]: 33 USD < 10pct from liq: 13832.3509 
2026/06/05 14:18:19 latency:11ms vbETH/vbUSDC Pos: 35 [1.0-1.1]: 4 [1.1-1.5]: 15 USD < 10pct from liq: 6375.7289 
2026/06/05 14:19:59 latency:14ms vbETH/vbUSDC Pos: 35 [1.0-1.1]: 4 [1.1-1.5]: 15 USD < 10pct from liq: 6375.7289 
2026/06/05 14:20:47 latency:11ms thBILL/USDC Pos: 69 [1.0-1.1]: 39 [1.1-1.5]: 22 USD < 10pct from liq: 10761.8520 
2026/06/05 14:21:39 latency:13ms vbETH/vbUSDC Pos: 35 [1.0-1.1]: 4 [1.1-1.5]: 15 USD < 10pct from liq: 6375.7289 
2026/06/05 14:23:19 latency:15ms vbETH/vbUSDC Pos: 35 [1.0-1.1]: 4 [1.1-1.5]: 15 USD < 10pct from liq: 6375.7289 
2026/06/05 14:24:59 latency:10ms vbETH/vbUSDC Pos: 35 [1.0-1.1]: 4 [1.1-1.5]: 15 USD < 10pct from liq: 6375.7289 
2026/06/05 14:25:34 latency:12ms WBTC/USDC Pos: 111 [1.0-1.1]: 6 [1.1-1.5]: 43 USD < 10pct from liq: 8269.4186 
2026/06/05 14:26:39 latency:12ms vbETH/vbUSDC Pos: 35 [1.0-1.1]: 5 [1.1-1.5]: 14 USD < 10pct from liq: 6875.2018 
2026/06/05 14:27:27 latency:18ms thBILL/USDC Pos: 69 [1.0-1.1]: 39 [1.1-1.5]: 22 USD < 10pct from liq: 10761.8520 
2026/06/05 14:28:19 latency:13ms vbETH/vbUSDC Pos: 35 [1.0-1.1]: 5 [1.1-1.5]: 14 USD < 10pct from liq: 6875.2018 
2026/06/05 14:29:59 latency:11ms vbETH/vbUSDC Pos: 35 [1.0-1.1]: 5 [1.1-1.5]: 14 USD < 10pct from liq: 6875.2018 
2026/06/05 14:30:00 latency:18ms WBTC/USDC Pos: 111 [1.0-1.1]: 7 [1.1-1.5]: 42 USD < 10pct from liq: 8300.1888 
2026/06/05 14:30:59 latency:13ms LBTC/cbBTC Pos: 8 [1.0-1.1]: 3 [1.1-1.5]: 3 USD < 10pct from liq: 1376.8733 
2026/06/05 14:31:39 latency:14ms vbETH/vbUSDC Pos: 35 [1.0-1.1]: 5 [1.1-1.5]: 14 USD < 10pct from liq: 6875.2018 
2026/06/05 14:33:19 latency:13ms vbETH/vbUSDC Pos: 35 [1.0-1.1]: 5 [1.1-1.5]: 14 USD < 10pct from liq: 6875.2018 
2026/06/05 14:33:52 latency:16ms WBTC/USDC Pos: 111 [1.0-1.1]: 7 [1.1-1.5]: 42 USD < 10pct from liq: 8300.1888 
2026/06/05 14:34:07 latency:12ms thBILL/USDC Pos: 69 [1.0-1.1]: 39 [1.1-1.5]: 22 USD < 10pct from liq: 10761.8520 
2026/06/05 14:34:59 latency:15ms vbETH/vbUSDC Pos: 35 [1.0-1.1]: 5 [1.1-1.5]: 14 USD < 10pct from liq: 6875.2018 
2026/06/05 14:36:09 latency:14ms cbETH/USDC Pos: 71 [1.0-1.1]: 6 [1.1-1.5]: 33 USD < 10pct from liq: 12811.9421 
2026/06/05 14:36:39 latency:14ms vbETH/vbUSDC Pos: 35 [1.0-1.1]: 4 [1.1-1.5]: 15 USD < 10pct from liq: 6375.7289 
2026/06/05 14:38:19 latency:20ms vbETH/vbUSDC Pos: 35 [1.0-1.1]: 4 [1.1-1.5]: 15 USD < 10pct from liq: 6375.7289 
2026/06/05 14:39:59 latency:14ms vbETH/vbUSDC Pos: 35 [1.0-1.1]: 4 [1.1-1.5]: 15 USD < 10pct from liq: 6375.7289 
2026/06/05 14:40:47 latency:10ms thBILL/USDC Pos: 69 [1.0-1.1]: 39 [1.1-1.5]: 22 USD < 10pct from liq: 10761.8520 
2026/06/05 14:41:39 latency:275ms vbETH/vbUSDC Pos: 35 [1.0-1.1]: 4 [1.1-1.5]: 15 USD < 10pct from liq: 6375.7289 
2026/06/05 14:43:19 latency:12ms vbETH/vbUSDC Pos: 35 [1.0-1.1]: 4 [1.1-1.5]: 15 USD < 10pct from liq: 6375.7289 
2026/06/05 14:44:59 latency:11ms vbETH/vbUSDC Pos: 35 [1.0-1.1]: 4 [1.1-1.5]: 15 USD < 10pct from liq: 6375.7289 
2026/06/05 14:46:39 latency:17ms vbETH/vbUSDC Pos: 35 [1.0-1.1]: 4 [1.1-1.5]: 15 USD < 10pct from liq: 6375.7289 
2026/06/05 14:47:27 latency:12ms thBILL/USDC Pos: 69 [1.0-1.1]: 39 [1.1-1.5]: 22 USD < 10pct from liq: 10766.0127 
2026/06/05 14:47:39 latency:13ms LBTC/cbBTC Pos: 8 [1.0-1.1]: 3 [1.1-1.5]: 3 USD < 10pct from liq: 1389.6584 
2026/06/05 14:48:19 latency:15ms vbETH/vbUSDC Pos: 35 [1.0-1.1]: 4 [1.1-1.5]: 15 USD < 10pct from liq: 6375.7289 
2026/06/05 14:49:59 latency:11ms vbETH/vbUSDC Pos: 35 [1.0-1.1]: 4 [1.1-1.5]: 15 USD < 10pct from liq: 6375.7289 
2026/06/05 14:51:39 latency:12ms vbETH/vbUSDC Pos: 35 [1.0-1.1]: 4 [1.1-1.5]: 15 USD < 10pct from liq: 6375.7289 
2026/06/05 14:53:19 latency:17ms vbETH/vbUSDC Pos: 35 [1.0-1.1]: 4 [1.1-1.5]: 15 USD < 10pct from liq: 6375.7289 
2026/06/05 14:54:07 latency:12ms thBILL/USDC Pos: 69 [1.0-1.1]: 39 [1.1-1.5]: 22 USD < 10pct from liq: 10766.0127 
2026/06/05 14:54:59 latency:11ms vbETH/vbUSDC Pos: 35 [1.0-1.1]: 4 [1.1-1.5]: 15 USD < 10pct from liq: 6375.7289 
2026/06/05 14:55:35 latency:19ms cbETH/USDC Pos: 71 [1.0-1.1]: 6 [1.1-1.5]: 34 USD < 10pct from liq: 12698.2485 
2026/06/05 14:56:39 latency:11ms vbETH/vbUSDC Pos: 35 [1.0-1.1]: 5 [1.1-1.5]: 14 USD < 10pct from liq: 6875.2018 
2026/06/05 14:58:19 latency:125ms vbETH/vbUSDC Pos: 35 [1.0-1.1]: 5 [1.1-1.5]: 14 USD < 10pct from liq: 6875.2018 
2026/06/05 14:59:59 latency:12ms vbETH/vbUSDC Pos: 35 [1.0-1.1]: 5 [1.1-1.5]: 14 USD < 10pct from liq: 6875.2018 
2026/06/05 15:00:47 latency:16ms thBILL/USDC Pos: 69 [1.0-1.1]: 39 [1.1-1.5]: 22 USD < 10pct from liq: 10766.0127 
2026/06/05 15:01:37 latency:15ms cbETH/USDC Pos: 71 [1.0-1.1]: 6 [1.1-1.5]: 34 USD < 10pct from liq: 12698.2485 
2026/06/05 15:01:39 latency:27ms vbETH/vbUSDC Pos: 35 [1.0-1.1]: 5 [1.1-1.5]: 14 USD < 10pct from liq: 6875.2018 
2026/06/05 15:03:19 latency:18ms vbETH/vbUSDC Pos: 35 [1.0-1.1]: 5 [1.1-1.5]: 14 USD < 10pct from liq: 6875.2018 
2026/06/05 15:04:19 latency:15ms LBTC/cbBTC Pos: 8 [1.0-1.1]: 3 [1.1-1.5]: 3 USD < 10pct from liq: 1389.6584 
2026/06/05 15:04:59 latency:14ms vbETH/vbUSDC Pos: 35 [1.0-1.1]: 5 [1.1-1.5]: 14 USD < 10pct from liq: 6875.2018 
2026/06/05 15:06:27 latency:16ms cbETH/USDC Pos: 71 [1.0-1.1]: 6 [1.1-1.5]: 34 USD < 10pct from liq: 12698.2485 
2026/06/05 15:06:39 latency:15ms vbETH/vbUSDC Pos: 35 [1.0-1.1]: 5 [1.1-1.5]: 14 USD < 10pct from liq: 6875.2018 
2026/06/05 15:07:27 latency:11ms thBILL/USDC Pos: 69 [1.0-1.1]: 39 [1.1-1.5]: 22 USD < 10pct from liq: 10766.0127 
2026/06/05 15:08:19 latency:14ms vbETH/vbUSDC Pos: 35 [1.0-1.1]: 5 [1.1-1.5]: 14 USD < 10pct from liq: 6875.2018 
2026/06/05 15:09:36 latency:20ms cbETH/USDC Pos: 71 [1.0-1.1]: 7 [1.1-1.5]: 33 USD < 10pct from liq: 14103.5688 
2026/06/05 15:09:59 latency:13ms vbETH/vbUSDC Pos: 35 [1.0-1.1]: 5 [1.1-1.5]: 14 USD < 10pct from liq: 6875.2018 
2026/06/05 15:11:16 latency:16ms cbETH/USDC Pos: 71 [1.0-1.1]: 7 [1.1-1.5]: 33 USD < 10pct from liq: 14103.5688 
2026/06/05 15:11:39 latency:145ms vbETH/vbUSDC Pos: 35 [1.0-1.1]: 5 [1.1-1.5]: 14 USD < 10pct from liq: 6875.2018 
2026/06/05 15:11:54 liquidation check borrower 0xAE6edEeEf38589AbfcceB6Ab0634028b40868c2c usd:5410.1733 for market cbETH/USDC 0x1c21c59df9db44bf6f645d854ee710a8ca17b479451447e9f56758aee10a2fad hf:0.9993 collateralAsset:3.5034 oraclePrice:1794960796985045697060155229
2026/06/05 15:11:54 [liq] simulation failed for 0xAE6edEeEf38589AbfcceB6Ab0634028b40868c2c: eth_call failed: dryRun: w3: 2 calls failed:
call[0]: execution reverted: inconsistent input
call[1]: execution reverted: inconsistent input
2026/06/05 15:11:55 liquidation check borrower 0xAE6edEeEf38589AbfcceB6Ab0634028b40868c2c usd:5410.1733 for market cbETH/USDC 0x1c21c59df9db44bf6f645d854ee710a8ca17b479451447e9f56758aee10a2fad hf:0.9993 collateralAsset:3.5034 oraclePrice:1794960796985045697060155229
2026/06/05 15:11:55 [liq] simulation failed for 0xAE6edEeEf38589AbfcceB6Ab0634028b40868c2c: eth_call failed: dryRun: w3: 2 calls failed:
call[0]: execution reverted: inconsistent input
call[1]: execution reverted: inconsistent input
2026/06/05 15:11:56 liquidation check borrower 0xAE6edEeEf38589AbfcceB6Ab0634028b40868c2c usd:5410.1733 for market cbETH/USDC 0x1c21c59df9db44bf6f645d854ee710a8ca17b479451447e9f56758aee10a2fad hf:0.9993 collateralAsset:3.5034 oraclePrice:1794960796985045697060155229
2026/06/05 15:11:56 [liq] simulation failed for 0xAE6edEeEf38589AbfcceB6Ab0634028b40868c2c: eth_call failed: dryRun: w3: 2 calls failed:
call[0]: execution reverted: inconsistent input
call[1]: execution reverted: inconsistent input
2026/06/05 15:11:57 liquidation check borrower 0xAE6edEeEf38589AbfcceB6Ab0634028b40868c2c usd:5410.1733 for market cbETH/USDC 0x1c21c59df9db44bf6f645d854ee710a8ca17b479451447e9f56758aee10a2fad hf:0.9993 collateralAsset:3.5034 oraclePrice:1794960796985045697060155229
2026/06/05 15:11:57 [liq] simulation failed for 0xAE6edEeEf38589AbfcceB6Ab0634028b40868c2c: eth_call failed: dryRun: w3: 2 calls failed:
call[0]: execution reverted: inconsistent input
call[1]: execution reverted: inconsistent input
2026/06/05 15:11:58 liquidation check borrower 0xAE6edEeEf38589AbfcceB6Ab0634028b40868c2c usd:5410.1733 for market cbETH/USDC 0x1c21c59df9db44bf6f645d854ee710a8ca17b479451447e9f56758aee10a2fad hf:0.9993 collateralAsset:3.5034 oraclePrice:1794960796985045697060155229
2026/06/05 15:11:58 [liq] simulation failed for 0xAE6edEeEf38589AbfcceB6Ab0634028b40868c2c: eth_call failed: dryRun: w3: 2 calls failed:
call[0]: execution reverted: inconsistent input
call[1]: execution reverted: inconsistent input
2026/06/05 15:11:59 liquidation check borrower 0xAE6edEeEf38589AbfcceB6Ab0634028b40868c2c usd:5410.1733 for market cbETH/USDC 0x1c21c59df9db44bf6f645d854ee710a8ca17b479451447e9f56758aee10a2fad hf:0.9993 collateralAsset:3.5034 oraclePrice:1794960796985045697060155229
2026/06/05 15:11:59 [liq] simulation failed for 0xAE6edEeEf38589AbfcceB6Ab0634028b40868c2c: eth_call failed: dryRun: w3: 2 calls failed:
call[0]: execution reverted: inconsistent input
call[1]: execution reverted: inconsistent input
2026/06/05 15:12:00 liquidation check borrower 0xAE6edEeEf38589AbfcceB6Ab0634028b40868c2c usd:5410.1733 for market cbETH/USDC 0x1c21c59df9db44bf6f645d854ee710a8ca17b479451447e9f56758aee10a2fad hf:0.9993 collateralAsset:3.5034 oraclePrice:1794960796985045697060155229
2026/06/05 15:12:00 [liq] simulation failed for 0xAE6edEeEf38589AbfcceB6Ab0634028b40868c2c: eth_call failed: dryRun: w3: 2 calls failed:
call[0]: execution reverted: inconsistent input
call[1]: execution reverted: inconsistent input
2026/06/05 15:12:01 liquidation check borrower 0xAE6edEeEf38589AbfcceB6Ab0634028b40868c2c usd:5410.1733 for market cbETH/USDC 0x1c21c59df9db44bf6f645d854ee710a8ca17b479451447e9f56758aee10a2fad hf:0.9993 collateralAsset:3.5034 oraclePrice:1794960796985045697060155229
2026/06/05 15:12:01 [liq] simulation failed for 0xAE6edEeEf38589AbfcceB6Ab0634028b40868c2c: eth_call failed: dryRun: w3: 2 calls failed:
call[0]: execution reverted: inconsistent input
call[1]: execution reverted: inconsistent input
2026/06/05 15:12:02 liquidation check borrower 0xAE6edEeEf38589AbfcceB6Ab0634028b40868c2c usd:5410.1733 for market cbETH/USDC 0x1c21c59df9db44bf6f645d854ee710a8ca17b479451447e9f56758aee10a2fad hf:0.9993 collateralAsset:3.5034 oraclePrice:1794960796985045697060155229
2026/06/05 15:12:02 [liq] simulation failed for 0xAE6edEeEf38589AbfcceB6Ab0634028b40868c2c: eth_call failed: dryRun: w3: 2 calls failed:
call[0]: execution reverted: inconsistent input
call[1]: execution reverted: inconsistent input
2026/06/05 15:12:03 liquidation check borrower 0xAE6edEeEf38589AbfcceB6Ab0634028b40868c2c usd:5410.1733 for market cbETH/USDC 0x1c21c59df9db44bf6f645d854ee710a8ca17b479451447e9f56758aee10a2fad hf:0.9993 collateralAsset:3.5034 oraclePrice:1794960796985045697060155229
2026/06/05 15:12:03 [liq] simulation failed for 0xAE6edEeEf38589AbfcceB6Ab0634028b40868c2c: eth_call failed: dryRun: w3: 2 calls failed:
call[0]: execution reverted: inconsistent input
call[1]: execution reverted: inconsistent input
2026/06/05 15:12:56 latency:15ms cbETH/USDC Pos: 71 [1.0-1.1]: 7 [1.1-1.5]: 33 USD < 10pct from liq: 14103.5688 
2026/06/05 15:13:20 latency:16ms vbETH/vbUSDC Pos: 35 [1.0-1.1]: 5 [1.1-1.5]: 14 USD < 10pct from liq: 6875.2018 
2026/06/05 15:14:07 latency:16ms thBILL/USDC Pos: 69 [1.0-1.1]: 39 [1.1-1.5]: 22 USD < 10pct from liq: 10767.7349 
2026/06/05 15:14:36 latency:16ms cbETH/USDC Pos: 71 [1.0-1.1]: 8 [1.1-1.5]: 33 USD < 10pct from liq: 14134.0702 
2026/06/05 15:15:00 latency:13ms vbETH/vbUSDC Pos: 35 [1.0-1.1]: 5 [1.1-1.5]: 14 USD < 10pct from liq: 6875.2018 
2026/06/05 15:16:16 latency:10ms cbETH/USDC Pos: 71 [1.0-1.1]: 8 [1.1-1.5]: 33 USD < 10pct from liq: 14134.0702 
2026/06/05 15:16:40 latency:14ms vbETH/vbUSDC Pos: 35 [1.0-1.1]: 5 [1.1-1.5]: 14 USD < 10pct from liq: 6875.2018 
2026/06/05 15:18:20 latency:13ms vbETH/vbUSDC Pos: 35 [1.0-1.1]: 5 [1.1-1.5]: 14 USD < 10pct from liq: 6875.2018 
2026/06/05 15:20:00 latency:13ms vbETH/vbUSDC Pos: 35 [1.0-1.1]: 5 [1.1-1.5]: 14 USD < 10pct from liq: 6875.2018 
2026/06/05 15:20:47 latency:13ms thBILL/USDC Pos: 69 [1.0-1.1]: 39 [1.1-1.5]: 22 USD < 10pct from liq: 10767.7349 
2026/06/05 15:20:59 latency:12ms LBTC/cbBTC Pos: 8 [1.0-1.1]: 3 [1.1-1.5]: 3 USD < 10pct from liq: 1382.8153 
2026/06/05 15:21:40 latency:34ms vbETH/vbUSDC Pos: 35 [1.0-1.1]: 5 [1.1-1.5]: 14 USD < 10pct from liq: 6875.2018 
2026/06/05 15:22:28 latency:31ms WETH/USDC Pos: 3452 [1.0-1.1]: 320 [1.1-1.5]: 2014 USD < 10pct from liq: 794953.5358 
2026/06/05 15:23:07 latency:63ms cbBTC/USDC Pos: 12872 [1.0-1.1]: 1246 [1.1-1.5]: 6965 USD < 10pct from liq: 2461536.5561 
2026/06/05 15:23:20 latency:18ms vbETH/vbUSDC Pos: 35 [1.0-1.1]: 5 [1.1-1.5]: 14 USD < 10pct from liq: 6875.2018 
2026/06/05 15:25:00 latency:27ms vbETH/vbUSDC Pos: 35 [1.0-1.1]: 5 [1.1-1.5]: 14 USD < 10pct from liq: 6875.2018 
2026/06/05 15:26:40 latency:11ms vbETH/vbUSDC Pos: 35 [1.0-1.1]: 5 [1.1-1.5]: 14 USD < 10pct from liq: 6875.2018 
2026/06/05 15:27:27 latency:16ms thBILL/USDC Pos: 69 [1.0-1.1]: 39 [1.1-1.5]: 22 USD < 10pct from liq: 10767.7349 
2026/06/05 15:28:20 latency:13ms vbETH/vbUSDC Pos: 35 [1.0-1.1]: 5 [1.1-1.5]: 14 USD < 10pct from liq: 6875.2018 
2026/06/05 15:28:36 latency:22ms WETH/USDC Pos: 3452 [1.0-1.1]: 311 [1.1-1.5]: 2013 USD < 10pct from liq: 767980.4463 
2026/06/05 15:30:00 latency:14ms vbETH/vbUSDC Pos: 35 [1.0-1.1]: 5 [1.1-1.5]: 14 USD < 10pct from liq: 6875.2018 
2026/06/05 15:30:59 latency:56ms cbBTC/USDC Pos: 12872 [1.0-1.1]: 1255 [1.1-1.5]: 6965 USD < 10pct from liq: 2489612.8338 
2026/06/05 15:31:40 latency:12ms vbETH/vbUSDC Pos: 35 [1.0-1.1]: 5 [1.1-1.5]: 14 USD < 10pct from liq: 6875.2018 
2026/06/05 15:33:20 latency:17ms vbETH/vbUSDC Pos: 35 [1.0-1.1]: 5 [1.1-1.5]: 14 USD < 10pct from liq: 6875.2018 
2026/06/05 15:34:07 latency:37ms thBILL/USDC Pos: 69 [1.0-1.1]: 39 [1.1-1.5]: 22 USD < 10pct from liq: 10767.7349 
2026/06/05 15:34:08 latency:20ms WETH/USDC Pos: 3452 [1.0-1.1]: 325 [1.1-1.5]: 2012 USD < 10pct from liq: 808119.1090 
2026/06/05 15:35:00 latency:23ms vbETH/vbUSDC Pos: 35 [1.0-1.1]: 5 [1.1-1.5]: 14 USD < 10pct from liq: 6875.2018 
2026/06/05 15:35:19 latency:62ms cbBTC/USDC Pos: 12872 [1.0-1.1]: 1295 [1.1-1.5]: 6966 USD < 10pct from liq: 2573026.0289 
2026/06/05 15:36:40 latency:14ms vbETH/vbUSDC Pos: 35 [1.0-1.1]: 5 [1.1-1.5]: 14 USD < 10pct from liq: 6875.2018 
2026/06/05 15:37:37 latency:27ms WETH/USDC Pos: 3452 [1.0-1.1]: 339 [1.1-1.5]: 2005 USD < 10pct from liq: 850681.0728 
2026/06/05 15:37:39 latency:14ms LBTC/cbBTC Pos: 8 [1.0-1.1]: 3 [1.1-1.5]: 3 USD < 10pct from liq: 1382.8153 
2026/06/05 15:37:49 latency:65ms cbBTC/USDC Pos: 12872 [1.0-1.1]: 1333 [1.1-1.5]: 6961 USD < 10pct from liq: 2635281.2592 
2026/06/05 15:38:20 latency:14ms vbETH/vbUSDC Pos: 35 [1.0-1.1]: 5 [1.1-1.5]: 14 USD < 10pct from liq: 6875.2018 
2026/06/05 15:38:22 liquidation check borrower 0x5E131547B51C527B1357B2c201242f9Df9297c7E usd:361.7514 for market WETH/USDC 0x8793cf302b8ffd655ab97bd1c695dbd967807e8367a65cb2f4edaf1380ba1bda hf:0.9989 collateralAsset:0.2659 oraclePrice:1580645080920962455347154547
2026/06/05 15:38:22 liquidation check borrower 0x525d6a1075791Af71A6cDE169D6B1e0E2484C720 usd:523.9635 for market WETH/USDC 0x8793cf302b8ffd655ab97bd1c695dbd967807e8367a65cb2f4edaf1380ba1bda hf:0.9997 collateralAsset:0.3855 oraclePrice:1580645080920962455347154547
2026/06/05 15:38:22 [liq] simulation failed for 0x5E131547B51C527B1357B2c201242f9Df9297c7E: eth_call failed: dryRun: w3: 2 calls failed:
call[0]: execution reverted: inconsistent input
call[1]: execution reverted: inconsistent input
2026/06/05 15:38:22 [liq] simulation failed for 0x525d6a1075791Af71A6cDE169D6B1e0E2484C720: eth_call failed: dryRun: w3: 2 calls failed:
call[0]: execution reverted: inconsistent input
call[1]: execution reverted: inconsistent input
2026/06/05 15:38:23 liquidation check borrower 0x5E131547B51C527B1357B2c201242f9Df9297c7E usd:361.7514 for market WETH/USDC 0x8793cf302b8ffd655ab97bd1c695dbd967807e8367a65cb2f4edaf1380ba1bda hf:0.9989 collateralAsset:0.2659 oraclePrice:1580645080920962455347154547
2026/06/05 15:38:23 liquidation check borrower 0x525d6a1075791Af71A6cDE169D6B1e0E2484C720 usd:523.9635 for market WETH/USDC 0x8793cf302b8ffd655ab97bd1c695dbd967807e8367a65cb2f4edaf1380ba1bda hf:0.9997 collateralAsset:0.3855 oraclePrice:1580645080920962455347154547
2026/06/05 15:38:23 [liq] simulation failed for 0x5E131547B51C527B1357B2c201242f9Df9297c7E: eth_call failed: dryRun: w3: 2 calls failed:
call[0]: execution reverted: inconsistent input
call[1]: execution reverted: inconsistent input
2026/06/05 15:38:24 [liq] simulation failed for 0x525d6a1075791Af71A6cDE169D6B1e0E2484C720: eth_call failed: dryRun: w3: 2 calls failed:
call[0]: execution reverted: inconsistent input
call[1]: execution reverted: inconsistent input
2026/06/05 15:38:25 liquidation check borrower 0x5E131547B51C527B1357B2c201242f9Df9297c7E usd:361.7514 for market WETH/USDC 0x8793cf302b8ffd655ab97bd1c695dbd967807e8367a65cb2f4edaf1380ba1bda hf:0.9989 collateralAsset:0.2659 oraclePrice:1580645080920962455347154547
2026/06/05 15:38:25 liquidation check borrower 0x525d6a1075791Af71A6cDE169D6B1e0E2484C720 usd:523.9635 for market WETH/USDC 0x8793cf302b8ffd655ab97bd1c695dbd967807e8367a65cb2f4edaf1380ba1bda hf:0.9997 collateralAsset:0.3855 oraclePrice:1580645080920962455347154547
2026/06/05 15:38:25 [liq] simulation failed for 0x5E131547B51C527B1357B2c201242f9Df9297c7E: eth_call failed: dryRun: w3: 2 calls failed:
call[0]: execution reverted: inconsistent input
call[1]: execution reverted: inconsistent input
2026/06/05 15:38:25 [liq] simulation failed for 0x525d6a1075791Af71A6cDE169D6B1e0E2484C720: eth_call failed: dryRun: w3: 2 calls failed:
call[0]: execution reverted: inconsistent input
call[1]: execution reverted: inconsistent input
2026/06/05 15:38:25 liquidation check borrower 0x5E131547B51C527B1357B2c201242f9Df9297c7E usd:361.7514 for market WETH/USDC 0x8793cf302b8ffd655ab97bd1c695dbd967807e8367a65cb2f4edaf1380ba1bda hf:0.9989 collateralAsset:0.2659 oraclePrice:1580645080920962455347154547
2026/06/05 15:38:25 liquidation check borrower 0x525d6a1075791Af71A6cDE169D6B1e0E2484C720 usd:523.9635 for market WETH/USDC 0x8793cf302b8ffd655ab97bd1c695dbd967807e8367a65cb2f4edaf1380ba1bda hf:0.9997 collateralAsset:0.3855 oraclePrice:1580645080920962455347154547
2026/06/05 15:38:25 [liq] simulation failed for 0x5E131547B51C527B1357B2c201242f9Df9297c7E: eth_call failed: dryRun: w3: 2 calls failed:
call[0]: execution reverted: inconsistent input
call[1]: execution reverted: inconsistent input
2026/06/05 15:38:25 [liq] simulation failed for 0x525d6a1075791Af71A6cDE169D6B1e0E2484C720: eth_call failed: dryRun: w3: 2 calls failed:
call[0]: execution reverted: inconsistent input
call[1]: execution reverted: inconsistent input
2026/06/05 15:38:26 liquidation check borrower 0x5E131547B51C527B1357B2c201242f9Df9297c7E usd:361.7514 for market WETH/USDC 0x8793cf302b8ffd655ab97bd1c695dbd967807e8367a65cb2f4edaf1380ba1bda hf:0.9989 collateralAsset:0.2659 oraclePrice:1580645080920962455347154547
2026/06/05 15:38:26 liquidation check borrower 0x525d6a1075791Af71A6cDE169D6B1e0E2484C720 usd:523.9635 for market WETH/USDC 0x8793cf302b8ffd655ab97bd1c695dbd967807e8367a65cb2f4edaf1380ba1bda hf:0.9997 collateralAsset:0.3855 oraclePrice:1580645080920962455347154547
2026/06/05 15:38:26 [liq] simulation failed for 0x5E131547B51C527B1357B2c201242f9Df9297c7E: eth_call failed: dryRun: w3: 2 calls failed:
call[0]: execution reverted: inconsistent input
call[1]: execution reverted: inconsistent input
2026/06/05 15:38:26 [liq] simulation failed for 0x525d6a1075791Af71A6cDE169D6B1e0E2484C720: eth_call failed: dryRun: w3: 2 calls failed:
call[0]: execution reverted: inconsistent input
call[1]: execution reverted: inconsistent input
2026/06/05 15:38:27 liquidation check borrower 0x5E131547B51C527B1357B2c201242f9Df9297c7E usd:361.7514 for market WETH/USDC 0x8793cf302b8ffd655ab97bd1c695dbd967807e8367a65cb2f4edaf1380ba1bda hf:0.9989 collateralAsset:0.2659 oraclePrice:1580645080920962455347154547
2026/06/05 15:38:27 liquidation check borrower 0x525d6a1075791Af71A6cDE169D6B1e0E2484C720 usd:523.9635 for market WETH/USDC 0x8793cf302b8ffd655ab97bd1c695dbd967807e8367a65cb2f4edaf1380ba1bda hf:0.9997 collateralAsset:0.3855 oraclePrice:1580645080920962455347154547
2026/06/05 15:38:27 [liq] simulation failed for 0x5E131547B51C527B1357B2c201242f9Df9297c7E: eth_call failed: dryRun: w3: 2 calls failed:
call[0]: execution reverted: inconsistent input
call[1]: execution reverted: inconsistent input
2026/06/05 15:38:28 [liq] simulation failed for 0x525d6a1075791Af71A6cDE169D6B1e0E2484C720: eth_call failed: dryRun: w3: 2 calls failed:
call[0]: execution reverted: inconsistent input
call[1]: execution reverted: inconsistent input
2026/06/05 15:38:28 liquidation check borrower 0x5E131547B51C527B1357B2c201242f9Df9297c7E usd:361.7514 for market WETH/USDC 0x8793cf302b8ffd655ab97bd1c695dbd967807e8367a65cb2f4edaf1380ba1bda hf:0.9989 collateralAsset:0.2659 oraclePrice:1580645080920962455347154547
2026/06/05 15:38:28 liquidation check borrower 0x525d6a1075791Af71A6cDE169D6B1e0E2484C720 usd:523.9635 for market WETH/USDC 0x8793cf302b8ffd655ab97bd1c695dbd967807e8367a65cb2f4edaf1380ba1bda hf:0.9997 collateralAsset:0.3855 oraclePrice:1580645080920962455347154547
2026/06/05 15:38:28 [liq] simulation failed for 0x5E131547B51C527B1357B2c201242f9Df9297c7E: eth_call failed: dryRun: w3: 2 calls failed:
call[0]: execution reverted: inconsistent input
call[1]: execution reverted: inconsistent input
2026/06/05 15:38:28 [liq] simulation failed for 0x525d6a1075791Af71A6cDE169D6B1e0E2484C720: eth_call failed: dryRun: w3: 2 calls failed:
call[0]: execution reverted: inconsistent input
call[1]: execution reverted: inconsistent input
2026/06/05 15:38:29 liquidation check borrower 0x5E131547B51C527B1357B2c201242f9Df9297c7E usd:361.7514 for market WETH/USDC 0x8793cf302b8ffd655ab97bd1c695dbd967807e8367a65cb2f4edaf1380ba1bda hf:0.9989 collateralAsset:0.2659 oraclePrice:1580645080920962455347154547
2026/06/05 15:38:29 liquidation check borrower 0x525d6a1075791Af71A6cDE169D6B1e0E2484C720 usd:523.9635 for market WETH/USDC 0x8793cf302b8ffd655ab97bd1c695dbd967807e8367a65cb2f4edaf1380ba1bda hf:0.9997 collateralAsset:0.3855 oraclePrice:1580645080920962455347154547
2026/06/05 15:38:29 [liq] simulation failed for 0x5E131547B51C527B1357B2c201242f9Df9297c7E: eth_call failed: dryRun: w3: 2 calls failed:
call[0]: execution reverted: inconsistent input
call[1]: execution reverted: inconsistent input
2026/06/05 15:38:29 [liq] simulation failed for 0x525d6a1075791Af71A6cDE169D6B1e0E2484C720: eth_call failed: dryRun: w3: 2 calls failed:
call[0]: execution reverted: inconsistent input
call[1]: execution reverted: inconsistent input
2026/06/05 15:38:30 liquidation check borrower 0x5E131547B51C527B1357B2c201242f9Df9297c7E usd:361.7514 for market WETH/USDC 0x8793cf302b8ffd655ab97bd1c695dbd967807e8367a65cb2f4edaf1380ba1bda hf:0.9989 collateralAsset:0.2659 oraclePrice:1580645080920962455347154547
2026/06/05 15:38:30 liquidation check borrower 0x525d6a1075791Af71A6cDE169D6B1e0E2484C720 usd:523.9635 for market WETH/USDC 0x8793cf302b8ffd655ab97bd1c695dbd967807e8367a65cb2f4edaf1380ba1bda hf:0.9997 collateralAsset:0.3855 oraclePrice:1580645080920962455347154547
2026/06/05 15:38:30 [liq] simulation failed for 0x5E131547B51C527B1357B2c201242f9Df9297c7E: eth_call failed: dryRun: w3: 2 calls failed:
call[0]: execution reverted: inconsistent input
call[1]: execution reverted: inconsistent input
2026/06/05 15:38:30 [liq] simulation failed for 0x525d6a1075791Af71A6cDE169D6B1e0E2484C720: eth_call failed: dryRun: w3: 2 calls failed:
call[0]: execution reverted: inconsistent input
call[1]: execution reverted: inconsistent input
2026/06/05 15:38:31 liquidation check borrower 0x5E131547B51C527B1357B2c201242f9Df9297c7E usd:361.7514 for market WETH/USDC 0x8793cf302b8ffd655ab97bd1c695dbd967807e8367a65cb2f4edaf1380ba1bda hf:0.9989 collateralAsset:0.2659 oraclePrice:1580645080920962455347154547
2026/06/05 15:38:31 liquidation check borrower 0x525d6a1075791Af71A6cDE169D6B1e0E2484C720 usd:523.9635 for market WETH/USDC 0x8793cf302b8ffd655ab97bd1c695dbd967807e8367a65cb2f4edaf1380ba1bda hf:0.9997 collateralAsset:0.3855 oraclePrice:1580645080920962455347154547
2026/06/05 15:38:31 [liq] simulation failed for 0x5E131547B51C527B1357B2c201242f9Df9297c7E: eth_call failed: dryRun: w3: 2 calls failed:
call[0]: execution reverted: inconsistent input
call[1]: execution reverted: inconsistent input
2026/06/05 15:38:31 [liq] simulation failed for 0x525d6a1075791Af71A6cDE169D6B1e0E2484C720: eth_call failed: dryRun: w3: 2 calls failed:
call[0]: execution reverted: inconsistent input
call[1]: execution reverted: inconsistent input
2026/06/05 15:39:02 liquidation check borrower 0x85A008cF8Bd8B0b1ff6A86f9f796AD69fD5388eA usd:46.2464 for market cbBTC/USDC 0x9103c3b4e834476c9a62ea009ba2c884ee42e94e6e314a26f04d312434191836 hf:0.9992 collateralAsset:0.0009 oraclePrice:602976734200000000000000000000000000000
2026/06/05 15:39:02 liquidation check borrower 0xfD80a5a9CaCC5F3B7c63b8aBB8bC02e5B9EDcd84 usd:20.1888 for market cbBTC/USDC 0x9103c3b4e834476c9a62ea009ba2c884ee42e94e6e314a26f04d312434191836 hf:0.9993 collateralAsset:0.0004 oraclePrice:602976734200000000000000000000000000000
2026/06/05 15:39:02 liquidation check borrower 0xf1736Cc6B712b1Ae5981FbcA2826e8003Ba24898 usd:229.4891 for market cbBTC/USDC 0x9103c3b4e834476c9a62ea009ba2c884ee42e94e6e314a26f04d312434191836 hf:0.9994 collateralAsset:0.0044 oraclePrice:602976734200000000000000000000000000000
2026/06/05 15:39:02 [liq] simulation failed for 0x85A008cF8Bd8B0b1ff6A86f9f796AD69fD5388eA: eth_call failed: dryRun: w3: 2 calls failed:
call[0]: execution reverted: inconsistent input
call[1]: execution reverted: inconsistent input
2026/06/05 15:39:02 liquidation check borrower 0x19CF76bfcf5F2847F8C240A226DEFFAD3779c0aC usd:2810.7137 for market cbBTC/USDC 0x9103c3b4e834476c9a62ea009ba2c884ee42e94e6e314a26f04d312434191836 hf:0.9995 collateralAsset:0.0542 oraclePrice:602976734200000000000000000000000000000
2026/06/05 15:39:02 [liq] simulation failed for 0xfD80a5a9CaCC5F3B7c63b8aBB8bC02e5B9EDcd84: eth_call failed: dryRun: w3: 2 calls failed:
call[0]: execution reverted: inconsistent input
call[1]: execution reverted: inconsistent input
2026/06/05 15:39:02 liquidation check borrower 0x7fb0588C6E6e942D244cCD902320278E51Af2977 usd:1219.9123 for market cbBTC/USDC 0x9103c3b4e834476c9a62ea009ba2c884ee42e94e6e314a26f04d312434191836 hf:0.9995 collateralAsset:0.0235 oraclePrice:602976734200000000000000000000000000000
2026/06/05 15:39:02 [liq] simulation failed for 0xf1736Cc6B712b1Ae5981FbcA2826e8003Ba24898: eth_call failed: dryRun: w3: 2 calls failed:
call[0]: execution reverted: inconsistent input
call[1]: execution reverted: inconsistent input
2026/06/05 15:39:02 liquidation check borrower 0xDa556C6E93c5739f0e16f704Bf3C186ECb5C0872 usd:67.6710 for market cbBTC/USDC 0x9103c3b4e834476c9a62ea009ba2c884ee42e94e6e314a26f04d312434191836 hf:0.9998 collateralAsset:0.0013 oraclePrice:602976734200000000000000000000000000000
2026/06/05 15:39:02 [liq] simulation failed for 0x19CF76bfcf5F2847F8C240A226DEFFAD3779c0aC: eth_call failed: dryRun: w3: 2 calls failed:
call[0]: execution reverted: inconsistent input
call[1]: execution reverted: inconsistent input
2026/06/05 15:39:02 [liq] simulation failed for 0x7fb0588C6E6e942D244cCD902320278E51Af2977: eth_call failed: dryRun: w3: 2 calls failed:
call[0]: execution reverted: inconsistent input
call[1]: execution reverted: inconsistent input
2026/06/05 15:39:02 [liq] simulation failed for 0xDa556C6E93c5739f0e16f704Bf3C186ECb5C0872: eth_call failed: dryRun: w3: 2 calls failed:
call[0]: execution reverted: inconsistent input
call[1]: execution reverted: inconsistent input
2026/06/05 15:39:03 liquidation check borrower 0x85A008cF8Bd8B0b1ff6A86f9f796AD69fD5388eA usd:46.2464 for market cbBTC/USDC 0x9103c3b4e834476c9a62ea009ba2c884ee42e94e6e314a26f04d312434191836 hf:0.9992 collateralAsset:0.0009 oraclePrice:602976734200000000000000000000000000000
2026/06/05 15:39:03 liquidation check borrower 0xfD80a5a9CaCC5F3B7c63b8aBB8bC02e5B9EDcd84 usd:20.1888 for market cbBTC/USDC 0x9103c3b4e834476c9a62ea009ba2c884ee42e94e6e314a26f04d312434191836 hf:0.9993 collateralAsset:0.0004 oraclePrice:602976734200000000000000000000000000000
2026/06/05 15:39:03 liquidation check borrower 0xf1736Cc6B712b1Ae5981FbcA2826e8003Ba24898 usd:229.4891 for market cbBTC/USDC 0x9103c3b4e834476c9a62ea009ba2c884ee42e94e6e314a26f04d312434191836 hf:0.9994 collateralAsset:0.0044 oraclePrice:602976734200000000000000000000000000000
2026/06/05 15:39:03 [liq] simulation failed for 0x85A008cF8Bd8B0b1ff6A86f9f796AD69fD5388eA: eth_call failed: dryRun: w3: 2 calls failed:
call[0]: execution reverted: inconsistent input
call[1]: execution reverted: inconsistent input
2026/06/05 15:39:03 liquidation check borrower 0x19CF76bfcf5F2847F8C240A226DEFFAD3779c0aC usd:2810.7137 for market cbBTC/USDC 0x9103c3b4e834476c9a62ea009ba2c884ee42e94e6e314a26f04d312434191836 hf:0.9995 collateralAsset:0.0542 oraclePrice:602976734200000000000000000000000000000
2026/06/05 15:39:03 [liq] simulation failed for 0xfD80a5a9CaCC5F3B7c63b8aBB8bC02e5B9EDcd84: eth_call failed: dryRun: w3: 2 calls failed:
call[0]: execution reverted: inconsistent input
call[1]: execution reverted: inconsistent input
2026/06/05 15:39:03 liquidation check borrower 0x7fb0588C6E6e942D244cCD902320278E51Af2977 usd:1219.9123 for market cbBTC/USDC 0x9103c3b4e834476c9a62ea009ba2c884ee42e94e6e314a26f04d312434191836 hf:0.9995 collateralAsset:0.0235 oraclePrice:602976734200000000000000000000000000000
2026/06/05 15:39:03 [liq] simulation failed for 0xf1736Cc6B712b1Ae5981FbcA2826e8003Ba24898: eth_call failed: dryRun: w3: 2 calls failed:
call[0]: execution reverted: inconsistent input
call[1]: execution reverted: inconsistent input
2026/06/05 15:39:03 liquidation check borrower 0xDa556C6E93c5739f0e16f704Bf3C186ECb5C0872 usd:67.6710 for market cbBTC/USDC 0x9103c3b4e834476c9a62ea009ba2c884ee42e94e6e314a26f04d312434191836 hf:0.9998 collateralAsset:0.0013 oraclePrice:602976734200000000000000000000000000000
2026/06/05 15:39:03 [liq] simulation failed for 0x19CF76bfcf5F2847F8C240A226DEFFAD3779c0aC: eth_call failed: dryRun: w3: 2 calls failed:
call[0]: execution reverted: inconsistent input
call[1]: execution reverted: inconsistent input
2026/06/05 15:39:03 [liq] simulation failed for 0x7fb0588C6E6e942D244cCD902320278E51Af2977: eth_call failed: dryRun: w3: 2 calls failed:
call[0]: execution reverted: inconsistent input
call[1]: execution reverted: inconsistent input
2026/06/05 15:39:03 [liq] simulation failed for 0xDa556C6E93c5739f0e16f704Bf3C186ECb5C0872: eth_call failed: dryRun: w3: 2 calls failed:
call[0]: execution reverted: inconsistent input
call[1]: execution reverted: inconsistent input
2026/06/05 15:39:04 liquidation check borrower 0x85A008cF8Bd8B0b1ff6A86f9f796AD69fD5388eA usd:46.2464 for market cbBTC/USDC 0x9103c3b4e834476c9a62ea009ba2c884ee42e94e6e314a26f04d312434191836 hf:0.9992 collateralAsset:0.0009 oraclePrice:602976734200000000000000000000000000000
2026/06/05 15:39:04 liquidation check borrower 0xfD80a5a9CaCC5F3B7c63b8aBB8bC02e5B9EDcd84 usd:20.1888 for market cbBTC/USDC 0x9103c3b4e834476c9a62ea009ba2c884ee42e94e6e314a26f04d312434191836 hf:0.9993 collateralAsset:0.0004 oraclePrice:602976734200000000000000000000000000000
2026/06/05 15:39:04 liquidation check borrower 0xf1736Cc6B712b1Ae5981FbcA2826e8003Ba24898 usd:229.4891 for market cbBTC/USDC 0x9103c3b4e834476c9a62ea009ba2c884ee42e94e6e314a26f04d312434191836 hf:0.9994 collateralAsset:0.0044 oraclePrice:602976734200000000000000000000000000000
2026/06/05 15:39:04 [liq] simulation failed for 0x85A008cF8Bd8B0b1ff6A86f9f796AD69fD5388eA: eth_call failed: dryRun: w3: 2 calls failed:
call[0]: execution reverted: inconsistent input
call[1]: execution reverted: inconsistent input
2026/06/05 15:39:04 liquidation check borrower 0x19CF76bfcf5F2847F8C240A226DEFFAD3779c0aC usd:2810.7137 for market cbBTC/USDC 0x9103c3b4e834476c9a62ea009ba2c884ee42e94e6e314a26f04d312434191836 hf:0.9995 collateralAsset:0.0542 oraclePrice:602976734200000000000000000000000000000
2026/06/05 15:39:04 [liq] simulation failed for 0xfD80a5a9CaCC5F3B7c63b8aBB8bC02e5B9EDcd84: eth_call failed: dryRun: w3: 2 calls failed:
call[0]: execution reverted: inconsistent input
call[1]: execution reverted: inconsistent input
2026/06/05 15:39:04 liquidation check borrower 0x7fb0588C6E6e942D244cCD902320278E51Af2977 usd:1219.9123 for market cbBTC/USDC 0x9103c3b4e834476c9a62ea009ba2c884ee42e94e6e314a26f04d312434191836 hf:0.9995 collateralAsset:0.0235 oraclePrice:602976734200000000000000000000000000000
2026/06/05 15:39:04 [liq] simulation failed for 0xf1736Cc6B712b1Ae5981FbcA2826e8003Ba24898: eth_call failed: dryRun: w3: 2 calls failed:
call[0]: execution reverted: inconsistent input
call[1]: execution reverted: inconsistent input
2026/06/05 15:39:04 liquidation check borrower 0xDa556C6E93c5739f0e16f704Bf3C186ECb5C0872 usd:67.6710 for market cbBTC/USDC 0x9103c3b4e834476c9a62ea009ba2c884ee42e94e6e314a26f04d312434191836 hf:0.9998 collateralAsset:0.0013 oraclePrice:602976734200000000000000000000000000000
2026/06/05 15:39:04 [liq] simulation failed for 0x19CF76bfcf5F2847F8C240A226DEFFAD3779c0aC: eth_call failed: dryRun: w3: 2 calls failed:
call[0]: execution reverted: inconsistent input
call[1]: execution reverted: inconsistent input
2026/06/05 15:39:04 [liq] simulation failed for 0x7fb0588C6E6e942D244cCD902320278E51Af2977: eth_call failed: dryRun: w3: 2 calls failed:
call[0]: execution reverted: inconsistent input
call[1]: execution reverted: inconsistent input
2026/06/05 15:39:04 [liq] simulation failed for 0xDa556C6E93c5739f0e16f704Bf3C186ECb5C0872: eth_call failed: dryRun: w3: 2 calls failed:
call[0]: execution reverted: inconsistent input
call[1]: execution reverted: inconsistent input
2026/06/05 15:39:05 liquidation check borrower 0x85A008cF8Bd8B0b1ff6A86f9f796AD69fD5388eA usd:46.2464 for market cbBTC/USDC 0x9103c3b4e834476c9a62ea009ba2c884ee42e94e6e314a26f04d312434191836 hf:0.9992 collateralAsset:0.0009 oraclePrice:602976734200000000000000000000000000000
2026/06/05 15:39:05 liquidation check borrower 0xfD80a5a9CaCC5F3B7c63b8aBB8bC02e5B9EDcd84 usd:20.1888 for market cbBTC/USDC 0x9103c3b4e834476c9a62ea009ba2c884ee42e94e6e314a26f04d312434191836 hf:0.9993 collateralAsset:0.0004 oraclePrice:602976734200000000000000000000000000000
2026/06/05 15:39:05 liquidation check borrower 0xf1736Cc6B712b1Ae5981FbcA2826e8003Ba24898 usd:229.4891 for market cbBTC/USDC 0x9103c3b4e834476c9a62ea009ba2c884ee42e94e6e314a26f04d312434191836 hf:0.9994 collateralAsset:0.0044 oraclePrice:602976734200000000000000000000000000000
2026/06/05 15:39:05 [liq] simulation failed for 0x85A008cF8Bd8B0b1ff6A86f9f796AD69fD5388eA: eth_call failed: dryRun: w3: 2 calls failed:
call[0]: execution reverted: inconsistent input
call[1]: execution reverted: inconsistent input
2026/06/05 15:39:05 liquidation check borrower 0x19CF76bfcf5F2847F8C240A226DEFFAD3779c0aC usd:2810.7137 for market cbBTC/USDC 0x9103c3b4e834476c9a62ea009ba2c884ee42e94e6e314a26f04d312434191836 hf:0.9995 collateralAsset:0.0542 oraclePrice:602976734200000000000000000000000000000
2026/06/05 15:39:05 [liq] simulation failed for 0xfD80a5a9CaCC5F3B7c63b8aBB8bC02e5B9EDcd84: eth_call failed: dryRun: w3: 2 calls failed:
call[0]: execution reverted: inconsistent input
call[1]: execution reverted: inconsistent input
2026/06/05 15:39:05 liquidation check borrower 0x7fb0588C6E6e942D244cCD902320278E51Af2977 usd:1219.9123 for market cbBTC/USDC 0x9103c3b4e834476c9a62ea009ba2c884ee42e94e6e314a26f04d312434191836 hf:0.9995 collateralAsset:0.0235 oraclePrice:602976734200000000000000000000000000000
2026/06/05 15:39:05 [liq] simulation failed for 0xf1736Cc6B712b1Ae5981FbcA2826e8003Ba24898: eth_call failed: dryRun: w3: 2 calls failed:
call[0]: execution reverted: inconsistent input
call[1]: execution reverted: inconsistent input
2026/06/05 15:39:05 liquidation check borrower 0xDa556C6E93c5739f0e16f704Bf3C186ECb5C0872 usd:67.6710 for market cbBTC/USDC 0x9103c3b4e834476c9a62ea009ba2c884ee42e94e6e314a26f04d312434191836 hf:0.9998 collateralAsset:0.0013 oraclePrice:602976734200000000000000000000000000000
2026/06/05 15:39:05 [liq] simulation failed for 0x19CF76bfcf5F2847F8C240A226DEFFAD3779c0aC: eth_call failed: dryRun: w3: 2 calls failed:
call[0]: execution reverted: inconsistent input
call[1]: execution reverted: inconsistent input
2026/06/05 15:39:05 [liq] simulation failed for 0x7fb0588C6E6e942D244cCD902320278E51Af2977: eth_call failed: dryRun: w3: 2 calls failed:
call[0]: execution reverted: inconsistent input
call[1]: execution reverted: inconsistent input
2026/06/05 15:39:05 [liq] simulation failed for 0xDa556C6E93c5739f0e16f704Bf3C186ECb5C0872: eth_call failed: dryRun: w3: 2 calls failed:
call[0]: execution reverted: inconsistent input
call[1]: execution reverted: inconsistent input
2026/06/05 15:39:06 liquidation check borrower 0x85A008cF8Bd8B0b1ff6A86f9f796AD69fD5388eA usd:46.2464 for market cbBTC/USDC 0x9103c3b4e834476c9a62ea009ba2c884ee42e94e6e314a26f04d312434191836 hf:0.9992 collateralAsset:0.0009 oraclePrice:602976734200000000000000000000000000000
2026/06/05 15:39:06 liquidation check borrower 0xfD80a5a9CaCC5F3B7c63b8aBB8bC02e5B9EDcd84 usd:20.1888 for market cbBTC/USDC 0x9103c3b4e834476c9a62ea009ba2c884ee42e94e6e314a26f04d312434191836 hf:0.9993 collateralAsset:0.0004 oraclePrice:602976734200000000000000000000000000000
2026/06/05 15:39:06 liquidation check borrower 0xf1736Cc6B712b1Ae5981FbcA2826e8003Ba24898 usd:229.4891 for market cbBTC/USDC 0x9103c3b4e834476c9a62ea009ba2c884ee42e94e6e314a26f04d312434191836 hf:0.9994 collateralAsset:0.0044 oraclePrice:602976734200000000000000000000000000000
2026/06/05 15:39:06 [liq] simulation failed for 0x85A008cF8Bd8B0b1ff6A86f9f796AD69fD5388eA: eth_call failed: dryRun: w3: 2 calls failed:
call[0]: execution reverted: inconsistent input
call[1]: execution reverted: inconsistent input
2026/06/05 15:39:06 liquidation check borrower 0x19CF76bfcf5F2847F8C240A226DEFFAD3779c0aC usd:2810.7137 for market cbBTC/USDC 0x9103c3b4e834476c9a62ea009ba2c884ee42e94e6e314a26f04d312434191836 hf:0.9995 collateralAsset:0.0542 oraclePrice:602976734200000000000000000000000000000
2026/06/05 15:39:06 [liq] simulation failed for 0xfD80a5a9CaCC5F3B7c63b8aBB8bC02e5B9EDcd84: eth_call failed: dryRun: w3: 2 calls failed:
call[0]: execution reverted: inconsistent input
call[1]: execution reverted: inconsistent input
2026/06/05 15:39:06 liquidation check borrower 0x7fb0588C6E6e942D244cCD902320278E51Af2977 usd:1219.9123 for market cbBTC/USDC 0x9103c3b4e834476c9a62ea009ba2c884ee42e94e6e314a26f04d312434191836 hf:0.9995 collateralAsset:0.0235 oraclePrice:602976734200000000000000000000000000000
2026/06/05 15:39:06 [liq] simulation failed for 0xf1736Cc6B712b1Ae5981FbcA2826e8003Ba24898: eth_call failed: dryRun: w3: 2 calls failed:
call[0]: execution reverted: inconsistent input
call[1]: execution reverted: inconsistent input
2026/06/05 15:39:06 liquidation check borrower 0xDa556C6E93c5739f0e16f704Bf3C186ECb5C0872 usd:67.6710 for market cbBTC/USDC 0x9103c3b4e834476c9a62ea009ba2c884ee42e94e6e314a26f04d312434191836 hf:0.9998 collateralAsset:0.0013 oraclePrice:602976734200000000000000000000000000000
2026/06/05 15:39:06 [liq] simulation failed for 0x19CF76bfcf5F2847F8C240A226DEFFAD3779c0aC: eth_call failed: dryRun: w3: 2 calls failed:
call[0]: execution reverted: inconsistent input
call[1]: execution reverted: inconsistent input
2026/06/05 15:39:06 [liq] simulation failed for 0x7fb0588C6E6e942D244cCD902320278E51Af2977: eth_call failed: dryRun: w3: 2 calls failed:
call[0]: execution reverted: inconsistent input
call[1]: execution reverted: inconsistent input
2026/06/05 15:39:06 [liq] simulation failed for 0xDa556C6E93c5739f0e16f704Bf3C186ECb5C0872: eth_call failed: dryRun: w3: 2 calls failed:
call[0]: execution reverted: inconsistent input
call[1]: execution reverted: inconsistent input
2026/06/05 15:39:07 liquidation check borrower 0x85A008cF8Bd8B0b1ff6A86f9f796AD69fD5388eA usd:46.2464 for market cbBTC/USDC 0x9103c3b4e834476c9a62ea009ba2c884ee42e94e6e314a26f04d312434191836 hf:0.9992 collateralAsset:0.0009 oraclePrice:602976734200000000000000000000000000000
2026/06/05 15:39:07 liquidation check borrower 0xfD80a5a9CaCC5F3B7c63b8aBB8bC02e5B9EDcd84 usd:20.1888 for market cbBTC/USDC 0x9103c3b4e834476c9a62ea009ba2c884ee42e94e6e314a26f04d312434191836 hf:0.9993 collateralAsset:0.0004 oraclePrice:602976734200000000000000000000000000000
2026/06/05 15:39:07 liquidation check borrower 0xf1736Cc6B712b1Ae5981FbcA2826e8003Ba24898 usd:229.4891 for market cbBTC/USDC 0x9103c3b4e834476c9a62ea009ba2c884ee42e94e6e314a26f04d312434191836 hf:0.9994 collateralAsset:0.0044 oraclePrice:602976734200000000000000000000000000000
2026/06/05 15:39:07 [liq] simulation failed for 0x85A008cF8Bd8B0b1ff6A86f9f796AD69fD5388eA: eth_call failed: dryRun: w3: 2 calls failed:
call[0]: execution reverted: inconsistent input
call[1]: execution reverted: inconsistent input
2026/06/05 15:39:07 liquidation check borrower 0x19CF76bfcf5F2847F8C240A226DEFFAD3779c0aC usd:2810.7137 for market cbBTC/USDC 0x9103c3b4e834476c9a62ea009ba2c884ee42e94e6e314a26f04d312434191836 hf:0.9995 collateralAsset:0.0542 oraclePrice:602976734200000000000000000000000000000
2026/06/05 15:39:07 [liq] simulation failed for 0xfD80a5a9CaCC5F3B7c63b8aBB8bC02e5B9EDcd84: eth_call failed: dryRun: w3: 2 calls failed:
call[0]: execution reverted: inconsistent input
call[1]: execution reverted: inconsistent input
2026/06/05 15:39:07 liquidation check borrower 0x7fb0588C6E6e942D244cCD902320278E51Af2977 usd:1219.9123 for market cbBTC/USDC 0x9103c3b4e834476c9a62ea009ba2c884ee42e94e6e314a26f04d312434191836 hf:0.9995 collateralAsset:0.0235 oraclePrice:602976734200000000000000000000000000000
2026/06/05 15:39:07 [liq] simulation failed for 0xf1736Cc6B712b1Ae5981FbcA2826e8003Ba24898: eth_call failed: dryRun: w3: 2 calls failed:
call[0]: execution reverted: inconsistent input
call[1]: execution reverted: inconsistent input
2026/06/05 15:39:07 liquidation check borrower 0xDa556C6E93c5739f0e16f704Bf3C186ECb5C0872 usd:67.6710 for market cbBTC/USDC 0x9103c3b4e834476c9a62ea009ba2c884ee42e94e6e314a26f04d312434191836 hf:0.9998 collateralAsset:0.0013 oraclePrice:602976734200000000000000000000000000000
2026/06/05 15:39:07 [liq] simulation failed for 0x19CF76bfcf5F2847F8C240A226DEFFAD3779c0aC: eth_call failed: dryRun: w3: 2 calls failed:
call[0]: execution reverted: inconsistent input
call[1]: execution reverted: inconsistent input
2026/06/05 15:39:07 [liq] simulation failed for 0x7fb0588C6E6e942D244cCD902320278E51Af2977: eth_call failed: dryRun: w3: 2 calls failed:
call[0]: execution reverted: inconsistent input
call[1]: execution reverted: inconsistent input
2026/06/05 15:39:07 [liq] simulation failed for 0xDa556C6E93c5739f0e16f704Bf3C186ECb5C0872: eth_call failed: dryRun: w3: 2 calls failed:
call[0]: execution reverted: inconsistent input
call[1]: execution reverted: inconsistent input
2026/06/05 15:39:08 liquidation check borrower 0x85A008cF8Bd8B0b1ff6A86f9f796AD69fD5388eA usd:46.2464 for market cbBTC/USDC 0x9103c3b4e834476c9a62ea009ba2c884ee42e94e6e314a26f04d312434191836 hf:0.9992 collateralAsset:0.0009 oraclePrice:602976734200000000000000000000000000000
2026/06/05 15:39:08 liquidation check borrower 0xfD80a5a9CaCC5F3B7c63b8aBB8bC02e5B9EDcd84 usd:20.1888 for market cbBTC/USDC 0x9103c3b4e834476c9a62ea009ba2c884ee42e94e6e314a26f04d312434191836 hf:0.9993 collateralAsset:0.0004 oraclePrice:602976734200000000000000000000000000000
2026/06/05 15:39:08 liquidation check borrower 0xf1736Cc6B712b1Ae5981FbcA2826e8003Ba24898 usd:229.4891 for market cbBTC/USDC 0x9103c3b4e834476c9a62ea009ba2c884ee42e94e6e314a26f04d312434191836 hf:0.9994 collateralAsset:0.0044 oraclePrice:602976734200000000000000000000000000000
2026/06/05 15:39:08 [liq] simulation failed for 0x85A008cF8Bd8B0b1ff6A86f9f796AD69fD5388eA: eth_call failed: dryRun: w3: 2 calls failed:
call[0]: execution reverted: inconsistent input
call[1]: execution reverted: inconsistent input
2026/06/05 15:39:08 liquidation check borrower 0x19CF76bfcf5F2847F8C240A226DEFFAD3779c0aC usd:2810.7137 for market cbBTC/USDC 0x9103c3b4e834476c9a62ea009ba2c884ee42e94e6e314a26f04d312434191836 hf:0.9995 collateralAsset:0.0542 oraclePrice:602976734200000000000000000000000000000
2026/06/05 15:39:08 [liq] simulation failed for 0xfD80a5a9CaCC5F3B7c63b8aBB8bC02e5B9EDcd84: eth_call failed: dryRun: w3: 2 calls failed:
call[0]: execution reverted: inconsistent input
call[1]: execution reverted: inconsistent input
2026/06/05 15:39:08 liquidation check borrower 0x7fb0588C6E6e942D244cCD902320278E51Af2977 usd:1219.9123 for market cbBTC/USDC 0x9103c3b4e834476c9a62ea009ba2c884ee42e94e6e314a26f04d312434191836 hf:0.9995 collateralAsset:0.0235 oraclePrice:602976734200000000000000000000000000000
2026/06/05 15:39:08 [liq] simulation failed for 0xf1736Cc6B712b1Ae5981FbcA2826e8003Ba24898: eth_call failed: dryRun: w3: 2 calls failed:
call[0]: execution reverted: inconsistent input
call[1]: execution reverted: inconsistent input
2026/06/05 15:39:08 liquidation check borrower 0xDa556C6E93c5739f0e16f704Bf3C186ECb5C0872 usd:67.6710 for market cbBTC/USDC 0x9103c3b4e834476c9a62ea009ba2c884ee42e94e6e314a26f04d312434191836 hf:0.9998 collateralAsset:0.0013 oraclePrice:602976734200000000000000000000000000000
2026/06/05 15:39:08 [liq] simulation failed for 0x19CF76bfcf5F2847F8C240A226DEFFAD3779c0aC: eth_call failed: dryRun: w3: 2 calls failed:
call[0]: execution reverted: inconsistent input
call[1]: execution reverted: inconsistent input
2026/06/05 15:39:08 [liq] simulation failed for 0x7fb0588C6E6e942D244cCD902320278E51Af2977: eth_call failed: dryRun: w3: 2 calls failed:
call[0]: execution reverted: inconsistent input
call[1]: execution reverted: inconsistent input
2026/06/05 15:39:08 [liq] simulation failed for 0xDa556C6E93c5739f0e16f704Bf3C186ECb5C0872: eth_call failed: dryRun: w3: 2 calls failed:
call[0]: execution reverted: inconsistent input
call[1]: execution reverted: inconsistent input
2026/06/05 15:39:09 liquidation check borrower 0x85A008cF8Bd8B0b1ff6A86f9f796AD69fD5388eA usd:46.2464 for market cbBTC/USDC 0x9103c3b4e834476c9a62ea009ba2c884ee42e94e6e314a26f04d312434191836 hf:0.9992 collateralAsset:0.0009 oraclePrice:602976734200000000000000000000000000000
2026/06/05 15:39:09 liquidation check borrower 0xfD80a5a9CaCC5F3B7c63b8aBB8bC02e5B9EDcd84 usd:20.1888 for market cbBTC/USDC 0x9103c3b4e834476c9a62ea009ba2c884ee42e94e6e314a26f04d312434191836 hf:0.9993 collateralAsset:0.0004 oraclePrice:602976734200000000000000000000000000000
2026/06/05 15:39:09 liquidation check borrower 0xf1736Cc6B712b1Ae5981FbcA2826e8003Ba24898 usd:229.4891 for market cbBTC/USDC 0x9103c3b4e834476c9a62ea009ba2c884ee42e94e6e314a26f04d312434191836 hf:0.9994 collateralAsset:0.0044 oraclePrice:602976734200000000000000000000000000000
2026/06/05 15:39:09 [liq] simulation failed for 0x85A008cF8Bd8B0b1ff6A86f9f796AD69fD5388eA: eth_call failed: dryRun: w3: 2 calls failed:
call[0]: execution reverted: inconsistent input
call[1]: execution reverted: inconsistent input
2026/06/05 15:39:09 liquidation check borrower 0x19CF76bfcf5F2847F8C240A226DEFFAD3779c0aC usd:2810.7137 for market cbBTC/USDC 0x9103c3b4e834476c9a62ea009ba2c884ee42e94e6e314a26f04d312434191836 hf:0.9995 collateralAsset:0.0542 oraclePrice:602976734200000000000000000000000000000
2026/06/05 15:39:09 [liq] simulation failed for 0xfD80a5a9CaCC5F3B7c63b8aBB8bC02e5B9EDcd84: eth_call failed: dryRun: w3: 2 calls failed:
call[0]: execution reverted: inconsistent input
call[1]: execution reverted: inconsistent input
2026/06/05 15:39:09 liquidation check borrower 0x7fb0588C6E6e942D244cCD902320278E51Af2977 usd:1219.9123 for market cbBTC/USDC 0x9103c3b4e834476c9a62ea009ba2c884ee42e94e6e314a26f04d312434191836 hf:0.9995 collateralAsset:0.0235 oraclePrice:602976734200000000000000000000000000000
2026/06/05 15:39:09 [liq] simulation failed for 0xf1736Cc6B712b1Ae5981FbcA2826e8003Ba24898: eth_call failed: dryRun: w3: 2 calls failed:
call[0]: execution reverted: inconsistent input
call[1]: execution reverted: inconsistent input
2026/06/05 15:39:09 liquidation check borrower 0xDa556C6E93c5739f0e16f704Bf3C186ECb5C0872 usd:67.6710 for market cbBTC/USDC 0x9103c3b4e834476c9a62ea009ba2c884ee42e94e6e314a26f04d312434191836 hf:0.9998 collateralAsset:0.0013 oraclePrice:602976734200000000000000000000000000000
2026/06/05 15:39:09 [liq] simulation failed for 0x19CF76bfcf5F2847F8C240A226DEFFAD3779c0aC: eth_call failed: dryRun: w3: 2 calls failed:
call[0]: execution reverted: inconsistent input
call[1]: execution reverted: inconsistent input
2026/06/05 15:39:09 [liq] simulation failed for 0x7fb0588C6E6e942D244cCD902320278E51Af2977: eth_call failed: dryRun: w3: 2 calls failed:
call[0]: execution reverted: inconsistent input
call[1]: execution reverted: inconsistent input
2026/06/05 15:39:09 [liq] simulation failed for 0xDa556C6E93c5739f0e16f704Bf3C186ECb5C0872: eth_call failed: dryRun: w3: 2 calls failed:
call[0]: execution reverted: inconsistent input
call[1]: execution reverted: inconsistent input
2026/06/05 15:39:10 liquidation check borrower 0x85A008cF8Bd8B0b1ff6A86f9f796AD69fD5388eA usd:46.2464 for market cbBTC/USDC 0x9103c3b4e834476c9a62ea009ba2c884ee42e94e6e314a26f04d312434191836 hf:0.9992 collateralAsset:0.0009 oraclePrice:602976734200000000000000000000000000000
2026/06/05 15:39:10 liquidation check borrower 0xfD80a5a9CaCC5F3B7c63b8aBB8bC02e5B9EDcd84 usd:20.1888 for market cbBTC/USDC 0x9103c3b4e834476c9a62ea009ba2c884ee42e94e6e314a26f04d312434191836 hf:0.9993 collateralAsset:0.0004 oraclePrice:602976734200000000000000000000000000000
2026/06/05 15:39:10 liquidation check borrower 0xf1736Cc6B712b1Ae5981FbcA2826e8003Ba24898 usd:229.4891 for market cbBTC/USDC 0x9103c3b4e834476c9a62ea009ba2c884ee42e94e6e314a26f04d312434191836 hf:0.9994 collateralAsset:0.0044 oraclePrice:602976734200000000000000000000000000000
2026/06/05 15:39:10 [liq] simulation failed for 0x85A008cF8Bd8B0b1ff6A86f9f796AD69fD5388eA: eth_call failed: dryRun: w3: 2 calls failed:
call[0]: execution reverted: inconsistent input
call[1]: execution reverted: inconsistent input
2026/06/05 15:39:10 liquidation check borrower 0x19CF76bfcf5F2847F8C240A226DEFFAD3779c0aC usd:2810.7137 for market cbBTC/USDC 0x9103c3b4e834476c9a62ea009ba2c884ee42e94e6e314a26f04d312434191836 hf:0.9995 collateralAsset:0.0542 oraclePrice:602976734200000000000000000000000000000
2026/06/05 15:39:10 [liq] simulation failed for 0xfD80a5a9CaCC5F3B7c63b8aBB8bC02e5B9EDcd84: eth_call failed: dryRun: w3: 2 calls failed:
call[0]: execution reverted: inconsistent input
call[1]: execution reverted: inconsistent input
2026/06/05 15:39:10 liquidation check borrower 0x7fb0588C6E6e942D244cCD902320278E51Af2977 usd:1219.9123 for market cbBTC/USDC 0x9103c3b4e834476c9a62ea009ba2c884ee42e94e6e314a26f04d312434191836 hf:0.9995 collateralAsset:0.0235 oraclePrice:602976734200000000000000000000000000000
2026/06/05 15:39:10 [liq] simulation failed for 0xf1736Cc6B712b1Ae5981FbcA2826e8003Ba24898: eth_call failed: dryRun: w3: 2 calls failed:
call[0]: execution reverted: inconsistent input
call[1]: execution reverted: inconsistent input
2026/06/05 15:39:10 liquidation check borrower 0xDa556C6E93c5739f0e16f704Bf3C186ECb5C0872 usd:67.6710 for market cbBTC/USDC 0x9103c3b4e834476c9a62ea009ba2c884ee42e94e6e314a26f04d312434191836 hf:0.9998 collateralAsset:0.0013 oraclePrice:602976734200000000000000000000000000000
2026/06/05 15:39:10 [liq] simulation failed for 0x19CF76bfcf5F2847F8C240A226DEFFAD3779c0aC: eth_call failed: dryRun: w3: 2 calls failed:
call[0]: execution reverted: inconsistent input
call[1]: execution reverted: inconsistent input
2026/06/05 15:39:10 [liq] simulation failed for 0x7fb0588C6E6e942D244cCD902320278E51Af2977: eth_call failed: dryRun: w3: 2 calls failed:
call[0]: execution reverted: inconsistent input
call[1]: execution reverted: inconsistent input
2026/06/05 15:39:10 [liq] simulation failed for 0xDa556C6E93c5739f0e16f704Bf3C186ECb5C0872: eth_call failed: dryRun: w3: 2 calls failed:
call[0]: execution reverted: inconsistent input
call[1]: execution reverted: inconsistent input
2026/06/05 15:39:11 liquidation check borrower 0x85A008cF8Bd8B0b1ff6A86f9f796AD69fD5388eA usd:46.2464 for market cbBTC/USDC 0x9103c3b4e834476c9a62ea009ba2c884ee42e94e6e314a26f04d312434191836 hf:0.9992 collateralAsset:0.0009 oraclePrice:602976734200000000000000000000000000000
2026/06/05 15:39:11 liquidation check borrower 0xfD80a5a9CaCC5F3B7c63b8aBB8bC02e5B9EDcd84 usd:20.1888 for market cbBTC/USDC 0x9103c3b4e834476c9a62ea009ba2c884ee42e94e6e314a26f04d312434191836 hf:0.9993 collateralAsset:0.0004 oraclePrice:602976734200000000000000000000000000000
2026/06/05 15:39:11 liquidation check borrower 0xf1736Cc6B712b1Ae5981FbcA2826e8003Ba24898 usd:229.4891 for market cbBTC/USDC 0x9103c3b4e834476c9a62ea009ba2c884ee42e94e6e314a26f04d312434191836 hf:0.9994 collateralAsset:0.0044 oraclePrice:602976734200000000000000000000000000000
2026/06/05 15:39:11 [liq] simulation failed for 0x85A008cF8Bd8B0b1ff6A86f9f796AD69fD5388eA: eth_call failed: dryRun: w3: 2 calls failed:
call[0]: execution reverted: inconsistent input
call[1]: execution reverted: inconsistent input
2026/06/05 15:39:11 liquidation check borrower 0x19CF76bfcf5F2847F8C240A226DEFFAD3779c0aC usd:2810.7137 for market cbBTC/USDC 0x9103c3b4e834476c9a62ea009ba2c884ee42e94e6e314a26f04d312434191836 hf:0.9995 collateralAsset:0.0542 oraclePrice:602976734200000000000000000000000000000
2026/06/05 15:39:11 [liq] simulation failed for 0xfD80a5a9CaCC5F3B7c63b8aBB8bC02e5B9EDcd84: eth_call failed: dryRun: w3: 2 calls failed:
call[0]: execution reverted: inconsistent input
call[1]: execution reverted: inconsistent input
2026/06/05 15:39:11 liquidation check borrower 0x7fb0588C6E6e942D244cCD902320278E51Af2977 usd:1219.9123 for market cbBTC/USDC 0x9103c3b4e834476c9a62ea009ba2c884ee42e94e6e314a26f04d312434191836 hf:0.9995 collateralAsset:0.0235 oraclePrice:602976734200000000000000000000000000000
2026/06/05 15:39:11 [liq] simulation failed for 0xf1736Cc6B712b1Ae5981FbcA2826e8003Ba24898: eth_call failed: dryRun: w3: 2 calls failed:
call[0]: execution reverted: inconsistent input
call[1]: execution reverted: inconsistent input
2026/06/05 15:39:11 liquidation check borrower 0xDa556C6E93c5739f0e16f704Bf3C186ECb5C0872 usd:67.6710 for market cbBTC/USDC 0x9103c3b4e834476c9a62ea009ba2c884ee42e94e6e314a26f04d312434191836 hf:0.9998 collateralAsset:0.0013 oraclePrice:602976734200000000000000000000000000000
2026/06/05 15:39:11 [liq] simulation failed for 0x19CF76bfcf5F2847F8C240A226DEFFAD3779c0aC: eth_call failed: dryRun: w3: 2 calls failed:
call[0]: execution reverted: inconsistent input
call[1]: execution reverted: inconsistent input
2026/06/05 15:39:11 [liq] simulation failed for 0x7fb0588C6E6e942D244cCD902320278E51Af2977: eth_call failed: dryRun: w3: 2 calls failed:
call[0]: execution reverted: inconsistent input
call[1]: execution reverted: inconsistent input
2026/06/05 15:39:11 [liq] simulation failed for 0xDa556C6E93c5739f0e16f704Bf3C186ECb5C0872: eth_call failed: dryRun: w3: 2 calls failed:
call[0]: execution reverted: inconsistent input
call[1]: execution reverted: inconsistent input
2026/06/05 15:39:17 latency:24ms WETH/USDC Pos: 3452 [1.0-1.1]: 334 [1.1-1.5]: 2008 USD < 10pct from liq: 837650.2766 
2026/06/05 15:39:29 latency:73ms cbBTC/USDC Pos: 12872 [1.0-1.1]: 1386 [1.1-1.5]: 6961 USD < 10pct from liq: 2766803.3404 
2026/06/05 15:40:00 latency:12ms vbETH/vbUSDC Pos: 35 [1.0-1.1]: 5 [1.1-1.5]: 14 USD < 10pct from liq: 6875.2018 
2026/06/05 15:40:07 liquidation check borrower 0x0266c12453CA461d74E702c1157f2c69A8B0eCCC usd:9129.0707 for market WETH/USDC 0x8793cf302b8ffd655ab97bd1c695dbd967807e8367a65cb2f4edaf1380ba1bda hf:0.9994 collateralAsset:6.7272 oraclePrice:1577600992922788213011276318
2026/06/05 15:40:07 liquidation check borrower 0x445f86D16CEF538b2cB833e21D16f9A84c14FD91 usd:1536.2739 for market WETH/USDC 0x8793cf302b8ffd655ab97bd1c695dbd967807e8367a65cb2f4edaf1380ba1bda hf:0.9996 collateralAsset:1.1323 oraclePrice:1577600992922788213011276318
2026/06/05 15:40:07 liquidation check borrower 0x8Ceb85a4d5cf4684aCF80759f4a459beb7784749 usd:2056.6560 for market WETH/USDC 0x8793cf302b8ffd655ab97bd1c695dbd967807e8367a65cb2f4edaf1380ba1bda hf:0.9997 collateralAsset:1.5160 oraclePrice:1577600992922788213011276318
2026/06/05 15:40:07 [liq] simulation failed for 0x0266c12453CA461d74E702c1157f2c69A8B0eCCC: eth_call failed: dryRun: w3: 2 calls failed:
call[0]: execution reverted: inconsistent input
call[1]: execution reverted: inconsistent input
2026/06/05 15:40:07 liquidation check borrower 0x7f6F3992b0B05FE33220f12E9E5A1DC02e9cd70C usd:404.5887 for market WETH/USDC 0x8793cf302b8ffd655ab97bd1c695dbd967807e8367a65cb2f4edaf1380ba1bda hf:0.9999 collateralAsset:0.2983 oraclePrice:1577600992922788213011276318
2026/06/05 15:40:07 [liq] simulation failed for 0x445f86D16CEF538b2cB833e21D16f9A84c14FD91: eth_call failed: dryRun: w3: 2 calls failed:
call[0]: execution reverted: inconsistent input
call[1]: execution reverted: inconsistent input
2026/06/05 15:40:08 [liq] simulation failed for 0x8Ceb85a4d5cf4684aCF80759f4a459beb7784749: eth_call failed: dryRun: w3: 2 calls failed:
call[0]: execution reverted: inconsistent input
call[1]: execution reverted: inconsistent input
2026/06/05 15:40:08 [liq] simulation failed for 0x7f6F3992b0B05FE33220f12E9E5A1DC02e9cd70C: eth_call failed: dryRun: w3: 2 calls failed:
call[0]: execution reverted: inconsistent input
call[1]: execution reverted: inconsistent input
2026/06/05 15:40:08 liquidation check borrower 0x0266c12453CA461d74E702c1157f2c69A8B0eCCC usd:9129.0707 for market WETH/USDC 0x8793cf302b8ffd655ab97bd1c695dbd967807e8367a65cb2f4edaf1380ba1bda hf:0.9994 collateralAsset:6.7272 oraclePrice:1577600992922788213011276318
2026/06/05 15:40:08 liquidation check borrower 0x445f86D16CEF538b2cB833e21D16f9A84c14FD91 usd:1536.2739 for market WETH/USDC 0x8793cf302b8ffd655ab97bd1c695dbd967807e8367a65cb2f4edaf1380ba1bda hf:0.9996 collateralAsset:1.1323 oraclePrice:1577600992922788213011276318
2026/06/05 15:40:08 liquidation check borrower 0x8Ceb85a4d5cf4684aCF80759f4a459beb7784749 usd:2056.6560 for market WETH/USDC 0x8793cf302b8ffd655ab97bd1c695dbd967807e8367a65cb2f4edaf1380ba1bda hf:0.9997 collateralAsset:1.5160 oraclePrice:1577600992922788213011276318
2026/06/05 15:40:08 [liq] simulation failed for 0x0266c12453CA461d74E702c1157f2c69A8B0eCCC: eth_call failed: dryRun: w3: 2 calls failed:
call[0]: execution reverted: inconsistent input
call[1]: execution reverted: inconsistent input
2026/06/05 15:40:08 liquidation check borrower 0x7f6F3992b0B05FE33220f12E9E5A1DC02e9cd70C usd:404.5887 for market WETH/USDC 0x8793cf302b8ffd655ab97bd1c695dbd967807e8367a65cb2f4edaf1380ba1bda hf:0.9999 collateralAsset:0.2983 oraclePrice:1577600992922788213011276318
2026/06/05 15:40:09 [liq] simulation failed for 0x445f86D16CEF538b2cB833e21D16f9A84c14FD91: eth_call failed: dryRun: w3: 2 calls failed:
call[0]: execution reverted: inconsistent input
call[1]: execution reverted: inconsistent input
2026/06/05 15:40:09 [liq] simulation failed for 0x8Ceb85a4d5cf4684aCF80759f4a459beb7784749: eth_call failed: dryRun: w3: 2 calls failed:
call[0]: execution reverted: inconsistent input
call[1]: execution reverted: inconsistent input
2026/06/05 15:40:09 [liq] simulation failed for 0x7f6F3992b0B05FE33220f12E9E5A1DC02e9cd70C: eth_call failed: dryRun: w3: 2 calls failed:
call[0]: execution reverted: inconsistent input
call[1]: execution reverted: inconsistent input
2026/06/05 15:40:09 liquidation check borrower 0x0266c12453CA461d74E702c1157f2c69A8B0eCCC usd:9129.0707 for market WETH/USDC 0x8793cf302b8ffd655ab97bd1c695dbd967807e8367a65cb2f4edaf1380ba1bda hf:0.9994 collateralAsset:6.7272 oraclePrice:1577600992922788213011276318
2026/06/05 15:40:09 liquidation check borrower 0x445f86D16CEF538b2cB833e21D16f9A84c14FD91 usd:1536.2739 for market WETH/USDC 0x8793cf302b8ffd655ab97bd1c695dbd967807e8367a65cb2f4edaf1380ba1bda hf:0.9996 collateralAsset:1.1323 oraclePrice:1577600992922788213011276318
2026/06/05 15:40:09 liquidation check borrower 0x8Ceb85a4d5cf4684aCF80759f4a459beb7784749 usd:2056.6560 for market WETH/USDC 0x8793cf302b8ffd655ab97bd1c695dbd967807e8367a65cb2f4edaf1380ba1bda hf:0.9997 collateralAsset:1.5160 oraclePrice:1577600992922788213011276318
2026/06/05 15:40:09 [liq] simulation failed for 0x0266c12453CA461d74E702c1157f2c69A8B0eCCC: eth_call failed: dryRun: w3: 2 calls failed:
call[0]: execution reverted: inconsistent input
call[1]: execution reverted: inconsistent input
2026/06/05 15:40:09 liquidation check borrower 0x7f6F3992b0B05FE33220f12E9E5A1DC02e9cd70C usd:404.5887 for market WETH/USDC 0x8793cf302b8ffd655ab97bd1c695dbd967807e8367a65cb2f4edaf1380ba1bda hf:0.9999 collateralAsset:0.2983 oraclePrice:1577600992922788213011276318
2026/06/05 15:40:09 [liq] simulation failed for 0x445f86D16CEF538b2cB833e21D16f9A84c14FD91: eth_call failed: dryRun: w3: 2 calls failed:
call[0]: execution reverted: inconsistent input
call[1]: execution reverted: inconsistent input
2026/06/05 15:40:10 liquidation check borrower 0x0266c12453CA461d74E702c1157f2c69A8B0eCCC usd:9129.0707 for market WETH/USDC 0x8793cf302b8ffd655ab97bd1c695dbd967807e8367a65cb2f4edaf1380ba1bda hf:0.9994 collateralAsset:6.7272 oraclePrice:1577600992922788213011276318
2026/06/05 15:40:11 [liq] simulation failed for 0x8Ceb85a4d5cf4684aCF80759f4a459beb7784749: eth_call failed: dryRun: w3: 2 calls failed:
call[0]: execution reverted: inconsistent input
call[1]: execution reverted: inconsistent input
2026/06/05 15:40:11 liquidation check borrower 0x445f86D16CEF538b2cB833e21D16f9A84c14FD91 usd:1536.2739 for market WETH/USDC 0x8793cf302b8ffd655ab97bd1c695dbd967807e8367a65cb2f4edaf1380ba1bda hf:0.9996 collateralAsset:1.1323 oraclePrice:1577600992922788213011276318
2026/06/05 15:40:11 [liq] simulation failed for 0x7f6F3992b0B05FE33220f12E9E5A1DC02e9cd70C: eth_call failed: dryRun: w3: 2 calls failed:
call[0]: execution reverted: inconsistent input
call[1]: execution reverted: inconsistent input
2026/06/05 15:40:11 liquidation check borrower 0x8Ceb85a4d5cf4684aCF80759f4a459beb7784749 usd:2056.6560 for market WETH/USDC 0x8793cf302b8ffd655ab97bd1c695dbd967807e8367a65cb2f4edaf1380ba1bda hf:0.9997 collateralAsset:1.5160 oraclePrice:1577600992922788213011276318
2026/06/05 15:40:11 [liq] simulation failed for 0x0266c12453CA461d74E702c1157f2c69A8B0eCCC: eth_call failed: dryRun: w3: 2 calls failed:
call[0]: execution reverted: inconsistent input
call[1]: execution reverted: inconsistent input
2026/06/05 15:40:11 liquidation check borrower 0x7f6F3992b0B05FE33220f12E9E5A1DC02e9cd70C usd:404.5887 for market WETH/USDC 0x8793cf302b8ffd655ab97bd1c695dbd967807e8367a65cb2f4edaf1380ba1bda hf:0.9999 collateralAsset:0.2983 oraclePrice:1577600992922788213011276318
2026/06/05 15:40:11 [liq] simulation failed for 0x445f86D16CEF538b2cB833e21D16f9A84c14FD91: eth_call failed: dryRun: w3: 2 calls failed:
call[0]: execution reverted: inconsistent input
call[1]: execution reverted: inconsistent input
2026/06/05 15:40:11 [liq] simulation failed for 0x8Ceb85a4d5cf4684aCF80759f4a459beb7784749: eth_call failed: dryRun: w3: 2 calls failed:
call[0]: execution reverted: inconsistent input
call[1]: execution reverted: inconsistent input
2026/06/05 15:40:11 [liq] simulation failed for 0x7f6F3992b0B05FE33220f12E9E5A1DC02e9cd70C: eth_call failed: dryRun: w3: 2 calls failed:
call[0]: execution reverted: inconsistent input
call[1]: execution reverted: inconsistent input
2026/06/05 15:40:11 liquidation check borrower 0x0266c12453CA461d74E702c1157f2c69A8B0eCCC usd:9129.0707 for market WETH/USDC 0x8793cf302b8ffd655ab97bd1c695dbd967807e8367a65cb2f4edaf1380ba1bda hf:0.9994 collateralAsset:6.7272 oraclePrice:1577600992922788213011276318
2026/06/05 15:40:11 liquidation check borrower 0x445f86D16CEF538b2cB833e21D16f9A84c14FD91 usd:1536.2739 for market WETH/USDC 0x8793cf302b8ffd655ab97bd1c695dbd967807e8367a65cb2f4edaf1380ba1bda hf:0.9996 collateralAsset:1.1323 oraclePrice:1577600992922788213011276318
2026/06/05 15:40:11 liquidation check borrower 0x8Ceb85a4d5cf4684aCF80759f4a459beb7784749 usd:2056.6560 for market WETH/USDC 0x8793cf302b8ffd655ab97bd1c695dbd967807e8367a65cb2f4edaf1380ba1bda hf:0.9997 collateralAsset:1.5160 oraclePrice:1577600992922788213011276318
2026/06/05 15:40:11 [liq] simulation failed for 0x0266c12453CA461d74E702c1157f2c69A8B0eCCC: eth_call failed: dryRun: w3: 2 calls failed:
call[0]: execution reverted: inconsistent input
call[1]: execution reverted: inconsistent input
2026/06/05 15:40:11 liquidation check borrower 0x7f6F3992b0B05FE33220f12E9E5A1DC02e9cd70C usd:404.5887 for market WETH/USDC 0x8793cf302b8ffd655ab97bd1c695dbd967807e8367a65cb2f4edaf1380ba1bda hf:0.9999 collateralAsset:0.2983 oraclePrice:1577600992922788213011276318
2026/06/05 15:40:11 [liq] simulation failed for 0x445f86D16CEF538b2cB833e21D16f9A84c14FD91: eth_call failed: dryRun: w3: 2 calls failed:
call[0]: execution reverted: inconsistent input
call[1]: execution reverted: inconsistent input
2026/06/05 15:40:12 [liq] simulation failed for 0x8Ceb85a4d5cf4684aCF80759f4a459beb7784749: eth_call failed: dryRun: w3: 2 calls failed:
call[0]: execution reverted: inconsistent input
call[1]: execution reverted: inconsistent input
2026/06/05 15:40:12 [liq] simulation failed for 0x7f6F3992b0B05FE33220f12E9E5A1DC02e9cd70C: eth_call failed: dryRun: w3: 2 calls failed:
call[0]: execution reverted: inconsistent input
call[1]: execution reverted: inconsistent input
2026/06/05 15:40:12 liquidation check borrower 0x0266c12453CA461d74E702c1157f2c69A8B0eCCC usd:9129.0707 for market WETH/USDC 0x8793cf302b8ffd655ab97bd1c695dbd967807e8367a65cb2f4edaf1380ba1bda hf:0.9994 collateralAsset:6.7272 oraclePrice:1577600992922788213011276318
2026/06/05 15:40:12 liquidation check borrower 0x445f86D16CEF538b2cB833e21D16f9A84c14FD91 usd:1536.2739 for market WETH/USDC 0x8793cf302b8ffd655ab97bd1c695dbd967807e8367a65cb2f4edaf1380ba1bda hf:0.9996 collateralAsset:1.1323 oraclePrice:1577600992922788213011276318
2026/06/05 15:40:12 liquidation check borrower 0x8Ceb85a4d5cf4684aCF80759f4a459beb7784749 usd:2056.6560 for market WETH/USDC 0x8793cf302b8ffd655ab97bd1c695dbd967807e8367a65cb2f4edaf1380ba1bda hf:0.9997 collateralAsset:1.5160 oraclePrice:1577600992922788213011276318
2026/06/05 15:40:12 [liq] simulation failed for 0x0266c12453CA461d74E702c1157f2c69A8B0eCCC: eth_call failed: dryRun: w3: 2 calls failed:
call[0]: execution reverted: inconsistent input
call[1]: execution reverted: inconsistent input
2026/06/05 15:40:12 liquidation check borrower 0x7f6F3992b0B05FE33220f12E9E5A1DC02e9cd70C usd:404.5887 for market WETH/USDC 0x8793cf302b8ffd655ab97bd1c695dbd967807e8367a65cb2f4edaf1380ba1bda hf:0.9999 collateralAsset:0.2983 oraclePrice:1577600992922788213011276318
2026/06/05 15:40:12 [liq] simulation failed for 0x445f86D16CEF538b2cB833e21D16f9A84c14FD91: eth_call failed: dryRun: w3: 2 calls failed:
call[0]: execution reverted: inconsistent input
call[1]: execution reverted: inconsistent input
2026/06/05 15:40:13 [liq] simulation failed for 0x8Ceb85a4d5cf4684aCF80759f4a459beb7784749: eth_call failed: dryRun: w3: 2 calls failed:
call[0]: execution reverted: inconsistent input
call[1]: execution reverted: inconsistent input
2026/06/05 15:40:13 [liq] simulation failed for 0x7f6F3992b0B05FE33220f12E9E5A1DC02e9cd70C: eth_call failed: dryRun: w3: 2 calls failed:
call[0]: execution reverted: inconsistent input
call[1]: execution reverted: inconsistent input
2026/06/05 15:40:13 liquidation check borrower 0x0266c12453CA461d74E702c1157f2c69A8B0eCCC usd:9129.0707 for market WETH/USDC 0x8793cf302b8ffd655ab97bd1c695dbd967807e8367a65cb2f4edaf1380ba1bda hf:0.9994 collateralAsset:6.7272 oraclePrice:1577600992922788213011276318
2026/06/05 15:40:13 liquidation check borrower 0x445f86D16CEF538b2cB833e21D16f9A84c14FD91 usd:1536.2739 for market WETH/USDC 0x8793cf302b8ffd655ab97bd1c695dbd967807e8367a65cb2f4edaf1380ba1bda hf:0.9996 collateralAsset:1.1323 oraclePrice:1577600992922788213011276318
2026/06/05 15:40:13 liquidation check borrower 0x8Ceb85a4d5cf4684aCF80759f4a459beb7784749 usd:2056.6560 for market WETH/USDC 0x8793cf302b8ffd655ab97bd1c695dbd967807e8367a65cb2f4edaf1380ba1bda hf:0.9997 collateralAsset:1.5160 oraclePrice:1577600992922788213011276318
2026/06/05 15:40:13 [liq] simulation failed for 0x0266c12453CA461d74E702c1157f2c69A8B0eCCC: eth_call failed: dryRun: w3: 2 calls failed:
call[0]: execution reverted: inconsistent input
call[1]: execution reverted: inconsistent input
2026/06/05 15:40:13 liquidation check borrower 0x7f6F3992b0B05FE33220f12E9E5A1DC02e9cd70C usd:404.5887 for market WETH/USDC 0x8793cf302b8ffd655ab97bd1c695dbd967807e8367a65cb2f4edaf1380ba1bda hf:0.9999 collateralAsset:0.2983 oraclePrice:1577600992922788213011276318
2026/06/05 15:40:13 [liq] simulation failed for 0x445f86D16CEF538b2cB833e21D16f9A84c14FD91: eth_call failed: dryRun: w3: 2 calls failed:
call[0]: execution reverted: inconsistent input
call[1]: execution reverted: inconsistent input
2026/06/05 15:40:14 [liq] simulation failed for 0x8Ceb85a4d5cf4684aCF80759f4a459beb7784749: eth_call failed: dryRun: w3: 2 calls failed:
call[0]: execution reverted: inconsistent input
call[1]: execution reverted: inconsistent input
2026/06/05 15:40:14 [liq] simulation failed for 0x7f6F3992b0B05FE33220f12E9E5A1DC02e9cd70C: eth_call failed: dryRun: w3: 2 calls failed:
call[0]: execution reverted: inconsistent input
call[1]: execution reverted: inconsistent input
2026/06/05 15:40:14 liquidation check borrower 0x0266c12453CA461d74E702c1157f2c69A8B0eCCC usd:9129.0707 for market WETH/USDC 0x8793cf302b8ffd655ab97bd1c695dbd967807e8367a65cb2f4edaf1380ba1bda hf:0.9994 collateralAsset:6.7272 oraclePrice:1577600992922788213011276318
2026/06/05 15:40:14 liquidation check borrower 0x445f86D16CEF538b2cB833e21D16f9A84c14FD91 usd:1536.2739 for market WETH/USDC 0x8793cf302b8ffd655ab97bd1c695dbd967807e8367a65cb2f4edaf1380ba1bda hf:0.9996 collateralAsset:1.1323 oraclePrice:1577600992922788213011276318
2026/06/05 15:40:14 liquidation check borrower 0x8Ceb85a4d5cf4684aCF80759f4a459beb7784749 usd:2056.6560 for market WETH/USDC 0x8793cf302b8ffd655ab97bd1c695dbd967807e8367a65cb2f4edaf1380ba1bda hf:0.9997 collateralAsset:1.5160 oraclePrice:1577600992922788213011276318
2026/06/05 15:40:14 [liq] simulation failed for 0x0266c12453CA461d74E702c1157f2c69A8B0eCCC: eth_call failed: dryRun: w3: 2 calls failed:
call[0]: execution reverted: inconsistent input
call[1]: execution reverted: inconsistent input
2026/06/05 15:40:14 liquidation check borrower 0x7f6F3992b0B05FE33220f12E9E5A1DC02e9cd70C usd:404.5887 for market WETH/USDC 0x8793cf302b8ffd655ab97bd1c695dbd967807e8367a65cb2f4edaf1380ba1bda hf:0.9999 collateralAsset:0.2983 oraclePrice:1577600992922788213011276318
2026/06/05 15:40:14 [liq] simulation failed for 0x445f86D16CEF538b2cB833e21D16f9A84c14FD91: eth_call failed: dryRun: w3: 2 calls failed:
call[0]: execution reverted: inconsistent input
call[1]: execution reverted: inconsistent input
2026/06/05 15:40:15 [liq] simulation failed for 0x8Ceb85a4d5cf4684aCF80759f4a459beb7784749: eth_call failed: dryRun: w3: 2 calls failed:
call[0]: execution reverted: inconsistent input
call[1]: execution reverted: inconsistent input
2026/06/05 15:40:15 [liq] simulation failed for 0x7f6F3992b0B05FE33220f12E9E5A1DC02e9cd70C: eth_call failed: dryRun: w3: 2 calls failed:
call[0]: execution reverted: inconsistent input
call[1]: execution reverted: inconsistent input
2026/06/05 15:40:15 liquidation check borrower 0x2FBe72f2ac885F217bdd05D65774c1D9d35D447C usd:7.6639 for market cbBTC/USDC 0x9103c3b4e834476c9a62ea009ba2c884ee42e94e6e314a26f04d312434191836 hf:0.9983 collateralAsset:0.0001 oraclePrice:601921599300000000000000000000000000000
2026/06/05 15:40:15 liquidation check borrower 0xf158024eF272673649877E14EE517abB8bF809f8 usd:4428.1774 for market cbBTC/USDC 0x9103c3b4e834476c9a62ea009ba2c884ee42e94e6e314a26f04d312434191836 hf:0.9983 collateralAsset:0.0854 oraclePrice:601921599300000000000000000000000000000
2026/06/05 15:40:15 liquidation check borrower 0xc74C734C78137738e6265a9e91fc23863Da106b8 usd:1510.6421 for market cbBTC/USDC 0x9103c3b4e834476c9a62ea009ba2c884ee42e94e6e314a26f04d312434191836 hf:0.9983 collateralAsset:0.0291 oraclePrice:601921599300000000000000000000000000000
2026/06/05 15:40:15 [liq] simulation failed for 0x2FBe72f2ac885F217bdd05D65774c1D9d35D447C: eth_call failed: dryRun: w3: 2 calls failed:
call[0]: execution reverted: inconsistent input
call[1]: execution reverted: inconsistent input
2026/06/05 15:40:15 liquidation check borrower 0x913Dd664593D5FFA116d7701b663653506F3E6fb usd:195.7517 for market cbBTC/USDC 0x9103c3b4e834476c9a62ea009ba2c884ee42e94e6e314a26f04d312434191836 hf:0.9984 collateralAsset:0.0038 oraclePrice:601921599300000000000000000000000000000
2026/06/05 15:40:15 [liq] simulation failed for 0xf158024eF272673649877E14EE517abB8bF809f8: eth_call failed: dryRun: w3: 2 calls failed:
call[0]: execution reverted: inconsistent input
call[1]: execution reverted: inconsistent input
2026/06/05 15:40:15 liquidation check borrower 0x3b7F81136C083C3966e4D54cb2e865d0Ba81cc36 usd:184.5688 for market cbBTC/USDC 0x9103c3b4e834476c9a62ea009ba2c884ee42e94e6e314a26f04d312434191836 hf:0.9986 collateralAsset:0.0036 oraclePrice:601921599300000000000000000000000000000
2026/06/05 15:40:15 [liq] simulation failed for 0xc74C734C78137738e6265a9e91fc23863Da106b8: eth_call failed: dryRun: w3: 2 calls failed:
call[0]: execution reverted: inconsistent input
call[1]: execution reverted: inconsistent input
2026/06/05 15:40:15 liquidation check borrower 0xBCFdEDed9BEA432D2635d57078FB645B8cdB3E50 usd:5087.7313 for market cbBTC/USDC 0x9103c3b4e834476c9a62ea009ba2c884ee42e94e6e314a26f04d312434191836 hf:0.9987 collateralAsset:0.0982 oraclePrice:601921599300000000000000000000000000000
2026/06/05 15:40:15 [liq] simulation failed for 0x913Dd664593D5FFA116d7701b663653506F3E6fb: eth_call failed: dryRun: w3: 2 calls failed:
call[0]: execution reverted: inconsistent input
call[1]: execution reverted: inconsistent input
2026/06/05 15:40:15 liquidation check borrower 0xa9D24E6581533932d930FE64D15E0514a71c0E46 usd:4588.8827 for market cbBTC/USDC 0x9103c3b4e834476c9a62ea009ba2c884ee42e94e6e314a26f04d312434191836 hf:0.9988 collateralAsset:0.0886 oraclePrice:601921599300000000000000000000000000000
2026/06/05 15:40:15 [liq] simulation failed for 0x3b7F81136C083C3966e4D54cb2e865d0Ba81cc36: eth_call failed: dryRun: w3: 2 calls failed:
call[0]: execution reverted: inconsistent input
call[1]: execution reverted: inconsistent input
2026/06/05 15:40:15 liquidation check borrower 0xDd09834b8c8B3466626912C3E439a7e7Da22Dc6b usd:1011.5308 for market cbBTC/USDC 0x9103c3b4e834476c9a62ea009ba2c884ee42e94e6e314a26f04d312434191836 hf:0.9988 collateralAsset:0.0195 oraclePrice:601921599300000000000000000000000000000
2026/06/05 15:40:15 [liq] simulation failed for 0xBCFdEDed9BEA432D2635d57078FB645B8cdB3E50: eth_call failed: dryRun: w3: 2 calls failed:
call[0]: execution reverted: inconsistent input
call[1]: execution reverted: inconsistent input
2026/06/05 15:40:15 liquidation check borrower 0x97151e69692A0AE6aE8cceaab25d7A5f2C94C7D8 usd:10.2274 for market cbBTC/USDC 0x9103c3b4e834476c9a62ea009ba2c884ee42e94e6e314a26f04d312434191836 hf:0.9991 collateralAsset:0.0002 oraclePrice:601921599300000000000000000000000000000
2026/06/05 15:40:15 [liq] simulation failed for 0xa9D24E6581533932d930FE64D15E0514a71c0E46: eth_call failed: dryRun: w3: 2 calls failed:
call[0]: execution reverted: inconsistent input
call[1]: execution reverted: inconsistent input
2026/06/05 15:40:15 liquidation check borrower 0xBdfb1b42Bd8A8f6131c440048BA6642D57602404 usd:1534.1639 for market cbBTC/USDC 0x9103c3b4e834476c9a62ea009ba2c884ee42e94e6e314a26f04d312434191836 hf:0.9991 collateralAsset:0.0296 oraclePrice:601921599300000000000000000000000000000
2026/06/05 15:40:15 [liq] simulation failed for 0xDd09834b8c8B3466626912C3E439a7e7Da22Dc6b: eth_call failed: dryRun: w3: 2 calls failed:
call[0]: execution reverted: inconsistent input
call[1]: execution reverted: inconsistent input
2026/06/05 15:40:15 liquidation check borrower 0xe7e4cF9c0b1e0024AF2D5466EA11a562b386380a usd:43.5533 for market cbBTC/USDC 0x9103c3b4e834476c9a62ea009ba2c884ee42e94e6e314a26f04d312434191836 hf:0.9991 collateralAsset:0.0008 oraclePrice:601921599300000000000000000000000000000
2026/06/05 15:40:15 [liq] simulation failed for 0x97151e69692A0AE6aE8cceaab25d7A5f2C94C7D8: eth_call failed: dryRun: w3: 2 calls failed:
call[0]: execution reverted: inconsistent input
call[1]: execution reverted: inconsistent input
2026/06/05 15:40:15 liquidation check borrower 0x683414F217eaA6Fea3B26F04b9a41052305Fbdc2 usd:188.5431 for market cbBTC/USDC 0x9103c3b4e834476c9a62ea009ba2c884ee42e94e6e314a26f04d312434191836 hf:0.9992 collateralAsset:0.0036 oraclePrice:601921599300000000000000000000000000000
2026/06/05 15:40:15 [liq] simulation failed for 0xBdfb1b42Bd8A8f6131c440048BA6642D57602404: eth_call failed: dryRun: w3: 2 calls failed:
call[0]: execution reverted: inconsistent input
call[1]: execution reverted: inconsistent input
2026/06/05 15:40:15 liquidation check borrower 0x9B73e3b6a6676B2fD0d10993BB01FecaB8EA4AD7 usd:3090.1693 for market cbBTC/USDC 0x9103c3b4e834476c9a62ea009ba2c884ee42e94e6e314a26f04d312434191836 hf:0.9993 collateralAsset:0.0597 oraclePrice:601921599300000000000000000000000000000
2026/06/05 15:40:15 [liq] simulation failed for 0xe7e4cF9c0b1e0024AF2D5466EA11a562b386380a: eth_call failed: dryRun: w3: 2 calls failed:
call[0]: execution reverted: inconsistent input
call[1]: execution reverted: inconsistent input
2026/06/05 15:40:15 liquidation check borrower 0xF3e73deA190467D5aE47A5e6a0Dc4eCe5abA1758 usd:2584.0094 for market cbBTC/USDC 0x9103c3b4e834476c9a62ea009ba2c884ee42e94e6e314a26f04d312434191836 hf:0.9993 collateralAsset:0.0499 oraclePrice:601921599300000000000000000000000000000
2026/06/05 15:40:15 [liq] simulation failed for 0x683414F217eaA6Fea3B26F04b9a41052305Fbdc2: eth_call failed: dryRun: w3: 2 calls failed:
call[0]: execution reverted: inconsistent input
call[1]: execution reverted: inconsistent input
2026/06/05 15:40:15 liquidation check borrower 0xA84053Fc6c8dCbC4fD9921C91463e30e9950E258 usd:1382.5826 for market cbBTC/USDC 0x9103c3b4e834476c9a62ea009ba2c884ee42e94e6e314a26f04d312434191836 hf:0.9997 collateralAsset:0.0267 oraclePrice:601921599300000000000000000000000000000
2026/06/05 15:40:15 [liq] simulation failed for 0x9B73e3b6a6676B2fD0d10993BB01FecaB8EA4AD7: eth_call failed: dryRun: w3: 2 calls failed:
call[0]: execution reverted: inconsistent input
call[1]: execution reverted: inconsistent input
2026/06/05 15:40:15 liquidation check borrower 0x0B7b4B31527B4A3649a1a2c3f05C9680356dd794 usd:3040.7822 for market cbBTC/USDC 0x9103c3b4e834476c9a62ea009ba2c884ee42e94e6e314a26f04d312434191836 hf:0.9998 collateralAsset:0.0588 oraclePrice:601921599300000000000000000000000000000
2026/06/05 15:40:15 [liq] simulation failed for 0xF3e73deA190467D5aE47A5e6a0Dc4eCe5abA1758: eth_call failed: dryRun: w3: 2 calls failed:
call[0]: execution reverted: inconsistent input
call[1]: execution reverted: inconsistent input
2026/06/05 15:40:15 liquidation check borrower 0x5EfAa61BD2a66785C4B466bDbF94e7c38ACf5118 usd:11.8526 for market cbBTC/USDC 0x9103c3b4e834476c9a62ea009ba2c884ee42e94e6e314a26f04d312434191836 hf:0.9998 collateralAsset:0.0002 oraclePrice:601921599300000000000000000000000000000
2026/06/05 15:40:15 [liq] simulation failed for 0xA84053Fc6c8dCbC4fD9921C91463e30e9950E258: eth_call failed: dryRun: w3: 2 calls failed:
call[0]: execution reverted: inconsistent input
call[1]: execution reverted: inconsistent input
2026/06/05 15:40:15 liquidation check borrower 0x442e4D9b2Dc6847160c00a46312bbaC9746F3c21 usd:373.2704 for market cbBTC/USDC 0x9103c3b4e834476c9a62ea009ba2c884ee42e94e6e314a26f04d312434191836 hf:0.9998 collateralAsset:0.0072 oraclePrice:601921599300000000000000000000000000000
2026/06/05 15:40:15 [liq] simulation failed for 0x0B7b4B31527B4A3649a1a2c3f05C9680356dd794: eth_call failed: dryRun: w3: 2 calls failed:
call[0]: execution reverted: inconsistent input
call[1]: execution reverted: inconsistent input
2026/06/05 15:40:15 liquidation check borrower 0xDA0bf93Aa8ac1F0138B5275477e95C907317F447 usd:11.6805 for market cbBTC/USDC 0x9103c3b4e834476c9a62ea009ba2c884ee42e94e6e314a26f04d312434191836 hf:1.0000 collateralAsset:0.0002 oraclePrice:601921599300000000000000000000000000000
2026/06/05 15:40:15 [liq] simulation failed for 0x5EfAa61BD2a66785C4B466bDbF94e7c38ACf5118: eth_call failed: dryRun: w3: 2 calls failed:
call[0]: execution reverted: inconsistent input
call[1]: execution reverted: inconsistent input
2026/06/05 15:40:16 [liq] simulation failed for 0x442e4D9b2Dc6847160c00a46312bbaC9746F3c21: eth_call failed: dryRun: w3: 2 calls failed:
call[0]: execution reverted: inconsistent input
call[1]: execution reverted: inconsistent input
2026/06/05 15:40:16 liquidation check borrower 0x0266c12453CA461d74E702c1157f2c69A8B0eCCC usd:9129.0707 for market WETH/USDC 0x8793cf302b8ffd655ab97bd1c695dbd967807e8367a65cb2f4edaf1380ba1bda hf:0.9994 collateralAsset:6.7272 oraclePrice:1577600992922788213011276318
2026/06/05 15:40:16 liquidation check borrower 0x445f86D16CEF538b2cB833e21D16f9A84c14FD91 usd:1536.2739 for market WETH/USDC 0x8793cf302b8ffd655ab97bd1c695dbd967807e8367a65cb2f4edaf1380ba1bda hf:0.9996 collateralAsset:1.1323 oraclePrice:1577600992922788213011276318
2026/06/05 15:40:16 [liq] simulation failed for 0xDA0bf93Aa8ac1F0138B5275477e95C907317F447: eth_call failed: dryRun: w3: 2 calls failed:
call[0]: execution reverted: inconsistent input
call[1]: execution reverted: inconsistent input
2026/06/05 15:40:16 liquidation check borrower 0x8Ceb85a4d5cf4684aCF80759f4a459beb7784749 usd:2056.6560 for market WETH/USDC 0x8793cf302b8ffd655ab97bd1c695dbd967807e8367a65cb2f4edaf1380ba1bda hf:0.9997 collateralAsset:1.5160 oraclePrice:1577600992922788213011276318
2026/06/05 15:40:16 [liq] simulation failed for 0x0266c12453CA461d74E702c1157f2c69A8B0eCCC: eth_call failed: dryRun: w3: 2 calls failed:
call[0]: execution reverted: inconsistent input
call[1]: execution reverted: inconsistent input
2026/06/05 15:40:16 liquidation check borrower 0x7f6F3992b0B05FE33220f12E9E5A1DC02e9cd70C usd:404.5887 for market WETH/USDC 0x8793cf302b8ffd655ab97bd1c695dbd967807e8367a65cb2f4edaf1380ba1bda hf:0.9999 collateralAsset:0.2983 oraclePrice:1577600992922788213011276318
2026/06/05 15:40:16 [liq] simulation failed for 0x445f86D16CEF538b2cB833e21D16f9A84c14FD91: eth_call failed: dryRun: w3: 2 calls failed:
call[0]: execution reverted: inconsistent input
call[1]: execution reverted: inconsistent input
2026/06/05 15:40:16 [liq] simulation failed for 0x8Ceb85a4d5cf4684aCF80759f4a459beb7784749: eth_call failed: dryRun: w3: 2 calls failed:
call[0]: execution reverted: inconsistent input
call[1]: execution reverted: inconsistent input
2026/06/05 15:40:16 liquidation check borrower 0x2FBe72f2ac885F217bdd05D65774c1D9d35D447C usd:7.6639 for market cbBTC/USDC 0x9103c3b4e834476c9a62ea009ba2c884ee42e94e6e314a26f04d312434191836 hf:0.9983 collateralAsset:0.0001 oraclePrice:601921599300000000000000000000000000000
2026/06/05 15:40:16 liquidation check borrower 0xf158024eF272673649877E14EE517abB8bF809f8 usd:4428.1774 for market cbBTC/USDC 0x9103c3b4e834476c9a62ea009ba2c884ee42e94e6e314a26f04d312434191836 hf:0.9983 collateralAsset:0.0854 oraclePrice:601921599300000000000000000000000000000
2026/06/05 15:40:16 [liq] simulation failed for 0x7f6F3992b0B05FE33220f12E9E5A1DC02e9cd70C: eth_call failed: dryRun: w3: 2 calls failed:
call[0]: execution reverted: inconsistent input
call[1]: execution reverted: inconsistent input
2026/06/05 15:40:16 liquidation check borrower 0xc74C734C78137738e6265a9e91fc23863Da106b8 usd:1510.6421 for market cbBTC/USDC 0x9103c3b4e834476c9a62ea009ba2c884ee42e94e6e314a26f04d312434191836 hf:0.9983 collateralAsset:0.0291 oraclePrice:601921599300000000000000000000000000000
2026/06/05 15:40:17 [liq] simulation failed for 0x2FBe72f2ac885F217bdd05D65774c1D9d35D447C: eth_call failed: dryRun: w3: 2 calls failed:
call[0]: execution reverted: inconsistent input
call[1]: execution reverted: inconsistent input
2026/06/05 15:40:17 liquidation check borrower 0x913Dd664593D5FFA116d7701b663653506F3E6fb usd:195.7517 for market cbBTC/USDC 0x9103c3b4e834476c9a62ea009ba2c884ee42e94e6e314a26f04d312434191836 hf:0.9984 collateralAsset:0.0038 oraclePrice:601921599300000000000000000000000000000
2026/06/05 15:40:17 liquidation check borrower 0x0266c12453CA461d74E702c1157f2c69A8B0eCCC usd:9129.0707 for market WETH/USDC 0x8793cf302b8ffd655ab97bd1c695dbd967807e8367a65cb2f4edaf1380ba1bda hf:0.9994 collateralAsset:6.7272 oraclePrice:1577600992922788213011276318
2026/06/05 15:40:17 [liq] simulation failed for 0xf158024eF272673649877E14EE517abB8bF809f8: eth_call failed: dryRun: w3: 2 calls failed:
call[0]: execution reverted: inconsistent input
call[1]: execution reverted: inconsistent input
2026/06/05 15:40:17 liquidation check borrower 0x3b7F81136C083C3966e4D54cb2e865d0Ba81cc36 usd:184.5688 for market cbBTC/USDC 0x9103c3b4e834476c9a62ea009ba2c884ee42e94e6e314a26f04d312434191836 hf:0.9986 collateralAsset:0.0036 oraclePrice:601921599300000000000000000000000000000
2026/06/05 15:40:17 [liq] simulation failed for 0xc74C734C78137738e6265a9e91fc23863Da106b8: eth_call failed: dryRun: w3: 2 calls failed:
call[0]: execution reverted: inconsistent input
call[1]: execution reverted: inconsistent input
2026/06/05 15:40:17 liquidation check borrower 0x445f86D16CEF538b2cB833e21D16f9A84c14FD91 usd:1536.2739 for market WETH/USDC 0x8793cf302b8ffd655ab97bd1c695dbd967807e8367a65cb2f4edaf1380ba1bda hf:0.9996 collateralAsset:1.1323 oraclePrice:1577600992922788213011276318
2026/06/05 15:40:17 [liq] simulation failed for 0x913Dd664593D5FFA116d7701b663653506F3E6fb: eth_call failed: dryRun: w3: 2 calls failed:
call[0]: execution reverted: inconsistent input
call[1]: execution reverted: inconsistent input
2026/06/05 15:40:17 liquidation check borrower 0xBCFdEDed9BEA432D2635d57078FB645B8cdB3E50 usd:5087.7313 for market cbBTC/USDC 0x9103c3b4e834476c9a62ea009ba2c884ee42e94e6e314a26f04d312434191836 hf:0.9987 collateralAsset:0.0982 oraclePrice:601921599300000000000000000000000000000
2026/06/05 15:40:17 [liq] simulation failed for 0x0266c12453CA461d74E702c1157f2c69A8B0eCCC: eth_call failed: dryRun: w3: 2 calls failed:
call[0]: execution reverted: inconsistent input
call[1]: execution reverted: inconsistent input
2026/06/05 15:40:17 liquidation check borrower 0x8Ceb85a4d5cf4684aCF80759f4a459beb7784749 usd:2056.6560 for market WETH/USDC 0x8793cf302b8ffd655ab97bd1c695dbd967807e8367a65cb2f4edaf1380ba1bda hf:0.9997 collateralAsset:1.5160 oraclePrice:1577600992922788213011276318
2026/06/05 15:40:17 [liq] simulation failed for 0x3b7F81136C083C3966e4D54cb2e865d0Ba81cc36: eth_call failed: dryRun: w3: 2 calls failed:
call[0]: execution reverted: inconsistent input
call[1]: execution reverted: inconsistent input
2026/06/05 15:40:17 liquidation check borrower 0xa9D24E6581533932d930FE64D15E0514a71c0E46 usd:4588.8827 for market cbBTC/USDC 0x9103c3b4e834476c9a62ea009ba2c884ee42e94e6e314a26f04d312434191836 hf:0.9988 collateralAsset:0.0886 oraclePrice:601921599300000000000000000000000000000
2026/06/05 15:40:17 [liq] simulation failed for 0x445f86D16CEF538b2cB833e21D16f9A84c14FD91: eth_call failed: dryRun: w3: 2 calls failed:
call[0]: execution reverted: inconsistent input
call[1]: execution reverted: inconsistent input
2026/06/05 15:40:17 liquidation check borrower 0x7f6F3992b0B05FE33220f12E9E5A1DC02e9cd70C usd:404.5887 for market WETH/USDC 0x8793cf302b8ffd655ab97bd1c695dbd967807e8367a65cb2f4edaf1380ba1bda hf:0.9999 collateralAsset:0.2983 oraclePrice:1577600992922788213011276318
2026/06/05 15:40:17 [liq] simulation failed for 0xBCFdEDed9BEA432D2635d57078FB645B8cdB3E50: eth_call failed: dryRun: w3: 2 calls failed:
call[0]: execution reverted: inconsistent input
call[1]: execution reverted: inconsistent input
2026/06/05 15:40:17 liquidation check borrower 0xDd09834b8c8B3466626912C3E439a7e7Da22Dc6b usd:1011.5308 for market cbBTC/USDC 0x9103c3b4e834476c9a62ea009ba2c884ee42e94e6e314a26f04d312434191836 hf:0.9988 collateralAsset:0.0195 oraclePrice:601921599300000000000000000000000000000
2026/06/05 15:40:18 [liq] simulation failed for 0x8Ceb85a4d5cf4684aCF80759f4a459beb7784749: eth_call failed: dryRun: w3: 2 calls failed:
call[0]: execution reverted: inconsistent input
call[1]: execution reverted: inconsistent input
2026/06/05 15:40:18 [liq] simulation failed for 0xa9D24E6581533932d930FE64D15E0514a71c0E46: eth_call failed: dryRun: w3: 2 calls failed:
call[0]: execution reverted: inconsistent input
call[1]: execution reverted: inconsistent input
2026/06/05 15:40:18 liquidation check borrower 0x97151e69692A0AE6aE8cceaab25d7A5f2C94C7D8 usd:10.2274 for market cbBTC/USDC 0x9103c3b4e834476c9a62ea009ba2c884ee42e94e6e314a26f04d312434191836 hf:0.9991 collateralAsset:0.0002 oraclePrice:601921599300000000000000000000000000000
2026/06/05 15:40:18 [liq] simulation failed for 0x7f6F3992b0B05FE33220f12E9E5A1DC02e9cd70C: eth_call failed: dryRun: w3: 2 calls failed:
call[0]: execution reverted: inconsistent input
call[1]: execution reverted: inconsistent input
2026/06/05 15:40:18 liquidation check borrower 0xBdfb1b42Bd8A8f6131c440048BA6642D57602404 usd:1534.1639 for market cbBTC/USDC 0x9103c3b4e834476c9a62ea009ba2c884ee42e94e6e314a26f04d312434191836 hf:0.9991 collateralAsset:0.0296 oraclePrice:601921599300000000000000000000000000000
2026/06/05 15:40:18 [liq] simulation failed for 0xDd09834b8c8B3466626912C3E439a7e7Da22Dc6b: eth_call failed: dryRun: w3: 2 calls failed:
call[0]: execution reverted: inconsistent input
call[1]: execution reverted: inconsistent input
2026/06/05 15:40:18 liquidation check borrower 0xe7e4cF9c0b1e0024AF2D5466EA11a562b386380a usd:43.5533 for market cbBTC/USDC 0x9103c3b4e834476c9a62ea009ba2c884ee42e94e6e314a26f04d312434191836 hf:0.9991 collateralAsset:0.0008 oraclePrice:601921599300000000000000000000000000000
2026/06/05 15:40:18 [liq] simulation failed for 0x97151e69692A0AE6aE8cceaab25d7A5f2C94C7D8: eth_call failed: dryRun: w3: 2 calls failed:
call[0]: execution reverted: inconsistent input
call[1]: execution reverted: inconsistent input
2026/06/05 15:40:18 liquidation check borrower 0x683414F217eaA6Fea3B26F04b9a41052305Fbdc2 usd:188.5431 for market cbBTC/USDC 0x9103c3b4e834476c9a62ea009ba2c884ee42e94e6e314a26f04d312434191836 hf:0.9992 collateralAsset:0.0036 oraclePrice:601921599300000000000000000000000000000
2026/06/05 15:40:18 [liq] simulation failed for 0xBdfb1b42Bd8A8f6131c440048BA6642D57602404: eth_call failed: dryRun: w3: 2 calls failed:
call[0]: execution reverted: inconsistent input
call[1]: execution reverted: inconsistent input
2026/06/05 15:40:18 liquidation check borrower 0x9B73e3b6a6676B2fD0d10993BB01FecaB8EA4AD7 usd:3090.1693 for market cbBTC/USDC 0x9103c3b4e834476c9a62ea009ba2c884ee42e94e6e314a26f04d312434191836 hf:0.9993 collateralAsset:0.0597 oraclePrice:601921599300000000000000000000000000000
2026/06/05 15:40:18 [liq] simulation failed for 0xe7e4cF9c0b1e0024AF2D5466EA11a562b386380a: eth_call failed: dryRun: w3: 2 calls failed:
call[0]: execution reverted: inconsistent input
call[1]: execution reverted: inconsistent input
2026/06/05 15:40:18 liquidation check borrower 0xF3e73deA190467D5aE47A5e6a0Dc4eCe5abA1758 usd:2584.0094 for market cbBTC/USDC 0x9103c3b4e834476c9a62ea009ba2c884ee42e94e6e314a26f04d312434191836 hf:0.9993 collateralAsset:0.0499 oraclePrice:601921599300000000000000000000000000000
2026/06/05 15:40:19 [liq] simulation failed for 0x683414F217eaA6Fea3B26F04b9a41052305Fbdc2: eth_call failed: dryRun: w3: 2 calls failed:
call[0]: execution reverted: inconsistent input
call[1]: execution reverted: inconsistent input
2026/06/05 15:40:19 liquidation check borrower 0xA84053Fc6c8dCbC4fD9921C91463e30e9950E258 usd:1382.5826 for market cbBTC/USDC 0x9103c3b4e834476c9a62ea009ba2c884ee42e94e6e314a26f04d312434191836 hf:0.9997 collateralAsset:0.0267 oraclePrice:601921599300000000000000000000000000000
2026/06/05 15:40:19 [liq] simulation failed for 0x9B73e3b6a6676B2fD0d10993BB01FecaB8EA4AD7: eth_call failed: dryRun: w3: 2 calls failed:
call[0]: execution reverted: inconsistent input
call[1]: execution reverted: inconsistent input
2026/06/05 15:40:19 liquidation check borrower 0x0B7b4B31527B4A3649a1a2c3f05C9680356dd794 usd:3040.7822 for market cbBTC/USDC 0x9103c3b4e834476c9a62ea009ba2c884ee42e94e6e314a26f04d312434191836 hf:0.9998 collateralAsset:0.0588 oraclePrice:601921599300000000000000000000000000000
2026/06/05 15:40:19 [liq] simulation failed for 0xF3e73deA190467D5aE47A5e6a0Dc4eCe5abA1758: eth_call failed: dryRun: w3: 2 calls failed:
call[0]: execution reverted: inconsistent input
call[1]: execution reverted: inconsistent input
2026/06/05 15:40:19 liquidation check borrower 0x5EfAa61BD2a66785C4B466bDbF94e7c38ACf5118 usd:11.8526 for market cbBTC/USDC 0x9103c3b4e834476c9a62ea009ba2c884ee42e94e6e314a26f04d312434191836 hf:0.9998 collateralAsset:0.0002 oraclePrice:601921599300000000000000000000000000000
2026/06/05 15:40:19 [liq] simulation failed for 0xA84053Fc6c8dCbC4fD9921C91463e30e9950E258: eth_call failed: dryRun: w3: 2 calls failed:
call[0]: execution reverted: inconsistent input
call[1]: execution reverted: inconsistent input
2026/06/05 15:40:19 liquidation check borrower 0x442e4D9b2Dc6847160c00a46312bbaC9746F3c21 usd:373.2704 for market cbBTC/USDC 0x9103c3b4e834476c9a62ea009ba2c884ee42e94e6e314a26f04d312434191836 hf:0.9998 collateralAsset:0.0072 oraclePrice:601921599300000000000000000000000000000
2026/06/05 15:40:19 [liq] simulation failed for 0x0B7b4B31527B4A3649a1a2c3f05C9680356dd794: eth_call failed: dryRun: w3: 2 calls failed:
call[0]: execution reverted: inconsistent input
call[1]: execution reverted: inconsistent input
2026/06/05 15:40:19 liquidation check borrower 0xDA0bf93Aa8ac1F0138B5275477e95C907317F447 usd:11.6805 for market cbBTC/USDC 0x9103c3b4e834476c9a62ea009ba2c884ee42e94e6e314a26f04d312434191836 hf:1.0000 collateralAsset:0.0002 oraclePrice:601921599300000000000000000000000000000
2026/06/05 15:40:19 [liq] simulation failed for 0x5EfAa61BD2a66785C4B466bDbF94e7c38ACf5118: eth_call failed: dryRun: w3: 2 calls failed:
call[0]: execution reverted: inconsistent input
call[1]: execution reverted: inconsistent input
2026/06/05 15:40:20 [liq] simulation failed for 0x442e4D9b2Dc6847160c00a46312bbaC9746F3c21: eth_call failed: dryRun: w3: 2 calls failed:
call[0]: execution reverted: inconsistent input
call[1]: execution reverted: inconsistent input
2026/06/05 15:40:20 liquidation check borrower 0x2FBe72f2ac885F217bdd05D65774c1D9d35D447C usd:7.6639 for market cbBTC/USDC 0x9103c3b4e834476c9a62ea009ba2c884ee42e94e6e314a26f04d312434191836 hf:0.9983 collateralAsset:0.0001 oraclePrice:601921599300000000000000000000000000000
2026/06/05 15:40:20 liquidation check borrower 0xf158024eF272673649877E14EE517abB8bF809f8 usd:4428.1774 for market cbBTC/USDC 0x9103c3b4e834476c9a62ea009ba2c884ee42e94e6e314a26f04d312434191836 hf:0.9983 collateralAsset:0.0854 oraclePrice:601921599300000000000000000000000000000
2026/06/05 15:40:20 [liq] simulation failed for 0xDA0bf93Aa8ac1F0138B5275477e95C907317F447: eth_call failed: dryRun: w3: 2 calls failed:
call[0]: execution reverted: inconsistent input
call[1]: execution reverted: inconsistent input
2026/06/05 15:40:20 liquidation check borrower 0xc74C734C78137738e6265a9e91fc23863Da106b8 usd:1510.6421 for market cbBTC/USDC 0x9103c3b4e834476c9a62ea009ba2c884ee42e94e6e314a26f04d312434191836 hf:0.9983 collateralAsset:0.0291 oraclePrice:601921599300000000000000000000000000000
2026/06/05 15:40:20 [liq] simulation failed for 0x2FBe72f2ac885F217bdd05D65774c1D9d35D447C: eth_call failed: dryRun: w3: 2 calls failed:
call[0]: execution reverted: inconsistent input
call[1]: execution reverted: inconsistent input
2026/06/05 15:40:20 liquidation check borrower 0x913Dd664593D5FFA116d7701b663653506F3E6fb usd:195.7517 for market cbBTC/USDC 0x9103c3b4e834476c9a62ea009ba2c884ee42e94e6e314a26f04d312434191836 hf:0.9984 collateralAsset:0.0038 oraclePrice:601921599300000000000000000000000000000
2026/06/05 15:40:20 [liq] simulation failed for 0xf158024eF272673649877E14EE517abB8bF809f8: eth_call failed: dryRun: w3: 2 calls failed:
call[0]: execution reverted: inconsistent input
call[1]: execution reverted: inconsistent input
2026/06/05 15:40:20 liquidation check borrower 0x3b7F81136C083C3966e4D54cb2e865d0Ba81cc36 usd:184.5688 for market cbBTC/USDC 0x9103c3b4e834476c9a62ea009ba2c884ee42e94e6e314a26f04d312434191836 hf:0.9986 collateralAsset:0.0036 oraclePrice:601921599300000000000000000000000000000
2026/06/05 15:40:20 [liq] simulation failed for 0xc74C734C78137738e6265a9e91fc23863Da106b8: eth_call failed: dryRun: w3: 2 calls failed:
call[0]: execution reverted: inconsistent input
call[1]: execution reverted: inconsistent input
2026/06/05 15:40:20 liquidation check borrower 0xBCFdEDed9BEA432D2635d57078FB645B8cdB3E50 usd:5087.7313 for market cbBTC/USDC 0x9103c3b4e834476c9a62ea009ba2c884ee42e94e6e314a26f04d312434191836 hf:0.9987 collateralAsset:0.0982 oraclePrice:601921599300000000000000000000000000000
2026/06/05 15:40:20 [liq] simulation failed for 0x913Dd664593D5FFA116d7701b663653506F3E6fb: eth_call failed: dryRun: w3: 2 calls failed:
call[0]: execution reverted: inconsistent input
call[1]: execution reverted: inconsistent input
2026/06/05 15:40:20 liquidation check borrower 0xa9D24E6581533932d930FE64D15E0514a71c0E46 usd:4588.8827 for market cbBTC/USDC 0x9103c3b4e834476c9a62ea009ba2c884ee42e94e6e314a26f04d312434191836 hf:0.9988 collateralAsset:0.0886 oraclePrice:601921599300000000000000000000000000000
2026/06/05 15:40:20 [liq] simulation failed for 0x3b7F81136C083C3966e4D54cb2e865d0Ba81cc36: eth_call failed: dryRun: w3: 2 calls failed:
call[0]: execution reverted: inconsistent input
call[1]: execution reverted: inconsistent input
2026/06/05 15:40:20 liquidation check borrower 0xDd09834b8c8B3466626912C3E439a7e7Da22Dc6b usd:1011.5308 for market cbBTC/USDC 0x9103c3b4e834476c9a62ea009ba2c884ee42e94e6e314a26f04d312434191836 hf:0.9988 collateralAsset:0.0195 oraclePrice:601921599300000000000000000000000000000
2026/06/05 15:40:21 [liq] simulation failed for 0xBCFdEDed9BEA432D2635d57078FB645B8cdB3E50: eth_call failed: dryRun: w3: 2 calls failed:
call[0]: execution reverted: inconsistent input
call[1]: execution reverted: inconsistent input
2026/06/05 15:40:21 liquidation check borrower 0x97151e69692A0AE6aE8cceaab25d7A5f2C94C7D8 usd:10.2274 for market cbBTC/USDC 0x9103c3b4e834476c9a62ea009ba2c884ee42e94e6e314a26f04d312434191836 hf:0.9991 collateralAsset:0.0002 oraclePrice:601921599300000000000000000000000000000
2026/06/05 15:40:21 [liq] simulation failed for 0xa9D24E6581533932d930FE64D15E0514a71c0E46: eth_call failed: dryRun: w3: 2 calls failed:
call[0]: execution reverted: inconsistent input
call[1]: execution reverted: inconsistent input
2026/06/05 15:40:21 liquidation check borrower 0xBdfb1b42Bd8A8f6131c440048BA6642D57602404 usd:1534.1639 for market cbBTC/USDC 0x9103c3b4e834476c9a62ea009ba2c884ee42e94e6e314a26f04d312434191836 hf:0.9991 collateralAsset:0.0296 oraclePrice:601921599300000000000000000000000000000
2026/06/05 15:40:21 [liq] simulation failed for 0xDd09834b8c8B3466626912C3E439a7e7Da22Dc6b: eth_call failed: dryRun: w3: 2 calls failed:
call[0]: execution reverted: inconsistent input
call[1]: execution reverted: inconsistent input
2026/06/05 15:40:21 liquidation check borrower 0xe7e4cF9c0b1e0024AF2D5466EA11a562b386380a usd:43.5533 for market cbBTC/USDC 0x9103c3b4e834476c9a62ea009ba2c884ee42e94e6e314a26f04d312434191836 hf:0.9991 collateralAsset:0.0008 oraclePrice:601921599300000000000000000000000000000
2026/06/05 15:40:21 [liq] simulation failed for 0x97151e69692A0AE6aE8cceaab25d7A5f2C94C7D8: eth_call failed: dryRun: w3: 2 calls failed:
call[0]: execution reverted: inconsistent input
call[1]: execution reverted: inconsistent input
2026/06/05 15:40:21 liquidation check borrower 0x683414F217eaA6Fea3B26F04b9a41052305Fbdc2 usd:188.5431 for market cbBTC/USDC 0x9103c3b4e834476c9a62ea009ba2c884ee42e94e6e314a26f04d312434191836 hf:0.9992 collateralAsset:0.0036 oraclePrice:601921599300000000000000000000000000000
2026/06/05 15:40:21 [liq] simulation failed for 0xBdfb1b42Bd8A8f6131c440048BA6642D57602404: eth_call failed: dryRun: w3: 2 calls failed:
call[0]: execution reverted: inconsistent input
call[1]: execution reverted: inconsistent input
2026/06/05 15:40:21 liquidation check borrower 0x9B73e3b6a6676B2fD0d10993BB01FecaB8EA4AD7 usd:3090.1693 for market cbBTC/USDC 0x9103c3b4e834476c9a62ea009ba2c884ee42e94e6e314a26f04d312434191836 hf:0.9993 collateralAsset:0.0597 oraclePrice:601921599300000000000000000000000000000
2026/06/05 15:40:21 [liq] simulation failed for 0xe7e4cF9c0b1e0024AF2D5466EA11a562b386380a: eth_call failed: dryRun: w3: 2 calls failed:
call[0]: execution reverted: inconsistent input
call[1]: execution reverted: inconsistent input
2026/06/05 15:40:21 liquidation check borrower 0xF3e73deA190467D5aE47A5e6a0Dc4eCe5abA1758 usd:2584.0094 for market cbBTC/USDC 0x9103c3b4e834476c9a62ea009ba2c884ee42e94e6e314a26f04d312434191836 hf:0.9993 collateralAsset:0.0499 oraclePrice:601921599300000000000000000000000000000
2026/06/05 15:40:21 [liq] simulation failed for 0x683414F217eaA6Fea3B26F04b9a41052305Fbdc2: eth_call failed: dryRun: w3: 2 calls failed:
call[0]: execution reverted: inconsistent input
call[1]: execution reverted: inconsistent input
2026/06/05 15:40:21 liquidation check borrower 0xA84053Fc6c8dCbC4fD9921C91463e30e9950E258 usd:1382.5826 for market cbBTC/USDC 0x9103c3b4e834476c9a62ea009ba2c884ee42e94e6e314a26f04d312434191836 hf:0.9997 collateralAsset:0.0267 oraclePrice:601921599300000000000000000000000000000
2026/06/05 15:40:22 [liq] simulation failed for 0x9B73e3b6a6676B2fD0d10993BB01FecaB8EA4AD7: eth_call failed: dryRun: w3: 2 calls failed:
call[0]: execution reverted: inconsistent input
call[1]: execution reverted: inconsistent input
2026/06/05 15:40:22 liquidation check borrower 0x0B7b4B31527B4A3649a1a2c3f05C9680356dd794 usd:3040.7822 for market cbBTC/USDC 0x9103c3b4e834476c9a62ea009ba2c884ee42e94e6e314a26f04d312434191836 hf:0.9998 collateralAsset:0.0588 oraclePrice:601921599300000000000000000000000000000
2026/06/05 15:40:22 [liq] simulation failed for 0xF3e73deA190467D5aE47A5e6a0Dc4eCe5abA1758: eth_call failed: dryRun: w3: 2 calls failed:
call[0]: execution reverted: inconsistent input
call[1]: execution reverted: inconsistent input
2026/06/05 15:40:22 liquidation check borrower 0x5EfAa61BD2a66785C4B466bDbF94e7c38ACf5118 usd:11.8526 for market cbBTC/USDC 0x9103c3b4e834476c9a62ea009ba2c884ee42e94e6e314a26f04d312434191836 hf:0.9998 collateralAsset:0.0002 oraclePrice:601921599300000000000000000000000000000
2026/06/05 15:40:22 [liq] simulation failed for 0xA84053Fc6c8dCbC4fD9921C91463e30e9950E258: eth_call failed: dryRun: w3: 2 calls failed:
call[0]: execution reverted: inconsistent input
call[1]: execution reverted: inconsistent input
2026/06/05 15:40:22 liquidation check borrower 0x442e4D9b2Dc6847160c00a46312bbaC9746F3c21 usd:373.2704 for market cbBTC/USDC 0x9103c3b4e834476c9a62ea009ba2c884ee42e94e6e314a26f04d312434191836 hf:0.9998 collateralAsset:0.0072 oraclePrice:601921599300000000000000000000000000000
2026/06/05 15:40:22 [liq] simulation failed for 0x0B7b4B31527B4A3649a1a2c3f05C9680356dd794: eth_call failed: dryRun: w3: 2 calls failed:
call[0]: execution reverted: inconsistent input
call[1]: execution reverted: inconsistent input
2026/06/05 15:40:22 liquidation check borrower 0xDA0bf93Aa8ac1F0138B5275477e95C907317F447 usd:11.6805 for market cbBTC/USDC 0x9103c3b4e834476c9a62ea009ba2c884ee42e94e6e314a26f04d312434191836 hf:1.0000 collateralAsset:0.0002 oraclePrice:601921599300000000000000000000000000000
2026/06/05 15:40:22 [liq] simulation failed for 0x5EfAa61BD2a66785C4B466bDbF94e7c38ACf5118: eth_call failed: dryRun: w3: 2 calls failed:
call[0]: execution reverted: inconsistent input
call[1]: execution reverted: inconsistent input
2026/06/05 15:40:22 [liq] simulation failed for 0x442e4D9b2Dc6847160c00a46312bbaC9746F3c21: eth_call failed: dryRun: w3: 2 calls failed:
call[0]: execution reverted: inconsistent input
call[1]: execution reverted: inconsistent input
2026/06/05 15:40:22 liquidation check borrower 0x2FBe72f2ac885F217bdd05D65774c1D9d35D447C usd:7.6639 for market cbBTC/USDC 0x9103c3b4e834476c9a62ea009ba2c884ee42e94e6e314a26f04d312434191836 hf:0.9983 collateralAsset:0.0001 oraclePrice:601921599300000000000000000000000000000
2026/06/05 15:40:22 liquidation check borrower 0xf158024eF272673649877E14EE517abB8bF809f8 usd:4428.1774 for market cbBTC/USDC 0x9103c3b4e834476c9a62ea009ba2c884ee42e94e6e314a26f04d312434191836 hf:0.9983 collateralAsset:0.0854 oraclePrice:601921599300000000000000000000000000000
2026/06/05 15:40:23 [liq] simulation failed for 0xDA0bf93Aa8ac1F0138B5275477e95C907317F447: eth_call failed: dryRun: w3: 2 calls failed:
call[0]: execution reverted: inconsistent input
call[1]: execution reverted: inconsistent input
2026/06/05 15:40:23 liquidation check borrower 0xc74C734C78137738e6265a9e91fc23863Da106b8 usd:1510.6421 for market cbBTC/USDC 0x9103c3b4e834476c9a62ea009ba2c884ee42e94e6e314a26f04d312434191836 hf:0.9983 collateralAsset:0.0291 oraclePrice:601921599300000000000000000000000000000
2026/06/05 15:40:23 [liq] simulation failed for 0x2FBe72f2ac885F217bdd05D65774c1D9d35D447C: eth_call failed: dryRun: w3: 2 calls failed:
call[0]: execution reverted: inconsistent input
call[1]: execution reverted: inconsistent input
2026/06/05 15:40:23 liquidation check borrower 0x913Dd664593D5FFA116d7701b663653506F3E6fb usd:195.7517 for market cbBTC/USDC 0x9103c3b4e834476c9a62ea009ba2c884ee42e94e6e314a26f04d312434191836 hf:0.9984 collateralAsset:0.0038 oraclePrice:601921599300000000000000000000000000000
2026/06/05 15:40:23 [liq] simulation failed for 0xf158024eF272673649877E14EE517abB8bF809f8: eth_call failed: dryRun: w3: 2 calls failed:
call[0]: execution reverted: inconsistent input
call[1]: execution reverted: inconsistent input
2026/06/05 15:40:23 liquidation check borrower 0x3b7F81136C083C3966e4D54cb2e865d0Ba81cc36 usd:184.5688 for market cbBTC/USDC 0x9103c3b4e834476c9a62ea009ba2c884ee42e94e6e314a26f04d312434191836 hf:0.9986 collateralAsset:0.0036 oraclePrice:601921599300000000000000000000000000000
2026/06/05 15:40:23 [liq] simulation failed for 0xc74C734C78137738e6265a9e91fc23863Da106b8: eth_call failed: dryRun: w3: 2 calls failed:
call[0]: execution reverted: inconsistent input
call[1]: execution reverted: inconsistent input
2026/06/05 15:40:23 liquidation check borrower 0xBCFdEDed9BEA432D2635d57078FB645B8cdB3E50 usd:5087.7313 for market cbBTC/USDC 0x9103c3b4e834476c9a62ea009ba2c884ee42e94e6e314a26f04d312434191836 hf:0.9987 collateralAsset:0.0982 oraclePrice:601921599300000000000000000000000000000
2026/06/05 15:40:23 [liq] simulation failed for 0x913Dd664593D5FFA116d7701b663653506F3E6fb: eth_call failed: dryRun: w3: 2 calls failed:
call[0]: execution reverted: inconsistent input
call[1]: execution reverted: inconsistent input
2026/06/05 15:40:23 liquidation check borrower 0xa9D24E6581533932d930FE64D15E0514a71c0E46 usd:4588.8827 for market cbBTC/USDC 0x9103c3b4e834476c9a62ea009ba2c884ee42e94e6e314a26f04d312434191836 hf:0.9988 collateralAsset:0.0886 oraclePrice:601921599300000000000000000000000000000
2026/06/05 15:40:23 [liq] simulation failed for 0x3b7F81136C083C3966e4D54cb2e865d0Ba81cc36: eth_call failed: dryRun: w3: 2 calls failed:
call[0]: execution reverted: inconsistent input
call[1]: execution reverted: inconsistent input
2026/06/05 15:40:23 liquidation check borrower 0xDd09834b8c8B3466626912C3E439a7e7Da22Dc6b usd:1011.5308 for market cbBTC/USDC 0x9103c3b4e834476c9a62ea009ba2c884ee42e94e6e314a26f04d312434191836 hf:0.9988 collateralAsset:0.0195 oraclePrice:601921599300000000000000000000000000000
2026/06/05 15:40:23 [liq] simulation failed for 0xBCFdEDed9BEA432D2635d57078FB645B8cdB3E50: eth_call failed: dryRun: w3: 2 calls failed:
call[0]: execution reverted: inconsistent input
call[1]: execution reverted: inconsistent input
2026/06/05 15:40:23 liquidation check borrower 0x97151e69692A0AE6aE8cceaab25d7A5f2C94C7D8 usd:10.2274 for market cbBTC/USDC 0x9103c3b4e834476c9a62ea009ba2c884ee42e94e6e314a26f04d312434191836 hf:0.9991 collateralAsset:0.0002 oraclePrice:601921599300000000000000000000000000000
2026/06/05 15:40:23 [liq] simulation failed for 0xa9D24E6581533932d930FE64D15E0514a71c0E46: eth_call failed: dryRun: w3: 2 calls failed:
call[0]: execution reverted: inconsistent input
call[1]: execution reverted: inconsistent input
2026/06/05 15:40:23 liquidation check borrower 0xBdfb1b42Bd8A8f6131c440048BA6642D57602404 usd:1534.1639 for market cbBTC/USDC 0x9103c3b4e834476c9a62ea009ba2c884ee42e94e6e314a26f04d312434191836 hf:0.9991 collateralAsset:0.0296 oraclePrice:601921599300000000000000000000000000000
2026/06/05 15:40:24 [liq] simulation failed for 0xDd09834b8c8B3466626912C3E439a7e7Da22Dc6b: eth_call failed: dryRun: w3: 2 calls failed:
call[0]: execution reverted: inconsistent input
call[1]: execution reverted: inconsistent input
2026/06/05 15:40:24 liquidation check borrower 0xe7e4cF9c0b1e0024AF2D5466EA11a562b386380a usd:43.5533 for market cbBTC/USDC 0x9103c3b4e834476c9a62ea009ba2c884ee42e94e6e314a26f04d312434191836 hf:0.9991 collateralAsset:0.0008 oraclePrice:601921599300000000000000000000000000000
2026/06/05 15:40:24 [liq] simulation failed for 0x97151e69692A0AE6aE8cceaab25d7A5f2C94C7D8: eth_call failed: dryRun: w3: 2 calls failed:
call[0]: execution reverted: inconsistent input
call[1]: execution reverted: inconsistent input
2026/06/05 15:40:24 liquidation check borrower 0x683414F217eaA6Fea3B26F04b9a41052305Fbdc2 usd:188.5431 for market cbBTC/USDC 0x9103c3b4e834476c9a62ea009ba2c884ee42e94e6e314a26f04d312434191836 hf:0.9992 collateralAsset:0.0036 oraclePrice:601921599300000000000000000000000000000
2026/06/05 15:40:24 [liq] simulation failed for 0xBdfb1b42Bd8A8f6131c440048BA6642D57602404: eth_call failed: dryRun: w3: 2 calls failed:
call[0]: execution reverted: inconsistent input
call[1]: execution reverted: inconsistent input
2026/06/05 15:40:24 liquidation check borrower 0x9B73e3b6a6676B2fD0d10993BB01FecaB8EA4AD7 usd:3090.1693 for market cbBTC/USDC 0x9103c3b4e834476c9a62ea009ba2c884ee42e94e6e314a26f04d312434191836 hf:0.9993 collateralAsset:0.0597 oraclePrice:601921599300000000000000000000000000000
2026/06/05 15:40:24 [liq] simulation failed for 0xe7e4cF9c0b1e0024AF2D5466EA11a562b386380a: eth_call failed: dryRun: w3: 2 calls failed:
call[0]: execution reverted: inconsistent input
call[1]: execution reverted: inconsistent input
2026/06/05 15:40:24 liquidation check borrower 0xF3e73deA190467D5aE47A5e6a0Dc4eCe5abA1758 usd:2584.0094 for market cbBTC/USDC 0x9103c3b4e834476c9a62ea009ba2c884ee42e94e6e314a26f04d312434191836 hf:0.9993 collateralAsset:0.0499 oraclePrice:601921599300000000000000000000000000000
2026/06/05 15:40:24 [liq] simulation failed for 0x683414F217eaA6Fea3B26F04b9a41052305Fbdc2: eth_call failed: dryRun: w3: 2 calls failed:
call[0]: execution reverted: inconsistent input
call[1]: execution reverted: inconsistent input
2026/06/05 15:40:24 liquidation check borrower 0xA84053Fc6c8dCbC4fD9921C91463e30e9950E258 usd:1382.5826 for market cbBTC/USDC 0x9103c3b4e834476c9a62ea009ba2c884ee42e94e6e314a26f04d312434191836 hf:0.9997 collateralAsset:0.0267 oraclePrice:601921599300000000000000000000000000000
2026/06/05 15:40:24 [liq] simulation failed for 0x9B73e3b6a6676B2fD0d10993BB01FecaB8EA4AD7: eth_call failed: dryRun: w3: 2 calls failed:
call[0]: execution reverted: inconsistent input
call[1]: execution reverted: inconsistent input
2026/06/05 15:40:24 liquidation check borrower 0x0B7b4B31527B4A3649a1a2c3f05C9680356dd794 usd:3040.7822 for market cbBTC/USDC 0x9103c3b4e834476c9a62ea009ba2c884ee42e94e6e314a26f04d312434191836 hf:0.9998 collateralAsset:0.0588 oraclePrice:601921599300000000000000000000000000000
2026/06/05 15:40:24 [liq] simulation failed for 0xF3e73deA190467D5aE47A5e6a0Dc4eCe5abA1758: eth_call failed: dryRun: w3: 2 calls failed:
call[0]: execution reverted: inconsistent input
call[1]: execution reverted: inconsistent input
2026/06/05 15:40:24 liquidation check borrower 0x5EfAa61BD2a66785C4B466bDbF94e7c38ACf5118 usd:11.8526 for market cbBTC/USDC 0x9103c3b4e834476c9a62ea009ba2c884ee42e94e6e314a26f04d312434191836 hf:0.9998 collateralAsset:0.0002 oraclePrice:601921599300000000000000000000000000000
2026/06/05 15:40:25 [liq] simulation failed for 0xA84053Fc6c8dCbC4fD9921C91463e30e9950E258: eth_call failed: dryRun: w3: 2 calls failed:
call[0]: execution reverted: inconsistent input
call[1]: execution reverted: inconsistent input
2026/06/05 15:40:25 liquidation check borrower 0x442e4D9b2Dc6847160c00a46312bbaC9746F3c21 usd:373.2704 for market cbBTC/USDC 0x9103c3b4e834476c9a62ea009ba2c884ee42e94e6e314a26f04d312434191836 hf:0.9998 collateralAsset:0.0072 oraclePrice:601921599300000000000000000000000000000
2026/06/05 15:40:25 [liq] simulation failed for 0x0B7b4B31527B4A3649a1a2c3f05C9680356dd794: eth_call failed: dryRun: w3: 2 calls failed:
call[0]: execution reverted: inconsistent input
call[1]: execution reverted: inconsistent input
2026/06/05 15:40:25 liquidation check borrower 0xDA0bf93Aa8ac1F0138B5275477e95C907317F447 usd:11.6805 for market cbBTC/USDC 0x9103c3b4e834476c9a62ea009ba2c884ee42e94e6e314a26f04d312434191836 hf:1.0000 collateralAsset:0.0002 oraclePrice:601921599300000000000000000000000000000
2026/06/05 15:40:25 [liq] simulation failed for 0x5EfAa61BD2a66785C4B466bDbF94e7c38ACf5118: eth_call failed: dryRun: w3: 2 calls failed:
call[0]: execution reverted: inconsistent input
call[1]: execution reverted: inconsistent input
2026/06/05 15:40:25 [liq] simulation failed for 0x442e4D9b2Dc6847160c00a46312bbaC9746F3c21: eth_call failed: dryRun: w3: 2 calls failed:
call[0]: execution reverted: inconsistent input
call[1]: execution reverted: inconsistent input
2026/06/05 15:40:25 liquidation check borrower 0x2FBe72f2ac885F217bdd05D65774c1D9d35D447C usd:7.6639 for market cbBTC/USDC 0x9103c3b4e834476c9a62ea009ba2c884ee42e94e6e314a26f04d312434191836 hf:0.9983 collateralAsset:0.0001 oraclePrice:601921599300000000000000000000000000000
2026/06/05 15:40:25 liquidation check borrower 0xf158024eF272673649877E14EE517abB8bF809f8 usd:4428.1774 for market cbBTC/USDC 0x9103c3b4e834476c9a62ea009ba2c884ee42e94e6e314a26f04d312434191836 hf:0.9983 collateralAsset:0.0854 oraclePrice:601921599300000000000000000000000000000
2026/06/05 15:40:25 [liq] simulation failed for 0xDA0bf93Aa8ac1F0138B5275477e95C907317F447: eth_call failed: dryRun: w3: 2 calls failed:
call[0]: execution reverted: inconsistent input
call[1]: execution reverted: inconsistent input
2026/06/05 15:40:25 liquidation check borrower 0xc74C734C78137738e6265a9e91fc23863Da106b8 usd:1510.6421 for market cbBTC/USDC 0x9103c3b4e834476c9a62ea009ba2c884ee42e94e6e314a26f04d312434191836 hf:0.9983 collateralAsset:0.0291 oraclePrice:601921599300000000000000000000000000000
2026/06/05 15:40:25 [liq] simulation failed for 0x2FBe72f2ac885F217bdd05D65774c1D9d35D447C: eth_call failed: dryRun: w3: 2 calls failed:
call[0]: execution reverted: inconsistent input
call[1]: execution reverted: inconsistent input
2026/06/05 15:40:25 liquidation check borrower 0x913Dd664593D5FFA116d7701b663653506F3E6fb usd:195.7517 for market cbBTC/USDC 0x9103c3b4e834476c9a62ea009ba2c884ee42e94e6e314a26f04d312434191836 hf:0.9984 collateralAsset:0.0038 oraclePrice:601921599300000000000000000000000000000
2026/06/05 15:40:26 [liq] simulation failed for 0xf158024eF272673649877E14EE517abB8bF809f8: eth_call failed: dryRun: w3: 2 calls failed:
call[0]: execution reverted: inconsistent input
call[1]: execution reverted: inconsistent input
2026/06/05 15:40:26 liquidation check borrower 0x3b7F81136C083C3966e4D54cb2e865d0Ba81cc36 usd:184.5688 for market cbBTC/USDC 0x9103c3b4e834476c9a62ea009ba2c884ee42e94e6e314a26f04d312434191836 hf:0.9986 collateralAsset:0.0036 oraclePrice:601921599300000000000000000000000000000
2026/06/05 15:40:26 [liq] simulation failed for 0xc74C734C78137738e6265a9e91fc23863Da106b8: eth_call failed: dryRun: w3: 2 calls failed:
call[0]: execution reverted: inconsistent input
call[1]: execution reverted: inconsistent input
2026/06/05 15:40:26 liquidation check borrower 0xBCFdEDed9BEA432D2635d57078FB645B8cdB3E50 usd:5087.7313 for market cbBTC/USDC 0x9103c3b4e834476c9a62ea009ba2c884ee42e94e6e314a26f04d312434191836 hf:0.9987 collateralAsset:0.0982 oraclePrice:601921599300000000000000000000000000000
2026/06/05 15:40:26 [liq] simulation failed for 0x913Dd664593D5FFA116d7701b663653506F3E6fb: eth_call failed: dryRun: w3: 2 calls failed:
call[0]: execution reverted: inconsistent input
call[1]: execution reverted: inconsistent input
2026/06/05 15:40:26 liquidation check borrower 0xa9D24E6581533932d930FE64D15E0514a71c0E46 usd:4588.8827 for market cbBTC/USDC 0x9103c3b4e834476c9a62ea009ba2c884ee42e94e6e314a26f04d312434191836 hf:0.9988 collateralAsset:0.0886 oraclePrice:601921599300000000000000000000000000000
2026/06/05 15:40:26 [liq] simulation failed for 0x3b7F81136C083C3966e4D54cb2e865d0Ba81cc36: eth_call failed: dryRun: w3: 2 calls failed:
call[0]: execution reverted: inconsistent input
call[1]: execution reverted: inconsistent input
2026/06/05 15:40:26 liquidation check borrower 0xDd09834b8c8B3466626912C3E439a7e7Da22Dc6b usd:1011.5308 for market cbBTC/USDC 0x9103c3b4e834476c9a62ea009ba2c884ee42e94e6e314a26f04d312434191836 hf:0.9988 collateralAsset:0.0195 oraclePrice:601921599300000000000000000000000000000
2026/06/05 15:40:26 [liq] simulation failed for 0xBCFdEDed9BEA432D2635d57078FB645B8cdB3E50: eth_call failed: dryRun: w3: 2 calls failed:
call[0]: execution reverted: inconsistent input
call[1]: execution reverted: inconsistent input
2026/06/05 15:40:26 liquidation check borrower 0x97151e69692A0AE6aE8cceaab25d7A5f2C94C7D8 usd:10.2274 for market cbBTC/USDC 0x9103c3b4e834476c9a62ea009ba2c884ee42e94e6e314a26f04d312434191836 hf:0.9991 collateralAsset:0.0002 oraclePrice:601921599300000000000000000000000000000
2026/06/05 15:40:26 [liq] simulation failed for 0xa9D24E6581533932d930FE64D15E0514a71c0E46: eth_call failed: dryRun: w3: 2 calls failed:
call[0]: execution reverted: inconsistent input
call[1]: execution reverted: inconsistent input
2026/06/05 15:40:26 liquidation check borrower 0xBdfb1b42Bd8A8f6131c440048BA6642D57602404 usd:1534.1639 for market cbBTC/USDC 0x9103c3b4e834476c9a62ea009ba2c884ee42e94e6e314a26f04d312434191836 hf:0.9991 collateralAsset:0.0296 oraclePrice:601921599300000000000000000000000000000
2026/06/05 15:40:26 [liq] simulation failed for 0xDd09834b8c8B3466626912C3E439a7e7Da22Dc6b: eth_call failed: dryRun: w3: 2 calls failed:
call[0]: execution reverted: inconsistent input
call[1]: execution reverted: inconsistent input
2026/06/05 15:40:26 liquidation check borrower 0xe7e4cF9c0b1e0024AF2D5466EA11a562b386380a usd:43.5533 for market cbBTC/USDC 0x9103c3b4e834476c9a62ea009ba2c884ee42e94e6e314a26f04d312434191836 hf:0.9991 collateralAsset:0.0008 oraclePrice:601921599300000000000000000000000000000
2026/06/05 15:40:26 [liq] simulation failed for 0x97151e69692A0AE6aE8cceaab25d7A5f2C94C7D8: eth_call failed: dryRun: w3: 2 calls failed:
call[0]: execution reverted: inconsistent input
call[1]: execution reverted: inconsistent input
2026/06/05 15:40:26 liquidation check borrower 0x683414F217eaA6Fea3B26F04b9a41052305Fbdc2 usd:188.5431 for market cbBTC/USDC 0x9103c3b4e834476c9a62ea009ba2c884ee42e94e6e314a26f04d312434191836 hf:0.9992 collateralAsset:0.0036 oraclePrice:601921599300000000000000000000000000000
2026/06/05 15:40:27 [liq] simulation failed for 0xBdfb1b42Bd8A8f6131c440048BA6642D57602404: eth_call failed: dryRun: w3: 2 calls failed:
call[0]: execution reverted: inconsistent input
call[1]: execution reverted: inconsistent input
2026/06/05 15:40:27 liquidation check borrower 0x9B73e3b6a6676B2fD0d10993BB01FecaB8EA4AD7 usd:3090.1693 for market cbBTC/USDC 0x9103c3b4e834476c9a62ea009ba2c884ee42e94e6e314a26f04d312434191836 hf:0.9993 collateralAsset:0.0597 oraclePrice:601921599300000000000000000000000000000
2026/06/05 15:40:27 [liq] simulation failed for 0xe7e4cF9c0b1e0024AF2D5466EA11a562b386380a: eth_call failed: dryRun: w3: 2 calls failed:
call[0]: execution reverted: inconsistent input
call[1]: execution reverted: inconsistent input
2026/06/05 15:40:27 liquidation check borrower 0xF3e73deA190467D5aE47A5e6a0Dc4eCe5abA1758 usd:2584.0094 for market cbBTC/USDC 0x9103c3b4e834476c9a62ea009ba2c884ee42e94e6e314a26f04d312434191836 hf:0.9993 collateralAsset:0.0499 oraclePrice:601921599300000000000000000000000000000
2026/06/05 15:40:27 [liq] simulation failed for 0x683414F217eaA6Fea3B26F04b9a41052305Fbdc2: eth_call failed: dryRun: w3: 2 calls failed:
call[0]: execution reverted: inconsistent input
call[1]: execution reverted: inconsistent input
2026/06/05 15:40:27 liquidation check borrower 0xA84053Fc6c8dCbC4fD9921C91463e30e9950E258 usd:1382.5826 for market cbBTC/USDC 0x9103c3b4e834476c9a62ea009ba2c884ee42e94e6e314a26f04d312434191836 hf:0.9997 collateralAsset:0.0267 oraclePrice:601921599300000000000000000000000000000
2026/06/05 15:40:27 [liq] simulation failed for 0x9B73e3b6a6676B2fD0d10993BB01FecaB8EA4AD7: eth_call failed: dryRun: w3: 2 calls failed:
call[0]: execution reverted: inconsistent input
call[1]: execution reverted: inconsistent input
2026/06/05 15:40:27 liquidation check borrower 0x0B7b4B31527B4A3649a1a2c3f05C9680356dd794 usd:3040.7822 for market cbBTC/USDC 0x9103c3b4e834476c9a62ea009ba2c884ee42e94e6e314a26f04d312434191836 hf:0.9998 collateralAsset:0.0588 oraclePrice:601921599300000000000000000000000000000
2026/06/05 15:40:27 [liq] simulation failed for 0xF3e73deA190467D5aE47A5e6a0Dc4eCe5abA1758: eth_call failed: dryRun: w3: 2 calls failed:
call[0]: execution reverted: inconsistent input
call[1]: execution reverted: inconsistent input
2026/06/05 15:40:27 liquidation check borrower 0x5EfAa61BD2a66785C4B466bDbF94e7c38ACf5118 usd:11.8526 for market cbBTC/USDC 0x9103c3b4e834476c9a62ea009ba2c884ee42e94e6e314a26f04d312434191836 hf:0.9998 collateralAsset:0.0002 oraclePrice:601921599300000000000000000000000000000
2026/06/05 15:40:27 [liq] simulation failed for 0xA84053Fc6c8dCbC4fD9921C91463e30e9950E258: eth_call failed: dryRun: w3: 2 calls failed:
call[0]: execution reverted: inconsistent input
call[1]: execution reverted: inconsistent input
2026/06/05 15:40:27 liquidation check borrower 0x442e4D9b2Dc6847160c00a46312bbaC9746F3c21 usd:373.2704 for market cbBTC/USDC 0x9103c3b4e834476c9a62ea009ba2c884ee42e94e6e314a26f04d312434191836 hf:0.9998 collateralAsset:0.0072 oraclePrice:601921599300000000000000000000000000000
2026/06/05 15:40:27 [liq] simulation failed for 0x0B7b4B31527B4A3649a1a2c3f05C9680356dd794: eth_call failed: dryRun: w3: 2 calls failed:
call[0]: execution reverted: inconsistent input
call[1]: execution reverted: inconsistent input
2026/06/05 15:40:27 liquidation check borrower 0xDA0bf93Aa8ac1F0138B5275477e95C907317F447 usd:11.6805 for market cbBTC/USDC 0x9103c3b4e834476c9a62ea009ba2c884ee42e94e6e314a26f04d312434191836 hf:1.0000 collateralAsset:0.0002 oraclePrice:601921599300000000000000000000000000000
2026/06/05 15:40:28 [liq] simulation failed for 0x5EfAa61BD2a66785C4B466bDbF94e7c38ACf5118: eth_call failed: dryRun: w3: 2 calls failed:
call[0]: execution reverted: inconsistent input
call[1]: execution reverted: inconsistent input
2026/06/05 15:40:28 [liq] simulation failed for 0x442e4D9b2Dc6847160c00a46312bbaC9746F3c21: eth_call failed: dryRun: w3: 2 calls failed:
call[0]: execution reverted: inconsistent input
call[1]: execution reverted: inconsistent input
2026/06/05 15:40:28 liquidation check borrower 0x2FBe72f2ac885F217bdd05D65774c1D9d35D447C usd:7.6639 for market cbBTC/USDC 0x9103c3b4e834476c9a62ea009ba2c884ee42e94e6e314a26f04d312434191836 hf:0.9983 collateralAsset:0.0001 oraclePrice:601921599300000000000000000000000000000
2026/06/05 15:40:28 liquidation check borrower 0xf158024eF272673649877E14EE517abB8bF809f8 usd:4428.1774 for market cbBTC/USDC 0x9103c3b4e834476c9a62ea009ba2c884ee42e94e6e314a26f04d312434191836 hf:0.9983 collateralAsset:0.0854 oraclePrice:601921599300000000000000000000000000000
2026/06/05 15:40:28 [liq] simulation failed for 0xDA0bf93Aa8ac1F0138B5275477e95C907317F447: eth_call failed: dryRun: w3: 2 calls failed:
call[0]: execution reverted: inconsistent input
call[1]: execution reverted: inconsistent input
2026/06/05 15:40:28 liquidation check borrower 0xc74C734C78137738e6265a9e91fc23863Da106b8 usd:1510.6421 for market cbBTC/USDC 0x9103c3b4e834476c9a62ea009ba2c884ee42e94e6e314a26f04d312434191836 hf:0.9983 collateralAsset:0.0291 oraclePrice:601921599300000000000000000000000000000
2026/06/05 15:40:28 [liq] simulation failed for 0x2FBe72f2ac885F217bdd05D65774c1D9d35D447C: eth_call failed: dryRun: w3: 2 calls failed:
call[0]: execution reverted: inconsistent input
call[1]: execution reverted: inconsistent input
2026/06/05 15:40:28 liquidation check borrower 0x913Dd664593D5FFA116d7701b663653506F3E6fb usd:195.7517 for market cbBTC/USDC 0x9103c3b4e834476c9a62ea009ba2c884ee42e94e6e314a26f04d312434191836 hf:0.9984 collateralAsset:0.0038 oraclePrice:601921599300000000000000000000000000000
2026/06/05 15:40:28 [liq] simulation failed for 0xf158024eF272673649877E14EE517abB8bF809f8: eth_call failed: dryRun: w3: 2 calls failed:
call[0]: execution reverted: inconsistent input
call[1]: execution reverted: inconsistent input
2026/06/05 15:40:28 liquidation check borrower 0x3b7F81136C083C3966e4D54cb2e865d0Ba81cc36 usd:184.5688 for market cbBTC/USDC 0x9103c3b4e834476c9a62ea009ba2c884ee42e94e6e314a26f04d312434191836 hf:0.9986 collateralAsset:0.0036 oraclePrice:601921599300000000000000000000000000000
2026/06/05 15:40:28 [liq] simulation failed for 0xc74C734C78137738e6265a9e91fc23863Da106b8: eth_call failed: dryRun: w3: 2 calls failed:
call[0]: execution reverted: inconsistent input
call[1]: execution reverted: inconsistent input
2026/06/05 15:40:28 liquidation check borrower 0xBCFdEDed9BEA432D2635d57078FB645B8cdB3E50 usd:5087.7313 for market cbBTC/USDC 0x9103c3b4e834476c9a62ea009ba2c884ee42e94e6e314a26f04d312434191836 hf:0.9987 collateralAsset:0.0982 oraclePrice:601921599300000000000000000000000000000
2026/06/05 15:40:29 [liq] simulation failed for 0x913Dd664593D5FFA116d7701b663653506F3E6fb: eth_call failed: dryRun: w3: 2 calls failed:
call[0]: execution reverted: inconsistent input
call[1]: execution reverted: inconsistent input
2026/06/05 15:40:29 liquidation check borrower 0xa9D24E6581533932d930FE64D15E0514a71c0E46 usd:4588.8827 for market cbBTC/USDC 0x9103c3b4e834476c9a62ea009ba2c884ee42e94e6e314a26f04d312434191836 hf:0.9988 collateralAsset:0.0886 oraclePrice:601921599300000000000000000000000000000
2026/06/05 15:40:29 [liq] simulation failed for 0x3b7F81136C083C3966e4D54cb2e865d0Ba81cc36: eth_call failed: dryRun: w3: 2 calls failed:
call[0]: execution reverted: inconsistent input
call[1]: execution reverted: inconsistent input
2026/06/05 15:40:29 liquidation check borrower 0xDd09834b8c8B3466626912C3E439a7e7Da22Dc6b usd:1011.5308 for market cbBTC/USDC 0x9103c3b4e834476c9a62ea009ba2c884ee42e94e6e314a26f04d312434191836 hf:0.9988 collateralAsset:0.0195 oraclePrice:601921599300000000000000000000000000000
2026/06/05 15:40:29 [liq] simulation failed for 0xBCFdEDed9BEA432D2635d57078FB645B8cdB3E50: eth_call failed: dryRun: w3: 2 calls failed:
call[0]: execution reverted: inconsistent input
call[1]: execution reverted: inconsistent input
2026/06/05 15:40:29 liquidation check borrower 0x97151e69692A0AE6aE8cceaab25d7A5f2C94C7D8 usd:10.2274 for market cbBTC/USDC 0x9103c3b4e834476c9a62ea009ba2c884ee42e94e6e314a26f04d312434191836 hf:0.9991 collateralAsset:0.0002 oraclePrice:601921599300000000000000000000000000000
2026/06/05 15:40:29 [liq] simulation failed for 0xa9D24E6581533932d930FE64D15E0514a71c0E46: eth_call failed: dryRun: w3: 2 calls failed:
call[0]: execution reverted: inconsistent input
call[1]: execution reverted: inconsistent input
2026/06/05 15:40:29 liquidation check borrower 0xBdfb1b42Bd8A8f6131c440048BA6642D57602404 usd:1534.1639 for market cbBTC/USDC 0x9103c3b4e834476c9a62ea009ba2c884ee42e94e6e314a26f04d312434191836 hf:0.9991 collateralAsset:0.0296 oraclePrice:601921599300000000000000000000000000000
2026/06/05 15:40:29 [liq] simulation failed for 0xDd09834b8c8B3466626912C3E439a7e7Da22Dc6b: eth_call failed: dryRun: w3: 2 calls failed:
call[0]: execution reverted: inconsistent input
call[1]: execution reverted: inconsistent input
2026/06/05 15:40:29 liquidation check borrower 0xe7e4cF9c0b1e0024AF2D5466EA11a562b386380a usd:43.5533 for market cbBTC/USDC 0x9103c3b4e834476c9a62ea009ba2c884ee42e94e6e314a26f04d312434191836 hf:0.9991 collateralAsset:0.0008 oraclePrice:601921599300000000000000000000000000000
2026/06/05 15:40:29 [liq] simulation failed for 0x97151e69692A0AE6aE8cceaab25d7A5f2C94C7D8: eth_call failed: dryRun: w3: 2 calls failed:
call[0]: execution reverted: inconsistent input
call[1]: execution reverted: inconsistent input
2026/06/05 15:40:29 liquidation check borrower 0x683414F217eaA6Fea3B26F04b9a41052305Fbdc2 usd:188.5431 for market cbBTC/USDC 0x9103c3b4e834476c9a62ea009ba2c884ee42e94e6e314a26f04d312434191836 hf:0.9992 collateralAsset:0.0036 oraclePrice:601921599300000000000000000000000000000
2026/06/05 15:40:29 [liq] simulation failed for 0xBdfb1b42Bd8A8f6131c440048BA6642D57602404: eth_call failed: dryRun: w3: 2 calls failed:
call[0]: execution reverted: inconsistent input
call[1]: execution reverted: inconsistent input
2026/06/05 15:40:29 liquidation check borrower 0x9B73e3b6a6676B2fD0d10993BB01FecaB8EA4AD7 usd:3090.1693 for market cbBTC/USDC 0x9103c3b4e834476c9a62ea009ba2c884ee42e94e6e314a26f04d312434191836 hf:0.9993 collateralAsset:0.0597 oraclePrice:601921599300000000000000000000000000000
2026/06/05 15:40:30 [liq] simulation failed for 0xe7e4cF9c0b1e0024AF2D5466EA11a562b386380a: eth_call failed: dryRun: w3: 2 calls failed:
call[0]: execution reverted: inconsistent input
call[1]: execution reverted: inconsistent input
2026/06/05 15:40:30 liquidation check borrower 0xF3e73deA190467D5aE47A5e6a0Dc4eCe5abA1758 usd:2584.0094 for market cbBTC/USDC 0x9103c3b4e834476c9a62ea009ba2c884ee42e94e6e314a26f04d312434191836 hf:0.9993 collateralAsset:0.0499 oraclePrice:601921599300000000000000000000000000000
2026/06/05 15:40:30 [liq] simulation failed for 0x683414F217eaA6Fea3B26F04b9a41052305Fbdc2: eth_call failed: dryRun: w3: 2 calls failed:
call[0]: execution reverted: inconsistent input
call[1]: execution reverted: inconsistent input
2026/06/05 15:40:30 liquidation check borrower 0xA84053Fc6c8dCbC4fD9921C91463e30e9950E258 usd:1382.5826 for market cbBTC/USDC 0x9103c3b4e834476c9a62ea009ba2c884ee42e94e6e314a26f04d312434191836 hf:0.9997 collateralAsset:0.0267 oraclePrice:601921599300000000000000000000000000000
2026/06/05 15:40:30 [liq] simulation failed for 0x9B73e3b6a6676B2fD0d10993BB01FecaB8EA4AD7: eth_call failed: dryRun: w3: 2 calls failed:
call[0]: execution reverted: inconsistent input
call[1]: execution reverted: inconsistent input
2026/06/05 15:40:30 liquidation check borrower 0x0B7b4B31527B4A3649a1a2c3f05C9680356dd794 usd:3040.7822 for market cbBTC/USDC 0x9103c3b4e834476c9a62ea009ba2c884ee42e94e6e314a26f04d312434191836 hf:0.9998 collateralAsset:0.0588 oraclePrice:601921599300000000000000000000000000000
2026/06/05 15:40:30 [liq] simulation failed for 0xF3e73deA190467D5aE47A5e6a0Dc4eCe5abA1758: eth_call failed: dryRun: w3: 2 calls failed:
call[0]: execution reverted: inconsistent input
call[1]: execution reverted: inconsistent input
2026/06/05 15:40:30 liquidation check borrower 0x5EfAa61BD2a66785C4B466bDbF94e7c38ACf5118 usd:11.8526 for market cbBTC/USDC 0x9103c3b4e834476c9a62ea009ba2c884ee42e94e6e314a26f04d312434191836 hf:0.9998 collateralAsset:0.0002 oraclePrice:601921599300000000000000000000000000000
2026/06/05 15:40:30 [liq] simulation failed for 0xA84053Fc6c8dCbC4fD9921C91463e30e9950E258: eth_call failed: dryRun: w3: 2 calls failed:
call[0]: execution reverted: inconsistent input
call[1]: execution reverted: inconsistent input
2026/06/05 15:40:30 liquidation check borrower 0x442e4D9b2Dc6847160c00a46312bbaC9746F3c21 usd:373.2704 for market cbBTC/USDC 0x9103c3b4e834476c9a62ea009ba2c884ee42e94e6e314a26f04d312434191836 hf:0.9998 collateralAsset:0.0072 oraclePrice:601921599300000000000000000000000000000
2026/06/05 15:40:30 [liq] simulation failed for 0x0B7b4B31527B4A3649a1a2c3f05C9680356dd794: eth_call failed: dryRun: w3: 2 calls failed:
call[0]: execution reverted: inconsistent input
call[1]: execution reverted: inconsistent input
2026/06/05 15:40:30 liquidation check borrower 0xDA0bf93Aa8ac1F0138B5275477e95C907317F447 usd:11.6805 for market cbBTC/USDC 0x9103c3b4e834476c9a62ea009ba2c884ee42e94e6e314a26f04d312434191836 hf:1.0000 collateralAsset:0.0002 oraclePrice:601921599300000000000000000000000000000
2026/06/05 15:40:30 [liq] simulation failed for 0x5EfAa61BD2a66785C4B466bDbF94e7c38ACf5118: eth_call failed: dryRun: w3: 2 calls failed:
call[0]: execution reverted: inconsistent input
call[1]: execution reverted: inconsistent input
2026/06/05 15:40:31 [liq] simulation failed for 0x442e4D9b2Dc6847160c00a46312bbaC9746F3c21: eth_call failed: dryRun: w3: 2 calls failed:
call[0]: execution reverted: inconsistent input
call[1]: execution reverted: inconsistent input
2026/06/05 15:40:31 liquidation check borrower 0x2FBe72f2ac885F217bdd05D65774c1D9d35D447C usd:7.6639 for market cbBTC/USDC 0x9103c3b4e834476c9a62ea009ba2c884ee42e94e6e314a26f04d312434191836 hf:0.9983 collateralAsset:0.0001 oraclePrice:601921599300000000000000000000000000000
2026/06/05 15:40:31 liquidation check borrower 0xf158024eF272673649877E14EE517abB8bF809f8 usd:4428.1774 for market cbBTC/USDC 0x9103c3b4e834476c9a62ea009ba2c884ee42e94e6e314a26f04d312434191836 hf:0.9983 collateralAsset:0.0854 oraclePrice:601921599300000000000000000000000000000
2026/06/05 15:40:31 [liq] simulation failed for 0xDA0bf93Aa8ac1F0138B5275477e95C907317F447: eth_call failed: dryRun: w3: 2 calls failed:
call[0]: execution reverted: inconsistent input
call[1]: execution reverted: inconsistent input
2026/06/05 15:40:31 liquidation check borrower 0xc74C734C78137738e6265a9e91fc23863Da106b8 usd:1510.6421 for market cbBTC/USDC 0x9103c3b4e834476c9a62ea009ba2c884ee42e94e6e314a26f04d312434191836 hf:0.9983 collateralAsset:0.0291 oraclePrice:601921599300000000000000000000000000000
2026/06/05 15:40:31 [liq] simulation failed for 0x2FBe72f2ac885F217bdd05D65774c1D9d35D447C: eth_call failed: dryRun: w3: 2 calls failed:
call[0]: execution reverted: inconsistent input
call[1]: execution reverted: inconsistent input
2026/06/05 15:40:31 liquidation check borrower 0x913Dd664593D5FFA116d7701b663653506F3E6fb usd:195.7517 for market cbBTC/USDC 0x9103c3b4e834476c9a62ea009ba2c884ee42e94e6e314a26f04d312434191836 hf:0.9984 collateralAsset:0.0038 oraclePrice:601921599300000000000000000000000000000
2026/06/05 15:40:31 [liq] simulation failed for 0xf158024eF272673649877E14EE517abB8bF809f8: eth_call failed: dryRun: w3: 2 calls failed:
call[0]: execution reverted: inconsistent input
call[1]: execution reverted: inconsistent input
2026/06/05 15:40:31 liquidation check borrower 0x3b7F81136C083C3966e4D54cb2e865d0Ba81cc36 usd:184.5688 for market cbBTC/USDC 0x9103c3b4e834476c9a62ea009ba2c884ee42e94e6e314a26f04d312434191836 hf:0.9986 collateralAsset:0.0036 oraclePrice:601921599300000000000000000000000000000
2026/06/05 15:40:31 [liq] simulation failed for 0xc74C734C78137738e6265a9e91fc23863Da106b8: eth_call failed: dryRun: w3: 2 calls failed:
call[0]: execution reverted: inconsistent input
call[1]: execution reverted: inconsistent input
2026/06/05 15:40:31 liquidation check borrower 0xBCFdEDed9BEA432D2635d57078FB645B8cdB3E50 usd:5087.7313 for market cbBTC/USDC 0x9103c3b4e834476c9a62ea009ba2c884ee42e94e6e314a26f04d312434191836 hf:0.9987 collateralAsset:0.0982 oraclePrice:601921599300000000000000000000000000000
2026/06/05 15:40:31 [liq] simulation failed for 0x913Dd664593D5FFA116d7701b663653506F3E6fb: eth_call failed: dryRun: w3: 2 calls failed:
call[0]: execution reverted: inconsistent input
call[1]: execution reverted: inconsistent input
2026/06/05 15:40:31 liquidation check borrower 0xa9D24E6581533932d930FE64D15E0514a71c0E46 usd:4588.8827 for market cbBTC/USDC 0x9103c3b4e834476c9a62ea009ba2c884ee42e94e6e314a26f04d312434191836 hf:0.9988 collateralAsset:0.0886 oraclePrice:601921599300000000000000000000000000000
2026/06/05 15:40:32 [liq] simulation failed for 0x3b7F81136C083C3966e4D54cb2e865d0Ba81cc36: eth_call failed: dryRun: w3: 2 calls failed:
call[0]: execution reverted: inconsistent input
call[1]: execution reverted: inconsistent input
2026/06/05 15:40:32 liquidation check borrower 0xDd09834b8c8B3466626912C3E439a7e7Da22Dc6b usd:1011.5308 for market cbBTC/USDC 0x9103c3b4e834476c9a62ea009ba2c884ee42e94e6e314a26f04d312434191836 hf:0.9988 collateralAsset:0.0195 oraclePrice:601921599300000000000000000000000000000
2026/06/05 15:40:32 [liq] simulation failed for 0xBCFdEDed9BEA432D2635d57078FB645B8cdB3E50: eth_call failed: dryRun: w3: 2 calls failed:
call[0]: execution reverted: inconsistent input
call[1]: execution reverted: inconsistent input
2026/06/05 15:40:32 liquidation check borrower 0x97151e69692A0AE6aE8cceaab25d7A5f2C94C7D8 usd:10.2274 for market cbBTC/USDC 0x9103c3b4e834476c9a62ea009ba2c884ee42e94e6e314a26f04d312434191836 hf:0.9991 collateralAsset:0.0002 oraclePrice:601921599300000000000000000000000000000
2026/06/05 15:40:32 [liq] simulation failed for 0xa9D24E6581533932d930FE64D15E0514a71c0E46: eth_call failed: dryRun: w3: 2 calls failed:
call[0]: execution reverted: inconsistent input
call[1]: execution reverted: inconsistent input
2026/06/05 15:40:32 liquidation check borrower 0xBdfb1b42Bd8A8f6131c440048BA6642D57602404 usd:1534.1639 for market cbBTC/USDC 0x9103c3b4e834476c9a62ea009ba2c884ee42e94e6e314a26f04d312434191836 hf:0.9991 collateralAsset:0.0296 oraclePrice:601921599300000000000000000000000000000
2026/06/05 15:40:32 [liq] simulation failed for 0xDd09834b8c8B3466626912C3E439a7e7Da22Dc6b: eth_call failed: dryRun: w3: 2 calls failed:
call[0]: execution reverted: inconsistent input
call[1]: execution reverted: inconsistent input
2026/06/05 15:40:32 liquidation check borrower 0xe7e4cF9c0b1e0024AF2D5466EA11a562b386380a usd:43.5533 for market cbBTC/USDC 0x9103c3b4e834476c9a62ea009ba2c884ee42e94e6e314a26f04d312434191836 hf:0.9991 collateralAsset:0.0008 oraclePrice:601921599300000000000000000000000000000
2026/06/05 15:40:32 [liq] simulation failed for 0x97151e69692A0AE6aE8cceaab25d7A5f2C94C7D8: eth_call failed: dryRun: w3: 2 calls failed:
call[0]: execution reverted: inconsistent input
call[1]: execution reverted: inconsistent input
2026/06/05 15:40:32 liquidation check borrower 0x683414F217eaA6Fea3B26F04b9a41052305Fbdc2 usd:188.5431 for market cbBTC/USDC 0x9103c3b4e834476c9a62ea009ba2c884ee42e94e6e314a26f04d312434191836 hf:0.9992 collateralAsset:0.0036 oraclePrice:601921599300000000000000000000000000000
2026/06/05 15:40:32 [liq] simulation failed for 0xBdfb1b42Bd8A8f6131c440048BA6642D57602404: eth_call failed: dryRun: w3: 2 calls failed:
call[0]: execution reverted: inconsistent input
call[1]: execution reverted: inconsistent input
2026/06/05 15:40:32 liquidation check borrower 0x9B73e3b6a6676B2fD0d10993BB01FecaB8EA4AD7 usd:3090.1693 for market cbBTC/USDC 0x9103c3b4e834476c9a62ea009ba2c884ee42e94e6e314a26f04d312434191836 hf:0.9993 collateralAsset:0.0597 oraclePrice:601921599300000000000000000000000000000
2026/06/05 15:40:32 [liq] simulation failed for 0xe7e4cF9c0b1e0024AF2D5466EA11a562b386380a: eth_call failed: dryRun: w3: 2 calls failed:
call[0]: execution reverted: inconsistent input
call[1]: execution reverted: inconsistent input
2026/06/05 15:40:32 liquidation check borrower 0xF3e73deA190467D5aE47A5e6a0Dc4eCe5abA1758 usd:2584.0094 for market cbBTC/USDC 0x9103c3b4e834476c9a62ea009ba2c884ee42e94e6e314a26f04d312434191836 hf:0.9993 collateralAsset:0.0499 oraclePrice:601921599300000000000000000000000000000
2026/06/05 15:40:32 [liq] simulation failed for 0x683414F217eaA6Fea3B26F04b9a41052305Fbdc2: eth_call failed: dryRun: w3: 2 calls failed:
call[0]: execution reverted: inconsistent input
call[1]: execution reverted: inconsistent input
2026/06/05 15:40:32 liquidation check borrower 0xA84053Fc6c8dCbC4fD9921C91463e30e9950E258 usd:1382.5826 for market cbBTC/USDC 0x9103c3b4e834476c9a62ea009ba2c884ee42e94e6e314a26f04d312434191836 hf:0.9997 collateralAsset:0.0267 oraclePrice:601921599300000000000000000000000000000
2026/06/05 15:40:33 [liq] simulation failed for 0x9B73e3b6a6676B2fD0d10993BB01FecaB8EA4AD7: eth_call failed: dryRun: w3: 2 calls failed:
call[0]: execution reverted: inconsistent input
call[1]: execution reverted: inconsistent input
2026/06/05 15:40:33 liquidation check borrower 0x0B7b4B31527B4A3649a1a2c3f05C9680356dd794 usd:3040.7822 for market cbBTC/USDC 0x9103c3b4e834476c9a62ea009ba2c884ee42e94e6e314a26f04d312434191836 hf:0.9998 collateralAsset:0.0588 oraclePrice:601921599300000000000000000000000000000
2026/06/05 15:40:33 [liq] simulation failed for 0xF3e73deA190467D5aE47A5e6a0Dc4eCe5abA1758: eth_call failed: dryRun: w3: 2 calls failed:
call[0]: execution reverted: inconsistent input
call[1]: execution reverted: inconsistent input
2026/06/05 15:40:33 liquidation check borrower 0x5EfAa61BD2a66785C4B466bDbF94e7c38ACf5118 usd:11.8526 for market cbBTC/USDC 0x9103c3b4e834476c9a62ea009ba2c884ee42e94e6e314a26f04d312434191836 hf:0.9998 collateralAsset:0.0002 oraclePrice:601921599300000000000000000000000000000
2026/06/05 15:40:33 [liq] simulation failed for 0xA84053Fc6c8dCbC4fD9921C91463e30e9950E258: eth_call failed: dryRun: w3: 2 calls failed:
call[0]: execution reverted: inconsistent input
call[1]: execution reverted: inconsistent input
2026/06/05 15:40:33 liquidation check borrower 0x442e4D9b2Dc6847160c00a46312bbaC9746F3c21 usd:373.2704 for market cbBTC/USDC 0x9103c3b4e834476c9a62ea009ba2c884ee42e94e6e314a26f04d312434191836 hf:0.9998 collateralAsset:0.0072 oraclePrice:601921599300000000000000000000000000000
2026/06/05 15:40:33 [liq] simulation failed for 0x0B7b4B31527B4A3649a1a2c3f05C9680356dd794: eth_call failed: dryRun: w3: 2 calls failed:
call[0]: execution reverted: inconsistent input
call[1]: execution reverted: inconsistent input
2026/06/05 15:40:33 liquidation check borrower 0xDA0bf93Aa8ac1F0138B5275477e95C907317F447 usd:11.6805 for market cbBTC/USDC 0x9103c3b4e834476c9a62ea009ba2c884ee42e94e6e314a26f04d312434191836 hf:1.0000 collateralAsset:0.0002 oraclePrice:601921599300000000000000000000000000000
2026/06/05 15:40:33 [liq] simulation failed for 0x5EfAa61BD2a66785C4B466bDbF94e7c38ACf5118: eth_call failed: dryRun: w3: 2 calls failed:
call[0]: execution reverted: inconsistent input
call[1]: execution reverted: inconsistent input
2026/06/05 15:40:33 [liq] simulation failed for 0x442e4D9b2Dc6847160c00a46312bbaC9746F3c21: eth_call failed: dryRun: w3: 2 calls failed:
call[0]: execution reverted: inconsistent input
call[1]: execution reverted: inconsistent input
2026/06/05 15:40:33 liquidation check borrower 0x2FBe72f2ac885F217bdd05D65774c1D9d35D447C usd:7.6639 for market cbBTC/USDC 0x9103c3b4e834476c9a62ea009ba2c884ee42e94e6e314a26f04d312434191836 hf:0.9983 collateralAsset:0.0001 oraclePrice:601921599300000000000000000000000000000
2026/06/05 15:40:33 liquidation check borrower 0xf158024eF272673649877E14EE517abB8bF809f8 usd:4428.1774 for market cbBTC/USDC 0x9103c3b4e834476c9a62ea009ba2c884ee42e94e6e314a26f04d312434191836 hf:0.9983 collateralAsset:0.0854 oraclePrice:601921599300000000000000000000000000000
2026/06/05 15:40:34 [liq] simulation failed for 0xDA0bf93Aa8ac1F0138B5275477e95C907317F447: eth_call failed: dryRun: w3: 2 calls failed:
call[0]: execution reverted: inconsistent input
call[1]: execution reverted: inconsistent input
2026/06/05 15:40:34 liquidation check borrower 0xc74C734C78137738e6265a9e91fc23863Da106b8 usd:1510.6421 for market cbBTC/USDC 0x9103c3b4e834476c9a62ea009ba2c884ee42e94e6e314a26f04d312434191836 hf:0.9983 collateralAsset:0.0291 oraclePrice:601921599300000000000000000000000000000
2026/06/05 15:40:34 [liq] simulation failed for 0x2FBe72f2ac885F217bdd05D65774c1D9d35D447C: eth_call failed: dryRun: w3: 2 calls failed:
call[0]: execution reverted: inconsistent input
call[1]: execution reverted: inconsistent input
2026/06/05 15:40:34 liquidation check borrower 0x913Dd664593D5FFA116d7701b663653506F3E6fb usd:195.7517 for market cbBTC/USDC 0x9103c3b4e834476c9a62ea009ba2c884ee42e94e6e314a26f04d312434191836 hf:0.9984 collateralAsset:0.0038 oraclePrice:601921599300000000000000000000000000000
2026/06/05 15:40:34 [liq] simulation failed for 0xf158024eF272673649877E14EE517abB8bF809f8: eth_call failed: dryRun: w3: 2 calls failed:
call[0]: execution reverted: inconsistent input
call[1]: execution reverted: inconsistent input
2026/06/05 15:40:34 liquidation check borrower 0x3b7F81136C083C3966e4D54cb2e865d0Ba81cc36 usd:184.5688 for market cbBTC/USDC 0x9103c3b4e834476c9a62ea009ba2c884ee42e94e6e314a26f04d312434191836 hf:0.9986 collateralAsset:0.0036 oraclePrice:601921599300000000000000000000000000000
2026/06/05 15:40:34 [liq] simulation failed for 0xc74C734C78137738e6265a9e91fc23863Da106b8: eth_call failed: dryRun: w3: 2 calls failed:
call[0]: execution reverted: inconsistent input
call[1]: execution reverted: inconsistent input
2026/06/05 15:40:34 liquidation check borrower 0xBCFdEDed9BEA432D2635d57078FB645B8cdB3E50 usd:5087.7313 for market cbBTC/USDC 0x9103c3b4e834476c9a62ea009ba2c884ee42e94e6e314a26f04d312434191836 hf:0.9987 collateralAsset:0.0982 oraclePrice:601921599300000000000000000000000000000
2026/06/05 15:40:34 [liq] simulation failed for 0x913Dd664593D5FFA116d7701b663653506F3E6fb: eth_call failed: dryRun: w3: 2 calls failed:
call[0]: execution reverted: inconsistent input
call[1]: execution reverted: inconsistent input
2026/06/05 15:40:34 liquidation check borrower 0xa9D24E6581533932d930FE64D15E0514a71c0E46 usd:4588.8827 for market cbBTC/USDC 0x9103c3b4e834476c9a62ea009ba2c884ee42e94e6e314a26f04d312434191836 hf:0.9988 collateralAsset:0.0886 oraclePrice:601921599300000000000000000000000000000
2026/06/05 15:40:34 [liq] simulation failed for 0x3b7F81136C083C3966e4D54cb2e865d0Ba81cc36: eth_call failed: dryRun: w3: 2 calls failed:
call[0]: execution reverted: inconsistent input
call[1]: execution reverted: inconsistent input
2026/06/05 15:40:34 liquidation check borrower 0xDd09834b8c8B3466626912C3E439a7e7Da22Dc6b usd:1011.5308 for market cbBTC/USDC 0x9103c3b4e834476c9a62ea009ba2c884ee42e94e6e314a26f04d312434191836 hf:0.9988 collateralAsset:0.0195 oraclePrice:601921599300000000000000000000000000000
2026/06/05 15:40:34 [liq] simulation failed for 0xBCFdEDed9BEA432D2635d57078FB645B8cdB3E50: eth_call failed: dryRun: w3: 2 calls failed:
call[0]: execution reverted: inconsistent input
call[1]: execution reverted: inconsistent input
2026/06/05 15:40:34 liquidation check borrower 0x97151e69692A0AE6aE8cceaab25d7A5f2C94C7D8 usd:10.2274 for market cbBTC/USDC 0x9103c3b4e834476c9a62ea009ba2c884ee42e94e6e314a26f04d312434191836 hf:0.9991 collateralAsset:0.0002 oraclePrice:601921599300000000000000000000000000000
2026/06/05 15:40:35 [liq] simulation failed for 0xa9D24E6581533932d930FE64D15E0514a71c0E46: eth_call failed: dryRun: w3: 2 calls failed:
call[0]: execution reverted: inconsistent input
call[1]: execution reverted: inconsistent input
2026/06/05 15:40:35 liquidation check borrower 0xBdfb1b42Bd8A8f6131c440048BA6642D57602404 usd:1534.1639 for market cbBTC/USDC 0x9103c3b4e834476c9a62ea009ba2c884ee42e94e6e314a26f04d312434191836 hf:0.9991 collateralAsset:0.0296 oraclePrice:601921599300000000000000000000000000000
2026/06/05 15:40:35 [liq] simulation failed for 0xDd09834b8c8B3466626912C3E439a7e7Da22Dc6b: eth_call failed: dryRun: w3: 2 calls failed:
call[0]: execution reverted: inconsistent input
call[1]: execution reverted: inconsistent input
2026/06/05 15:40:35 liquidation check borrower 0xe7e4cF9c0b1e0024AF2D5466EA11a562b386380a usd:43.5533 for market cbBTC/USDC 0x9103c3b4e834476c9a62ea009ba2c884ee42e94e6e314a26f04d312434191836 hf:0.9991 collateralAsset:0.0008 oraclePrice:601921599300000000000000000000000000000
2026/06/05 15:40:35 [liq] simulation failed for 0x97151e69692A0AE6aE8cceaab25d7A5f2C94C7D8: eth_call failed: dryRun: w3: 2 calls failed:
call[0]: execution reverted: inconsistent input
call[1]: execution reverted: inconsistent input
2026/06/05 15:40:35 liquidation check borrower 0x683414F217eaA6Fea3B26F04b9a41052305Fbdc2 usd:188.5431 for market cbBTC/USDC 0x9103c3b4e834476c9a62ea009ba2c884ee42e94e6e314a26f04d312434191836 hf:0.9992 collateralAsset:0.0036 oraclePrice:601921599300000000000000000000000000000
2026/06/05 15:40:35 [liq] simulation failed for 0xBdfb1b42Bd8A8f6131c440048BA6642D57602404: eth_call failed: dryRun: w3: 2 calls failed:
call[0]: execution reverted: inconsistent input
call[1]: execution reverted: inconsistent input
2026/06/05 15:40:35 liquidation check borrower 0x9B73e3b6a6676B2fD0d10993BB01FecaB8EA4AD7 usd:3090.1693 for market cbBTC/USDC 0x9103c3b4e834476c9a62ea009ba2c884ee42e94e6e314a26f04d312434191836 hf:0.9993 collateralAsset:0.0597 oraclePrice:601921599300000000000000000000000000000
2026/06/05 15:40:35 [liq] simulation failed for 0xe7e4cF9c0b1e0024AF2D5466EA11a562b386380a: eth_call failed: dryRun: w3: 2 calls failed:
call[0]: execution reverted: inconsistent input
call[1]: execution reverted: inconsistent input
2026/06/05 15:40:35 liquidation check borrower 0xF3e73deA190467D5aE47A5e6a0Dc4eCe5abA1758 usd:2584.0094 for market cbBTC/USDC 0x9103c3b4e834476c9a62ea009ba2c884ee42e94e6e314a26f04d312434191836 hf:0.9993 collateralAsset:0.0499 oraclePrice:601921599300000000000000000000000000000
2026/06/05 15:40:35 [liq] simulation failed for 0x683414F217eaA6Fea3B26F04b9a41052305Fbdc2: eth_call failed: dryRun: w3: 2 calls failed:
call[0]: execution reverted: inconsistent input
call[1]: execution reverted: inconsistent input
2026/06/05 15:40:35 liquidation check borrower 0xA84053Fc6c8dCbC4fD9921C91463e30e9950E258 usd:1382.5826 for market cbBTC/USDC 0x9103c3b4e834476c9a62ea009ba2c884ee42e94e6e314a26f04d312434191836 hf:0.9997 collateralAsset:0.0267 oraclePrice:601921599300000000000000000000000000000
2026/06/05 15:40:35 [liq] simulation failed for 0x9B73e3b6a6676B2fD0d10993BB01FecaB8EA4AD7: eth_call failed: dryRun: w3: 2 calls failed:
call[0]: execution reverted: inconsistent input
call[1]: execution reverted: inconsistent input
2026/06/05 15:40:35 liquidation check borrower 0x0B7b4B31527B4A3649a1a2c3f05C9680356dd794 usd:3040.7822 for market cbBTC/USDC 0x9103c3b4e834476c9a62ea009ba2c884ee42e94e6e314a26f04d312434191836 hf:0.9998 collateralAsset:0.0588 oraclePrice:601921599300000000000000000000000000000
2026/06/05 15:40:35 [liq] simulation failed for 0xF3e73deA190467D5aE47A5e6a0Dc4eCe5abA1758: eth_call failed: dryRun: w3: 2 calls failed:
call[0]: execution reverted: inconsistent input
call[1]: execution reverted: inconsistent input
2026/06/05 15:40:35 liquidation check borrower 0x5EfAa61BD2a66785C4B466bDbF94e7c38ACf5118 usd:11.8526 for market cbBTC/USDC 0x9103c3b4e834476c9a62ea009ba2c884ee42e94e6e314a26f04d312434191836 hf:0.9998 collateralAsset:0.0002 oraclePrice:601921599300000000000000000000000000000
2026/06/05 15:40:36 [liq] simulation failed for 0xA84053Fc6c8dCbC4fD9921C91463e30e9950E258: eth_call failed: dryRun: w3: 2 calls failed:
call[0]: execution reverted: inconsistent input
call[1]: execution reverted: inconsistent input
2026/06/05 15:40:36 liquidation check borrower 0x442e4D9b2Dc6847160c00a46312bbaC9746F3c21 usd:373.2704 for market cbBTC/USDC 0x9103c3b4e834476c9a62ea009ba2c884ee42e94e6e314a26f04d312434191836 hf:0.9998 collateralAsset:0.0072 oraclePrice:601921599300000000000000000000000000000
2026/06/05 15:40:36 [liq] simulation failed for 0x0B7b4B31527B4A3649a1a2c3f05C9680356dd794: eth_call failed: dryRun: w3: 2 calls failed:
call[0]: execution reverted: inconsistent input
call[1]: execution reverted: inconsistent input
2026/06/05 15:40:36 liquidation check borrower 0xDA0bf93Aa8ac1F0138B5275477e95C907317F447 usd:11.6805 for market cbBTC/USDC 0x9103c3b4e834476c9a62ea009ba2c884ee42e94e6e314a26f04d312434191836 hf:1.0000 collateralAsset:0.0002 oraclePrice:601921599300000000000000000000000000000
2026/06/05 15:40:36 [liq] simulation failed for 0x5EfAa61BD2a66785C4B466bDbF94e7c38ACf5118: eth_call failed: dryRun: w3: 2 calls failed:
call[0]: execution reverted: inconsistent input
call[1]: execution reverted: inconsistent input
2026/06/05 15:40:36 [liq] simulation failed for 0x442e4D9b2Dc6847160c00a46312bbaC9746F3c21: eth_call failed: dryRun: w3: 2 calls failed:
call[0]: execution reverted: inconsistent input
call[1]: execution reverted: inconsistent input
2026/06/05 15:40:36 liquidation check borrower 0x2FBe72f2ac885F217bdd05D65774c1D9d35D447C usd:7.6639 for market cbBTC/USDC 0x9103c3b4e834476c9a62ea009ba2c884ee42e94e6e314a26f04d312434191836 hf:0.9983 collateralAsset:0.0001 oraclePrice:601921599300000000000000000000000000000
2026/06/05 15:40:36 liquidation check borrower 0xf158024eF272673649877E14EE517abB8bF809f8 usd:4428.1774 for market cbBTC/USDC 0x9103c3b4e834476c9a62ea009ba2c884ee42e94e6e314a26f04d312434191836 hf:0.9983 collateralAsset:0.0854 oraclePrice:601921599300000000000000000000000000000
2026/06/05 15:40:36 [liq] simulation failed for 0xDA0bf93Aa8ac1F0138B5275477e95C907317F447: eth_call failed: dryRun: w3: 2 calls failed:
call[0]: execution reverted: inconsistent input
call[1]: execution reverted: inconsistent input
2026/06/05 15:40:36 liquidation check borrower 0xc74C734C78137738e6265a9e91fc23863Da106b8 usd:1510.6421 for market cbBTC/USDC 0x9103c3b4e834476c9a62ea009ba2c884ee42e94e6e314a26f04d312434191836 hf:0.9983 collateralAsset:0.0291 oraclePrice:601921599300000000000000000000000000000
2026/06/05 15:40:36 [liq] simulation failed for 0x2FBe72f2ac885F217bdd05D65774c1D9d35D447C: eth_call failed: dryRun: w3: 2 calls failed:
call[0]: execution reverted: inconsistent input
call[1]: execution reverted: inconsistent input
2026/06/05 15:40:36 liquidation check borrower 0x913Dd664593D5FFA116d7701b663653506F3E6fb usd:195.7517 for market cbBTC/USDC 0x9103c3b4e834476c9a62ea009ba2c884ee42e94e6e314a26f04d312434191836 hf:0.9984 collateralAsset:0.0038 oraclePrice:601921599300000000000000000000000000000
2026/06/05 15:40:37 [liq] simulation failed for 0xf158024eF272673649877E14EE517abB8bF809f8: eth_call failed: dryRun: w3: 2 calls failed:
call[0]: execution reverted: inconsistent input
call[1]: execution reverted: inconsistent input
2026/06/05 15:40:37 liquidation check borrower 0x3b7F81136C083C3966e4D54cb2e865d0Ba81cc36 usd:184.5688 for market cbBTC/USDC 0x9103c3b4e834476c9a62ea009ba2c884ee42e94e6e314a26f04d312434191836 hf:0.9986 collateralAsset:0.0036 oraclePrice:601921599300000000000000000000000000000
2026/06/05 15:40:37 [liq] simulation failed for 0xc74C734C78137738e6265a9e91fc23863Da106b8: eth_call failed: dryRun: w3: 2 calls failed:
call[0]: execution reverted: inconsistent input
call[1]: execution reverted: inconsistent input
2026/06/05 15:40:37 liquidation check borrower 0xBCFdEDed9BEA432D2635d57078FB645B8cdB3E50 usd:5087.7313 for market cbBTC/USDC 0x9103c3b4e834476c9a62ea009ba2c884ee42e94e6e314a26f04d312434191836 hf:0.9987 collateralAsset:0.0982 oraclePrice:601921599300000000000000000000000000000
2026/06/05 15:40:37 [liq] simulation failed for 0x913Dd664593D5FFA116d7701b663653506F3E6fb: eth_call failed: dryRun: w3: 2 calls failed:
call[0]: execution reverted: inconsistent input
call[1]: execution reverted: inconsistent input
2026/06/05 15:40:37 liquidation check borrower 0xa9D24E6581533932d930FE64D15E0514a71c0E46 usd:4588.8827 for market cbBTC/USDC 0x9103c3b4e834476c9a62ea009ba2c884ee42e94e6e314a26f04d312434191836 hf:0.9988 collateralAsset:0.0886 oraclePrice:601921599300000000000000000000000000000
2026/06/05 15:40:37 [liq] simulation failed for 0x3b7F81136C083C3966e4D54cb2e865d0Ba81cc36: eth_call failed: dryRun: w3: 2 calls failed:
call[0]: execution reverted: inconsistent input
call[1]: execution reverted: inconsistent input
2026/06/05 15:40:37 liquidation check borrower 0xDd09834b8c8B3466626912C3E439a7e7Da22Dc6b usd:1011.5308 for market cbBTC/USDC 0x9103c3b4e834476c9a62ea009ba2c884ee42e94e6e314a26f04d312434191836 hf:0.9988 collateralAsset:0.0195 oraclePrice:601921599300000000000000000000000000000
2026/06/05 15:40:37 [liq] simulation failed for 0xBCFdEDed9BEA432D2635d57078FB645B8cdB3E50: eth_call failed: dryRun: w3: 2 calls failed:
call[0]: execution reverted: inconsistent input
call[1]: execution reverted: inconsistent input
2026/06/05 15:40:37 liquidation check borrower 0x97151e69692A0AE6aE8cceaab25d7A5f2C94C7D8 usd:10.2274 for market cbBTC/USDC 0x9103c3b4e834476c9a62ea009ba2c884ee42e94e6e314a26f04d312434191836 hf:0.9991 collateralAsset:0.0002 oraclePrice:601921599300000000000000000000000000000
2026/06/05 15:40:37 [liq] simulation failed for 0xa9D24E6581533932d930FE64D15E0514a71c0E46: eth_call failed: dryRun: w3: 2 calls failed:
call[0]: execution reverted: inconsistent input
call[1]: execution reverted: inconsistent input
2026/06/05 15:40:37 liquidation check borrower 0xBdfb1b42Bd8A8f6131c440048BA6642D57602404 usd:1534.1639 for market cbBTC/USDC 0x9103c3b4e834476c9a62ea009ba2c884ee42e94e6e314a26f04d312434191836 hf:0.9991 collateralAsset:0.0296 oraclePrice:601921599300000000000000000000000000000
2026/06/05 15:40:37 [liq] simulation failed for 0xDd09834b8c8B3466626912C3E439a7e7Da22Dc6b: eth_call failed: dryRun: w3: 2 calls failed:
call[0]: execution reverted: inconsistent input
call[1]: execution reverted: inconsistent input
2026/06/05 15:40:37 liquidation check borrower 0xe7e4cF9c0b1e0024AF2D5466EA11a562b386380a usd:43.5533 for market cbBTC/USDC 0x9103c3b4e834476c9a62ea009ba2c884ee42e94e6e314a26f04d312434191836 hf:0.9991 collateralAsset:0.0008 oraclePrice:601921599300000000000000000000000000000
2026/06/05 15:40:38 [liq] simulation failed for 0x97151e69692A0AE6aE8cceaab25d7A5f2C94C7D8: eth_call failed: dryRun: w3: 2 calls failed:
call[0]: execution reverted: inconsistent input
call[1]: execution reverted: inconsistent input
2026/06/05 15:40:38 liquidation check borrower 0x683414F217eaA6Fea3B26F04b9a41052305Fbdc2 usd:188.5431 for market cbBTC/USDC 0x9103c3b4e834476c9a62ea009ba2c884ee42e94e6e314a26f04d312434191836 hf:0.9992 collateralAsset:0.0036 oraclePrice:601921599300000000000000000000000000000
2026/06/05 15:40:38 [liq] simulation failed for 0xBdfb1b42Bd8A8f6131c440048BA6642D57602404: eth_call failed: dryRun: w3: 2 calls failed:
call[0]: execution reverted: inconsistent input
call[1]: execution reverted: inconsistent input
2026/06/05 15:40:38 liquidation check borrower 0x9B73e3b6a6676B2fD0d10993BB01FecaB8EA4AD7 usd:3090.1693 for market cbBTC/USDC 0x9103c3b4e834476c9a62ea009ba2c884ee42e94e6e314a26f04d312434191836 hf:0.9993 collateralAsset:0.0597 oraclePrice:601921599300000000000000000000000000000
2026/06/05 15:40:38 [liq] simulation failed for 0xe7e4cF9c0b1e0024AF2D5466EA11a562b386380a: eth_call failed: dryRun: w3: 2 calls failed:
call[0]: execution reverted: inconsistent input
call[1]: execution reverted: inconsistent input
2026/06/05 15:40:38 liquidation check borrower 0xF3e73deA190467D5aE47A5e6a0Dc4eCe5abA1758 usd:2584.0094 for market cbBTC/USDC 0x9103c3b4e834476c9a62ea009ba2c884ee42e94e6e314a26f04d312434191836 hf:0.9993 collateralAsset:0.0499 oraclePrice:601921599300000000000000000000000000000
2026/06/05 15:40:38 [liq] simulation failed for 0x683414F217eaA6Fea3B26F04b9a41052305Fbdc2: eth_call failed: dryRun: w3: 2 calls failed:
call[0]: execution reverted: inconsistent input
call[1]: execution reverted: inconsistent input
2026/06/05 15:40:38 liquidation check borrower 0xA84053Fc6c8dCbC4fD9921C91463e30e9950E258 usd:1382.5826 for market cbBTC/USDC 0x9103c3b4e834476c9a62ea009ba2c884ee42e94e6e314a26f04d312434191836 hf:0.9997 collateralAsset:0.0267 oraclePrice:601921599300000000000000000000000000000
2026/06/05 15:40:38 [liq] simulation failed for 0x9B73e3b6a6676B2fD0d10993BB01FecaB8EA4AD7: eth_call failed: dryRun: w3: 2 calls failed:
call[0]: execution reverted: inconsistent input
call[1]: execution reverted: inconsistent input
2026/06/05 15:40:38 liquidation check borrower 0x0B7b4B31527B4A3649a1a2c3f05C9680356dd794 usd:3040.7822 for market cbBTC/USDC 0x9103c3b4e834476c9a62ea009ba2c884ee42e94e6e314a26f04d312434191836 hf:0.9998 collateralAsset:0.0588 oraclePrice:601921599300000000000000000000000000000
2026/06/05 15:40:38 [liq] simulation failed for 0xF3e73deA190467D5aE47A5e6a0Dc4eCe5abA1758: eth_call failed: dryRun: w3: 2 calls failed:
call[0]: execution reverted: inconsistent input
call[1]: execution reverted: inconsistent input
2026/06/05 15:40:38 liquidation check borrower 0x5EfAa61BD2a66785C4B466bDbF94e7c38ACf5118 usd:11.8526 for market cbBTC/USDC 0x9103c3b4e834476c9a62ea009ba2c884ee42e94e6e314a26f04d312434191836 hf:0.9998 collateralAsset:0.0002 oraclePrice:601921599300000000000000000000000000000
2026/06/05 15:40:38 [liq] simulation failed for 0xA84053Fc6c8dCbC4fD9921C91463e30e9950E258: eth_call failed: dryRun: w3: 2 calls failed:
call[0]: execution reverted: inconsistent input
call[1]: execution reverted: inconsistent input
2026/06/05 15:40:38 liquidation check borrower 0x442e4D9b2Dc6847160c00a46312bbaC9746F3c21 usd:373.2704 for market cbBTC/USDC 0x9103c3b4e834476c9a62ea009ba2c884ee42e94e6e314a26f04d312434191836 hf:0.9998 collateralAsset:0.0072 oraclePrice:601921599300000000000000000000000000000
2026/06/05 15:40:38 [liq] simulation failed for 0x0B7b4B31527B4A3649a1a2c3f05C9680356dd794: eth_call failed: dryRun: w3: 2 calls failed:
call[0]: execution reverted: inconsistent input
call[1]: execution reverted: inconsistent input
2026/06/05 15:40:38 liquidation check borrower 0xDA0bf93Aa8ac1F0138B5275477e95C907317F447 usd:11.6805 for market cbBTC/USDC 0x9103c3b4e834476c9a62ea009ba2c884ee42e94e6e314a26f04d312434191836 hf:1.0000 collateralAsset:0.0002 oraclePrice:601921599300000000000000000000000000000
2026/06/05 15:40:39 [liq] simulation failed for 0x5EfAa61BD2a66785C4B466bDbF94e7c38ACf5118: eth_call failed: dryRun: w3: 2 calls failed:
call[0]: execution reverted: inconsistent input
call[1]: execution reverted: inconsistent input
2026/06/05 15:40:39 [liq] simulation failed for 0x442e4D9b2Dc6847160c00a46312bbaC9746F3c21: eth_call failed: dryRun: w3: 2 calls failed:
call[0]: execution reverted: inconsistent input
call[1]: execution reverted: inconsistent input
2026/06/05 15:40:39 liquidation check borrower 0x2FBe72f2ac885F217bdd05D65774c1D9d35D447C usd:7.6639 for market cbBTC/USDC 0x9103c3b4e834476c9a62ea009ba2c884ee42e94e6e314a26f04d312434191836 hf:0.9983 collateralAsset:0.0001 oraclePrice:601921599300000000000000000000000000000
2026/06/05 15:40:39 liquidation check borrower 0xf158024eF272673649877E14EE517abB8bF809f8 usd:4428.1774 for market cbBTC/USDC 0x9103c3b4e834476c9a62ea009ba2c884ee42e94e6e314a26f04d312434191836 hf:0.9983 collateralAsset:0.0854 oraclePrice:601921599300000000000000000000000000000
2026/06/05 15:40:39 [liq] simulation failed for 0xDA0bf93Aa8ac1F0138B5275477e95C907317F447: eth_call failed: dryRun: w3: 2 calls failed:
call[0]: execution reverted: inconsistent input
call[1]: execution reverted: inconsistent input
2026/06/05 15:40:39 liquidation check borrower 0xc74C734C78137738e6265a9e91fc23863Da106b8 usd:1510.6421 for market cbBTC/USDC 0x9103c3b4e834476c9a62ea009ba2c884ee42e94e6e314a26f04d312434191836 hf:0.9983 collateralAsset:0.0291 oraclePrice:601921599300000000000000000000000000000
2026/06/05 15:40:39 [liq] simulation failed for 0x2FBe72f2ac885F217bdd05D65774c1D9d35D447C: eth_call failed: dryRun: w3: 2 calls failed:
call[0]: execution reverted: inconsistent input
call[1]: execution reverted: inconsistent input
2026/06/05 15:40:39 liquidation check borrower 0x913Dd664593D5FFA116d7701b663653506F3E6fb usd:195.7517 for market cbBTC/USDC 0x9103c3b4e834476c9a62ea009ba2c884ee42e94e6e314a26f04d312434191836 hf:0.9984 collateralAsset:0.0038 oraclePrice:601921599300000000000000000000000000000
2026/06/05 15:40:39 [liq] simulation failed for 0xf158024eF272673649877E14EE517abB8bF809f8: eth_call failed: dryRun: w3: 2 calls failed:
call[0]: execution reverted: inconsistent input
call[1]: execution reverted: inconsistent input
2026/06/05 15:40:39 liquidation check borrower 0x3b7F81136C083C3966e4D54cb2e865d0Ba81cc36 usd:184.5688 for market cbBTC/USDC 0x9103c3b4e834476c9a62ea009ba2c884ee42e94e6e314a26f04d312434191836 hf:0.9986 collateralAsset:0.0036 oraclePrice:601921599300000000000000000000000000000
2026/06/05 15:40:40 [liq] simulation failed for 0xc74C734C78137738e6265a9e91fc23863Da106b8: eth_call failed: dryRun: w3: 2 calls failed:
call[0]: execution reverted: inconsistent input
call[1]: execution reverted: inconsistent input
2026/06/05 15:40:40 liquidation check borrower 0xBCFdEDed9BEA432D2635d57078FB645B8cdB3E50 usd:5087.7313 for market cbBTC/USDC 0x9103c3b4e834476c9a62ea009ba2c884ee42e94e6e314a26f04d312434191836 hf:0.9987 collateralAsset:0.0982 oraclePrice:601921599300000000000000000000000000000
2026/06/05 15:40:40 [liq] simulation failed for 0x913Dd664593D5FFA116d7701b663653506F3E6fb: eth_call failed: dryRun: w3: 2 calls failed:
call[0]: execution reverted: inconsistent input
call[1]: execution reverted: inconsistent input
2026/06/05 15:40:40 liquidation check borrower 0xa9D24E6581533932d930FE64D15E0514a71c0E46 usd:4588.8827 for market cbBTC/USDC 0x9103c3b4e834476c9a62ea009ba2c884ee42e94e6e314a26f04d312434191836 hf:0.9988 collateralAsset:0.0886 oraclePrice:601921599300000000000000000000000000000
2026/06/05 15:40:40 [liq] simulation failed for 0x3b7F81136C083C3966e4D54cb2e865d0Ba81cc36: eth_call failed: dryRun: w3: 2 calls failed:
call[0]: execution reverted: inconsistent input
call[1]: execution reverted: inconsistent input
2026/06/05 15:40:40 liquidation check borrower 0xDd09834b8c8B3466626912C3E439a7e7Da22Dc6b usd:1011.5308 for market cbBTC/USDC 0x9103c3b4e834476c9a62ea009ba2c884ee42e94e6e314a26f04d312434191836 hf:0.9988 collateralAsset:0.0195 oraclePrice:601921599300000000000000000000000000000
2026/06/05 15:40:40 [liq] simulation failed for 0xBCFdEDed9BEA432D2635d57078FB645B8cdB3E50: eth_call failed: dryRun: w3: 2 calls failed:
call[0]: execution reverted: inconsistent input
call[1]: execution reverted: inconsistent input
2026/06/05 15:40:40 liquidation check borrower 0x97151e69692A0AE6aE8cceaab25d7A5f2C94C7D8 usd:10.2274 for market cbBTC/USDC 0x9103c3b4e834476c9a62ea009ba2c884ee42e94e6e314a26f04d312434191836 hf:0.9991 collateralAsset:0.0002 oraclePrice:601921599300000000000000000000000000000
2026/06/05 15:40:40 [liq] simulation failed for 0xa9D24E6581533932d930FE64D15E0514a71c0E46: eth_call failed: dryRun: w3: 2 calls failed:
call[0]: execution reverted: inconsistent input
call[1]: execution reverted: inconsistent input
2026/06/05 15:40:40 liquidation check borrower 0xBdfb1b42Bd8A8f6131c440048BA6642D57602404 usd:1534.1639 for market cbBTC/USDC 0x9103c3b4e834476c9a62ea009ba2c884ee42e94e6e314a26f04d312434191836 hf:0.9991 collateralAsset:0.0296 oraclePrice:601921599300000000000000000000000000000
2026/06/05 15:40:40 [liq] simulation failed for 0xDd09834b8c8B3466626912C3E439a7e7Da22Dc6b: eth_call failed: dryRun: w3: 2 calls failed:
call[0]: execution reverted: inconsistent input
call[1]: execution reverted: inconsistent input
2026/06/05 15:40:40 liquidation check borrower 0xe7e4cF9c0b1e0024AF2D5466EA11a562b386380a usd:43.5533 for market cbBTC/USDC 0x9103c3b4e834476c9a62ea009ba2c884ee42e94e6e314a26f04d312434191836 hf:0.9991 collateralAsset:0.0008 oraclePrice:601921599300000000000000000000000000000
2026/06/05 15:40:40 [liq] simulation failed for 0x97151e69692A0AE6aE8cceaab25d7A5f2C94C7D8: eth_call failed: dryRun: w3: 2 calls failed:
call[0]: execution reverted: inconsistent input
call[1]: execution reverted: inconsistent input
2026/06/05 15:40:40 liquidation check borrower 0x683414F217eaA6Fea3B26F04b9a41052305Fbdc2 usd:188.5431 for market cbBTC/USDC 0x9103c3b4e834476c9a62ea009ba2c884ee42e94e6e314a26f04d312434191836 hf:0.9992 collateralAsset:0.0036 oraclePrice:601921599300000000000000000000000000000
2026/06/05 15:40:41 [liq] simulation failed for 0xBdfb1b42Bd8A8f6131c440048BA6642D57602404: eth_call failed: dryRun: w3: 2 calls failed:
call[0]: execution reverted: inconsistent input
call[1]: execution reverted: inconsistent input
2026/06/05 15:40:41 liquidation check borrower 0x9B73e3b6a6676B2fD0d10993BB01FecaB8EA4AD7 usd:3090.1693 for market cbBTC/USDC 0x9103c3b4e834476c9a62ea009ba2c884ee42e94e6e314a26f04d312434191836 hf:0.9993 collateralAsset:0.0597 oraclePrice:601921599300000000000000000000000000000
2026/06/05 15:40:41 [liq] simulation failed for 0xe7e4cF9c0b1e0024AF2D5466EA11a562b386380a: eth_call failed: dryRun: w3: 2 calls failed:
call[0]: execution reverted: inconsistent input
call[1]: execution reverted: inconsistent input
2026/06/05 15:40:41 liquidation check borrower 0xF3e73deA190467D5aE47A5e6a0Dc4eCe5abA1758 usd:2584.0094 for market cbBTC/USDC 0x9103c3b4e834476c9a62ea009ba2c884ee42e94e6e314a26f04d312434191836 hf:0.9993 collateralAsset:0.0499 oraclePrice:601921599300000000000000000000000000000
2026/06/05 15:40:41 [liq] simulation failed for 0x683414F217eaA6Fea3B26F04b9a41052305Fbdc2: eth_call failed: dryRun: w3: 2 calls failed:
call[0]: execution reverted: inconsistent input
call[1]: execution reverted: inconsistent input
2026/06/05 15:40:41 liquidation check borrower 0xA84053Fc6c8dCbC4fD9921C91463e30e9950E258 usd:1382.5826 for market cbBTC/USDC 0x9103c3b4e834476c9a62ea009ba2c884ee42e94e6e314a26f04d312434191836 hf:0.9997 collateralAsset:0.0267 oraclePrice:601921599300000000000000000000000000000
2026/06/05 15:40:41 [liq] simulation failed for 0x9B73e3b6a6676B2fD0d10993BB01FecaB8EA4AD7: eth_call failed: dryRun: w3: 2 calls failed:
call[0]: execution reverted: inconsistent input
call[1]: execution reverted: inconsistent input
2026/06/05 15:40:41 liquidation check borrower 0x0B7b4B31527B4A3649a1a2c3f05C9680356dd794 usd:3040.7822 for market cbBTC/USDC 0x9103c3b4e834476c9a62ea009ba2c884ee42e94e6e314a26f04d312434191836 hf:0.9998 collateralAsset:0.0588 oraclePrice:601921599300000000000000000000000000000
2026/06/05 15:40:41 [liq] simulation failed for 0xF3e73deA190467D5aE47A5e6a0Dc4eCe5abA1758: eth_call failed: dryRun: w3: 2 calls failed:
call[0]: execution reverted: inconsistent input
call[1]: execution reverted: inconsistent input
2026/06/05 15:40:41 liquidation check borrower 0x5EfAa61BD2a66785C4B466bDbF94e7c38ACf5118 usd:11.8526 for market cbBTC/USDC 0x9103c3b4e834476c9a62ea009ba2c884ee42e94e6e314a26f04d312434191836 hf:0.9998 collateralAsset:0.0002 oraclePrice:601921599300000000000000000000000000000
2026/06/05 15:40:41 [liq] simulation failed for 0xA84053Fc6c8dCbC4fD9921C91463e30e9950E258: eth_call failed: dryRun: w3: 2 calls failed:
call[0]: execution reverted: inconsistent input
call[1]: execution reverted: inconsistent input
2026/06/05 15:40:41 liquidation check borrower 0x442e4D9b2Dc6847160c00a46312bbaC9746F3c21 usd:373.2704 for market cbBTC/USDC 0x9103c3b4e834476c9a62ea009ba2c884ee42e94e6e314a26f04d312434191836 hf:0.9998 collateralAsset:0.0072 oraclePrice:601921599300000000000000000000000000000
2026/06/05 15:40:41 [liq] simulation failed for 0x0B7b4B31527B4A3649a1a2c3f05C9680356dd794: eth_call failed: dryRun: w3: 2 calls failed:
call[0]: execution reverted: inconsistent input
call[1]: execution reverted: inconsistent input
2026/06/05 15:40:41 liquidation check borrower 0xDA0bf93Aa8ac1F0138B5275477e95C907317F447 usd:11.6805 for market cbBTC/USDC 0x9103c3b4e834476c9a62ea009ba2c884ee42e94e6e314a26f04d312434191836 hf:1.0000 collateralAsset:0.0002 oraclePrice:601921599300000000000000000000000000000
2026/06/05 15:40:41 [liq] simulation failed for 0x5EfAa61BD2a66785C4B466bDbF94e7c38ACf5118: eth_call failed: dryRun: w3: 2 calls failed:
call[0]: execution reverted: inconsistent input
call[1]: execution reverted: inconsistent input
2026/06/05 15:40:42 [liq] simulation failed for 0x442e4D9b2Dc6847160c00a46312bbaC9746F3c21: eth_call failed: dryRun: w3: 2 calls failed:
call[0]: execution reverted: inconsistent input
call[1]: execution reverted: inconsistent input
2026/06/05 15:40:42 [liq] simulation failed for 0xDA0bf93Aa8ac1F0138B5275477e95C907317F447: eth_call failed: dryRun: w3: 2 calls failed:
call[0]: execution reverted: inconsistent input
call[1]: execution reverted: inconsistent input
2026/06/05 15:40:47 latency:13ms thBILL/USDC Pos: 69 [1.0-1.1]: 39 [1.1-1.5]: 22 USD < 10pct from liq: 10767.7349 
2026/06/05 15:40:57 latency:23ms WETH/USDC Pos: 3452 [1.0-1.1]: 357 [1.1-1.5]: 2006 USD < 10pct from liq: 894709.5539 
2026/06/05 15:41:25 latency:51ms cbBTC/USDC Pos: 12872 [1.0-1.1]: 1425 [1.1-1.5]: 6962 USD < 10pct from liq: 2888268.2558 
2026/06/05 15:41:28 liquidation check borrower 0x495C1E2bF6DeFDF575d39DDCce0765668F11922B usd:681.0752 for market WETH/USDC 0x8793cf302b8ffd655ab97bd1c695dbd967807e8367a65cb2f4edaf1380ba1bda hf:0.9980 collateralAsset:0.5026 oraclePrice:1573074180648333236866307926
2026/06/05 15:41:28 liquidation check borrower 0x36460E93E0a4Dd67634c3CFFE5AB13fca354bEB9 usd:69.5156 for market WETH/USDC 0x8793cf302b8ffd655ab97bd1c695dbd967807e8367a65cb2f4edaf1380ba1bda hf:0.9986 collateralAsset:0.0513 oraclePrice:1573074180648333236866307926
2026/06/05 15:41:28 liquidation check borrower 0x7527BBC4Ab58394E293d6A4d07c94731CC94962f usd:839.3793 for market WETH/USDC 0x8793cf302b8ffd655ab97bd1c695dbd967807e8367a65cb2f4edaf1380ba1bda hf:0.9989 collateralAsset:0.6200 oraclePrice:1573074180648333236866307926
2026/06/05 15:41:28 [liq] simulation failed for 0x495C1E2bF6DeFDF575d39DDCce0765668F11922B: eth_call failed: dryRun: w3: 2 calls failed:
call[0]: execution reverted: inconsistent input
call[1]: execution reverted: inconsistent input
2026/06/05 15:41:28 liquidation check borrower 0xE28251630eeb3893665d08609B9b946EB37E6030 usd:279.5837 for market WETH/USDC 0x8793cf302b8ffd655ab97bd1c695dbd967807e8367a65cb2f4edaf1380ba1bda hf:0.9999 collateralAsset:0.2067 oraclePrice:1573074180648333236866307926
2026/06/05 15:41:28 [liq] simulation failed for 0x36460E93E0a4Dd67634c3CFFE5AB13fca354bEB9: eth_call failed: dryRun: w3: 2 calls failed:
call[0]: execution reverted: inconsistent input
call[1]: execution reverted: inconsistent input
2026/06/05 15:41:28 liquidation check borrower 0xfe4462f7E52E14427483140464763Ae3cC8B7043 usd:265.1856 for market WETH/USDC 0x8793cf302b8ffd655ab97bd1c695dbd967807e8367a65cb2f4edaf1380ba1bda hf:1.0000 collateralAsset:0.1961 oraclePrice:1573074180648333236866307926
2026/06/05 15:41:29 [liq] simulation failed for 0x7527BBC4Ab58394E293d6A4d07c94731CC94962f: eth_call failed: dryRun: w3: 2 calls failed:
call[0]: execution reverted: inconsistent input
call[1]: execution reverted: inconsistent input
2026/06/05 15:41:29 [liq] simulation failed for 0xE28251630eeb3893665d08609B9b946EB37E6030: eth_call failed: dryRun: w3: 2 calls failed:
call[0]: execution reverted: inconsistent input
call[1]: execution reverted: inconsistent input
2026/06/05 15:41:29 [liq] simulation failed for 0xfe4462f7E52E14427483140464763Ae3cC8B7043: eth_call failed: dryRun: w3: 2 calls failed:
call[0]: execution reverted: inconsistent input
call[1]: execution reverted: inconsistent input
2026/06/05 15:41:29 liquidation check borrower 0x495C1E2bF6DeFDF575d39DDCce0765668F11922B usd:681.0752 for market WETH/USDC 0x8793cf302b8ffd655ab97bd1c695dbd967807e8367a65cb2f4edaf1380ba1bda hf:0.9980 collateralAsset:0.5026 oraclePrice:1573074180648333236866307926
2026/06/05 15:41:29 liquidation check borrower 0x36460E93E0a4Dd67634c3CFFE5AB13fca354bEB9 usd:69.5156 for market WETH/USDC 0x8793cf302b8ffd655ab97bd1c695dbd967807e8367a65cb2f4edaf1380ba1bda hf:0.9986 collateralAsset:0.0513 oraclePrice:1573074180648333236866307926
2026/06/05 15:41:29 liquidation check borrower 0x7527BBC4Ab58394E293d6A4d07c94731CC94962f usd:839.3793 for market WETH/USDC 0x8793cf302b8ffd655ab97bd1c695dbd967807e8367a65cb2f4edaf1380ba1bda hf:0.9989 collateralAsset:0.6200 oraclePrice:1573074180648333236866307926
2026/06/05 15:41:29 [liq] simulation failed for 0x495C1E2bF6DeFDF575d39DDCce0765668F11922B: eth_call failed: dryRun: w3: 2 calls failed:
call[0]: execution reverted: inconsistent input
call[1]: execution reverted: inconsistent input
2026/06/05 15:41:29 liquidation check borrower 0xE28251630eeb3893665d08609B9b946EB37E6030 usd:279.5837 for market WETH/USDC 0x8793cf302b8ffd655ab97bd1c695dbd967807e8367a65cb2f4edaf1380ba1bda hf:0.9999 collateralAsset:0.2067 oraclePrice:1573074180648333236866307926
2026/06/05 15:41:29 [liq] simulation failed for 0x36460E93E0a4Dd67634c3CFFE5AB13fca354bEB9: eth_call failed: dryRun: w3: 2 calls failed:
call[0]: execution reverted: inconsistent input
call[1]: execution reverted: inconsistent input
2026/06/05 15:41:29 liquidation check borrower 0xfe4462f7E52E14427483140464763Ae3cC8B7043 usd:265.1856 for market WETH/USDC 0x8793cf302b8ffd655ab97bd1c695dbd967807e8367a65cb2f4edaf1380ba1bda hf:1.0000 collateralAsset:0.1961 oraclePrice:1573074180648333236866307926
2026/06/05 15:41:30 [liq] simulation failed for 0x7527BBC4Ab58394E293d6A4d07c94731CC94962f: eth_call failed: dryRun: w3: 2 calls failed:
call[0]: execution reverted: inconsistent input
call[1]: execution reverted: inconsistent input
2026/06/05 15:41:30 [liq] simulation failed for 0xE28251630eeb3893665d08609B9b946EB37E6030: eth_call failed: dryRun: w3: 2 calls failed:
call[0]: execution reverted: inconsistent input
call[1]: execution reverted: inconsistent input
2026/06/05 15:41:30 [liq] simulation failed for 0xfe4462f7E52E14427483140464763Ae3cC8B7043: eth_call failed: dryRun: w3: 2 calls failed:
call[0]: execution reverted: inconsistent input
call[1]: execution reverted: inconsistent input
2026/06/05 15:41:30 liquidation check borrower 0x495C1E2bF6DeFDF575d39DDCce0765668F11922B usd:681.0752 for market WETH/USDC 0x8793cf302b8ffd655ab97bd1c695dbd967807e8367a65cb2f4edaf1380ba1bda hf:0.9980 collateralAsset:0.5026 oraclePrice:1573074180648333236866307926
2026/06/05 15:41:30 liquidation check borrower 0x36460E93E0a4Dd67634c3CFFE5AB13fca354bEB9 usd:69.5156 for market WETH/USDC 0x8793cf302b8ffd655ab97bd1c695dbd967807e8367a65cb2f4edaf1380ba1bda hf:0.9986 collateralAsset:0.0513 oraclePrice:1573074180648333236866307926
2026/06/05 15:41:30 liquidation check borrower 0x7527BBC4Ab58394E293d6A4d07c94731CC94962f usd:839.3793 for market WETH/USDC 0x8793cf302b8ffd655ab97bd1c695dbd967807e8367a65cb2f4edaf1380ba1bda hf:0.9989 collateralAsset:0.6200 oraclePrice:1573074180648333236866307926
2026/06/05 15:41:30 [liq] simulation failed for 0x495C1E2bF6DeFDF575d39DDCce0765668F11922B: eth_call failed: dryRun: w3: 2 calls failed:
call[0]: execution reverted: inconsistent input
call[1]: execution reverted: inconsistent input
2026/06/05 15:41:30 liquidation check borrower 0xE28251630eeb3893665d08609B9b946EB37E6030 usd:279.5837 for market WETH/USDC 0x8793cf302b8ffd655ab97bd1c695dbd967807e8367a65cb2f4edaf1380ba1bda hf:0.9999 collateralAsset:0.2067 oraclePrice:1573074180648333236866307926
2026/06/05 15:41:30 [liq] simulation failed for 0x36460E93E0a4Dd67634c3CFFE5AB13fca354bEB9: eth_call failed: dryRun: w3: 2 calls failed:
call[0]: execution reverted: inconsistent input
call[1]: execution reverted: inconsistent input
2026/06/05 15:41:30 liquidation check borrower 0xfe4462f7E52E14427483140464763Ae3cC8B7043 usd:265.1856 for market WETH/USDC 0x8793cf302b8ffd655ab97bd1c695dbd967807e8367a65cb2f4edaf1380ba1bda hf:1.0000 collateralAsset:0.1961 oraclePrice:1573074180648333236866307926
2026/06/05 15:41:31 [liq] simulation failed for 0x7527BBC4Ab58394E293d6A4d07c94731CC94962f: eth_call failed: dryRun: w3: 2 calls failed:
call[0]: execution reverted: inconsistent input
call[1]: execution reverted: inconsistent input
2026/06/05 15:41:31 [liq] simulation failed for 0xE28251630eeb3893665d08609B9b946EB37E6030: eth_call failed: dryRun: w3: 2 calls failed:
call[0]: execution reverted: inconsistent input
call[1]: execution reverted: inconsistent input
2026/06/05 15:41:31 [liq] simulation failed for 0xfe4462f7E52E14427483140464763Ae3cC8B7043: eth_call failed: dryRun: w3: 2 calls failed:
call[0]: execution reverted: inconsistent input
call[1]: execution reverted: inconsistent input
2026/06/05 15:41:31 liquidation check borrower 0x500904B35429B331049aB3f30C9F8Cc9906f0427 usd:2306.8849 for market cbBTC/USDC 0x9103c3b4e834476c9a62ea009ba2c884ee42e94e6e314a26f04d312434191836 hf:0.9979 collateralAsset:0.0446 oraclePrice:600613600000000000000000000000000000000
2026/06/05 15:41:31 liquidation check borrower 0x7EDD9d7cb46da53aC168D9F6b74295fA522045aa usd:7.5720 for market cbBTC/USDC 0x9103c3b4e834476c9a62ea009ba2c884ee42e94e6e314a26f04d312434191836 hf:0.9979 collateralAsset:0.0001 oraclePrice:600613600000000000000000000000000000000
2026/06/05 15:41:31 liquidation check borrower 0xa2582101c5a515228F7b7E880B3C7BD34B6BDD6c usd:72.8857 for market cbBTC/USDC 0x9103c3b4e834476c9a62ea009ba2c884ee42e94e6e314a26f04d312434191836 hf:0.9980 collateralAsset:0.0014 oraclePrice:600613600000000000000000000000000000000
2026/06/05 15:41:31 [liq] simulation failed for 0x500904B35429B331049aB3f30C9F8Cc9906f0427: eth_call failed: dryRun: w3: 2 calls failed:
call[0]: execution reverted: inconsistent input
call[1]: execution reverted: inconsistent input
2026/06/05 15:41:31 liquidation check borrower 0x52c9964927f53c47240458d71Fa8a8d9b8264634 usd:1431.1284 for market cbBTC/USDC 0x9103c3b4e834476c9a62ea009ba2c884ee42e94e6e314a26f04d312434191836 hf:0.9981 collateralAsset:0.0277 oraclePrice:600613600000000000000000000000000000000
2026/06/05 15:41:31 [liq] simulation failed for 0x7EDD9d7cb46da53aC168D9F6b74295fA522045aa: eth_call failed: dryRun: w3: 2 calls failed:
call[0]: execution reverted: inconsistent input
call[1]: execution reverted: inconsistent input
2026/06/05 15:41:31 liquidation check borrower 0x3464502D43c4fcd6118bdEEa9395b6709147b2e0 usd:7.7077 for market cbBTC/USDC 0x9103c3b4e834476c9a62ea009ba2c884ee42e94e6e314a26f04d312434191836 hf:0.9981 collateralAsset:0.0001 oraclePrice:600613600000000000000000000000000000000
2026/06/05 15:41:31 [liq] simulation failed for 0xa2582101c5a515228F7b7E880B3C7BD34B6BDD6c: eth_call failed: dryRun: w3: 2 calls failed:
call[0]: execution reverted: inconsistent input
call[1]: execution reverted: inconsistent input
2026/06/05 15:41:31 liquidation check borrower 0xF897972e858C3838E5bB477bBb74650294098c6a usd:13.1775 for market cbBTC/USDC 0x9103c3b4e834476c9a62ea009ba2c884ee42e94e6e314a26f04d312434191836 hf:0.9984 collateralAsset:0.0003 oraclePrice:600613600000000000000000000000000000000
2026/06/05 15:41:31 [liq] simulation failed for 0x52c9964927f53c47240458d71Fa8a8d9b8264634: eth_call failed: dryRun: w3: 2 calls failed:
call[0]: execution reverted: inconsistent input
call[1]: execution reverted: inconsistent input
2026/06/05 15:41:31 liquidation check borrower 0x7279EffeBaCFf74135F500f36044E2b251BE687F usd:23.9595 for market cbBTC/USDC 0x9103c3b4e834476c9a62ea009ba2c884ee42e94e6e314a26f04d312434191836 hf:0.9986 collateralAsset:0.0005 oraclePrice:600613600000000000000000000000000000000
2026/06/05 15:41:31 [liq] simulation failed for 0x3464502D43c4fcd6118bdEEa9395b6709147b2e0: eth_call failed: dryRun: w3: 2 calls failed:
call[0]: execution reverted: inconsistent input
call[1]: execution reverted: inconsistent input
2026/06/05 15:41:31 liquidation check borrower 0x332698Ad2D33CF4909eF5b36CEb94D1666669e52 usd:155.4714 for market cbBTC/USDC 0x9103c3b4e834476c9a62ea009ba2c884ee42e94e6e314a26f04d312434191836 hf:0.9986 collateralAsset:0.0030 oraclePrice:600613600000000000000000000000000000000
2026/06/05 15:41:31 [liq] simulation failed for 0xF897972e858C3838E5bB477bBb74650294098c6a: eth_call failed: dryRun: w3: 2 calls failed:
call[0]: execution reverted: inconsistent input
call[1]: execution reverted: inconsistent input
2026/06/05 15:41:31 liquidation check borrower 0xaD332919fd7FfA1172D21d5ec35B97F8C3B78db2 usd:122.9105 for market cbBTC/USDC 0x9103c3b4e834476c9a62ea009ba2c884ee42e94e6e314a26f04d312434191836 hf:0.9987 collateralAsset:0.0024 oraclePrice:600613600000000000000000000000000000000
2026/06/05 15:41:31 [liq] simulation failed for 0x7279EffeBaCFf74135F500f36044E2b251BE687F: eth_call failed: dryRun: w3: 2 calls failed:
call[0]: execution reverted: inconsistent input
call[1]: execution reverted: inconsistent input
2026/06/05 15:41:31 liquidation check borrower 0x6b1a88e61267ca526e25d7C77CC79455A73807e5 usd:51.0303 for market cbBTC/USDC 0x9103c3b4e834476c9a62ea009ba2c884ee42e94e6e314a26f04d312434191836 hf:0.9987 collateralAsset:0.0010 oraclePrice:600613600000000000000000000000000000000
2026/06/05 15:41:31 [liq] simulation failed for 0x332698Ad2D33CF4909eF5b36CEb94D1666669e52: eth_call failed: dryRun: w3: 2 calls failed:
call[0]: execution reverted: inconsistent input
call[1]: execution reverted: inconsistent input
2026/06/05 15:41:31 liquidation check borrower 0x5B0F605AB28750dF288b86b840881a5482f734c9 usd:983.7994 for market cbBTC/USDC 0x9103c3b4e834476c9a62ea009ba2c884ee42e94e6e314a26f04d312434191836 hf:0.9988 collateralAsset:0.0190 oraclePrice:600613600000000000000000000000000000000
2026/06/05 15:41:31 [liq] simulation failed for 0xaD332919fd7FfA1172D21d5ec35B97F8C3B78db2: eth_call failed: dryRun: w3: 2 calls failed:
call[0]: execution reverted: inconsistent input
call[1]: execution reverted: inconsistent input
2026/06/05 15:41:31 liquidation check borrower 0x3efA919bFC2eccc457B86BD832d3A9b208c4A5e4 usd:15.6260 for market cbBTC/USDC 0x9103c3b4e834476c9a62ea009ba2c884ee42e94e6e314a26f04d312434191836 hf:0.9988 collateralAsset:0.0003 oraclePrice:600613600000000000000000000000000000000
2026/06/05 15:41:31 [liq] simulation failed for 0x6b1a88e61267ca526e25d7C77CC79455A73807e5: eth_call failed: dryRun: w3: 2 calls failed:
call[0]: execution reverted: inconsistent input
call[1]: execution reverted: inconsistent input
2026/06/05 15:41:31 liquidation check borrower 0xb666423CD4C2CD96639d75e6bb32F28b9E604cf8 usd:51.3755 for market cbBTC/USDC 0x9103c3b4e834476c9a62ea009ba2c884ee42e94e6e314a26f04d312434191836 hf:0.9989 collateralAsset:0.0010 oraclePrice:600613600000000000000000000000000000000
2026/06/05 15:41:31 [liq] simulation failed for 0x5B0F605AB28750dF288b86b840881a5482f734c9: eth_call failed: dryRun: w3: 2 calls failed:
call[0]: execution reverted: inconsistent input
call[1]: execution reverted: inconsistent input
2026/06/05 15:41:31 liquidation check borrower 0xD4281bEfD591Bdb18F0aeBDccab6fB002922c452 usd:5.4773 for market cbBTC/USDC 0x9103c3b4e834476c9a62ea009ba2c884ee42e94e6e314a26f04d312434191836 hf:0.9989 collateralAsset:0.0001 oraclePrice:600613600000000000000000000000000000000
2026/06/05 15:41:31 [liq] simulation failed for 0x3efA919bFC2eccc457B86BD832d3A9b208c4A5e4: eth_call failed: dryRun: w3: 2 calls failed:
call[0]: execution reverted: inconsistent input
call[1]: execution reverted: inconsistent input
2026/06/05 15:41:31 liquidation check borrower 0x5c6f6bc4d7C5A74816117B2878035359b7E753C3 usd:5057.1317 for market cbBTC/USDC 0x9103c3b4e834476c9a62ea009ba2c884ee42e94e6e314a26f04d312434191836 hf:0.9990 collateralAsset:0.0978 oraclePrice:600613600000000000000000000000000000000
2026/06/05 15:41:31 [liq] simulation failed for 0xb666423CD4C2CD96639d75e6bb32F28b9E604cf8: eth_call failed: dryRun: w3: 2 calls failed:
call[0]: execution reverted: inconsistent input
call[1]: execution reverted: inconsistent input
2026/06/05 15:41:31 liquidation check borrower 0x7F5985dd7E0198E0215e01D689fc57f403094470 usd:10.3581 for market cbBTC/USDC 0x9103c3b4e834476c9a62ea009ba2c884ee42e94e6e314a26f04d312434191836 hf:0.9990 collateralAsset:0.0002 oraclePrice:600613600000000000000000000000000000000
2026/06/05 15:41:31 [liq] simulation failed for 0xD4281bEfD591Bdb18F0aeBDccab6fB002922c452: eth_call failed: dryRun: w3: 2 calls failed:
call[0]: execution reverted: inconsistent input
call[1]: execution reverted: inconsistent input
2026/06/05 15:41:31 liquidation check borrower 0x411e2BfCfc15A2E1d649Bb1a4F2CD53AB017bcA1 usd:1275.3732 for market cbBTC/USDC 0x9103c3b4e834476c9a62ea009ba2c884ee42e94e6e314a26f04d312434191836 hf:0.9990 collateralAsset:0.0247 oraclePrice:600613600000000000000000000000000000000
2026/06/05 15:41:31 [liq] simulation failed for 0x5c6f6bc4d7C5A74816117B2878035359b7E753C3: eth_call failed: dryRun: w3: 2 calls failed:
call[0]: execution reverted: inconsistent input
call[1]: execution reverted: inconsistent input
2026/06/05 15:41:31 liquidation check borrower 0x040742C4f0EEe8653cD4B36dbF05E0B36E4ec6D4 usd:10.8829 for market cbBTC/USDC 0x9103c3b4e834476c9a62ea009ba2c884ee42e94e6e314a26f04d312434191836 hf:0.9991 collateralAsset:0.0002 oraclePrice:600613600000000000000000000000000000000
2026/06/05 15:41:31 [liq] simulation failed for 0x7F5985dd7E0198E0215e01D689fc57f403094470: eth_call failed: dryRun: w3: 2 calls failed:
call[0]: execution reverted: inconsistent input
call[1]: execution reverted: inconsistent input
2026/06/05 15:41:31 liquidation check borrower 0x692bBd6337598606D2A61e9EA312C792A5a93B3e usd:725.4043 for market cbBTC/USDC 0x9103c3b4e834476c9a62ea009ba2c884ee42e94e6e314a26f04d312434191836 hf:0.9991 collateralAsset:0.0140 oraclePrice:600613600000000000000000000000000000000
2026/06/05 15:41:32 [liq] simulation failed for 0x411e2BfCfc15A2E1d649Bb1a4F2CD53AB017bcA1: eth_call failed: dryRun: w3: 2 calls failed:
call[0]: execution reverted: inconsistent input
call[1]: execution reverted: inconsistent input
2026/06/05 15:41:32 liquidation check borrower 0xeCea48ef7FaceC82886a0DA8DFd4353c171eaA38 usd:9.7023 for market cbBTC/USDC 0x9103c3b4e834476c9a62ea009ba2c884ee42e94e6e314a26f04d312434191836 hf:0.9992 collateralAsset:0.0002 oraclePrice:600613600000000000000000000000000000000
2026/06/05 15:41:32 liquidation check borrower 0x495C1E2bF6DeFDF575d39DDCce0765668F11922B usd:681.0752 for market WETH/USDC 0x8793cf302b8ffd655ab97bd1c695dbd967807e8367a65cb2f4edaf1380ba1bda hf:0.9980 collateralAsset:0.5026 oraclePrice:1573074180648333236866307926
2026/06/05 15:41:32 [liq] simulation failed for 0x040742C4f0EEe8653cD4B36dbF05E0B36E4ec6D4: eth_call failed: dryRun: w3: 2 calls failed:
call[0]: execution reverted: inconsistent input
call[1]: execution reverted: inconsistent input
2026/06/05 15:41:32 liquidation check borrower 0x89Bcd9bb756965Eef0275e2899Dc28b6D808AD2a usd:2048.1450 for market cbBTC/USDC 0x9103c3b4e834476c9a62ea009ba2c884ee42e94e6e314a26f04d312434191836 hf:0.9994 collateralAsset:0.0396 oraclePrice:600613600000000000000000000000000000000
2026/06/05 15:41:32 [liq] simulation failed for 0x692bBd6337598606D2A61e9EA312C792A5a93B3e: eth_call failed: dryRun: w3: 2 calls failed:
call[0]: execution reverted: inconsistent input
call[1]: execution reverted: inconsistent input
2026/06/05 15:41:32 liquidation check borrower 0x36460E93E0a4Dd67634c3CFFE5AB13fca354bEB9 usd:69.5156 for market WETH/USDC 0x8793cf302b8ffd655ab97bd1c695dbd967807e8367a65cb2f4edaf1380ba1bda hf:0.9986 collateralAsset:0.0513 oraclePrice:1573074180648333236866307926
2026/06/05 15:41:32 [liq] simulation failed for 0xeCea48ef7FaceC82886a0DA8DFd4353c171eaA38: eth_call failed: dryRun: w3: 2 calls failed:
call[0]: execution reverted: inconsistent input
call[1]: execution reverted: inconsistent input
2026/06/05 15:41:32 liquidation check borrower 0x0223306c08172fAEA724Da05c9c11cdF063A75F0 usd:7535.6786 for market cbBTC/USDC 0x9103c3b4e834476c9a62ea009ba2c884ee42e94e6e314a26f04d312434191836 hf:0.9994 collateralAsset:0.1459 oraclePrice:600613600000000000000000000000000000000
2026/06/05 15:41:32 [liq] simulation failed for 0x495C1E2bF6DeFDF575d39DDCce0765668F11922B: eth_call failed: dryRun: w3: 2 calls failed:
call[0]: execution reverted: inconsistent input
call[1]: execution reverted: inconsistent input
2026/06/05 15:41:32 liquidation check borrower 0x7527BBC4Ab58394E293d6A4d07c94731CC94962f usd:839.3793 for market WETH/USDC 0x8793cf302b8ffd655ab97bd1c695dbd967807e8367a65cb2f4edaf1380ba1bda hf:0.9989 collateralAsset:0.6200 oraclePrice:1573074180648333236866307926
2026/06/05 15:41:32 [liq] simulation failed for 0x89Bcd9bb756965Eef0275e2899Dc28b6D808AD2a: eth_call failed: dryRun: w3: 2 calls failed:
call[0]: execution reverted: inconsistent input
call[1]: execution reverted: inconsistent input
2026/06/05 15:41:32 liquidation check borrower 0x1a57a088081e45e68eE3709CE2D6Fe33dD6208E0 usd:1469.5771 for market cbBTC/USDC 0x9103c3b4e834476c9a62ea009ba2c884ee42e94e6e314a26f04d312434191836 hf:0.9995 collateralAsset:0.0284 oraclePrice:600613600000000000000000000000000000000
2026/06/05 15:41:32 [liq] simulation failed for 0x36460E93E0a4Dd67634c3CFFE5AB13fca354bEB9: eth_call failed: dryRun: w3: 2 calls failed:
call[0]: execution reverted: inconsistent input
call[1]: execution reverted: inconsistent input
2026/06/05 15:41:32 liquidation check borrower 0xE28251630eeb3893665d08609B9b946EB37E6030 usd:279.5837 for market WETH/USDC 0x8793cf302b8ffd655ab97bd1c695dbd967807e8367a65cb2f4edaf1380ba1bda hf:0.9999 collateralAsset:0.2067 oraclePrice:1573074180648333236866307926
2026/06/05 15:41:33 [liq] simulation failed for 0x0223306c08172fAEA724Da05c9c11cdF063A75F0: eth_call failed: dryRun: w3: 2 calls failed:
call[0]: execution reverted: inconsistent input
call[1]: execution reverted: inconsistent input
2026/06/05 15:41:33 liquidation check borrower 0x18f1842604cA6b9E7cF81f5F69E1789Fcf1EcaAB usd:64.5284 for market cbBTC/USDC 0x9103c3b4e834476c9a62ea009ba2c884ee42e94e6e314a26f04d312434191836 hf:0.9996 collateralAsset:0.0012 oraclePrice:600613600000000000000000000000000000000
2026/06/05 15:41:33 [liq] simulation failed for 0x7527BBC4Ab58394E293d6A4d07c94731CC94962f: eth_call failed: dryRun: w3: 2 calls failed:
call[0]: execution reverted: inconsistent input
call[1]: execution reverted: inconsistent input
2026/06/05 15:41:33 liquidation check borrower 0xfe4462f7E52E14427483140464763Ae3cC8B7043 usd:265.1856 for market WETH/USDC 0x8793cf302b8ffd655ab97bd1c695dbd967807e8367a65cb2f4edaf1380ba1bda hf:1.0000 collateralAsset:0.1961 oraclePrice:1573074180648333236866307926
2026/06/05 15:41:33 [liq] simulation failed for 0x1a57a088081e45e68eE3709CE2D6Fe33dD6208E0: eth_call failed: dryRun: w3: 2 calls failed:
call[0]: execution reverted: inconsistent input
call[1]: execution reverted: inconsistent input
2026/06/05 15:41:33 liquidation check borrower 0x31ACF6Cf71a9deF69395FcEF3c99132e62567A0B usd:13.5376 for market cbBTC/USDC 0x9103c3b4e834476c9a62ea009ba2c884ee42e94e6e314a26f04d312434191836 hf:0.9998 collateralAsset:0.0003 oraclePrice:600613600000000000000000000000000000000
2026/06/05 15:41:33 [liq] simulation failed for 0xE28251630eeb3893665d08609B9b946EB37E6030: eth_call failed: dryRun: w3: 2 calls failed:
call[0]: execution reverted: inconsistent input
call[1]: execution reverted: inconsistent input
2026/06/05 15:41:33 [liq] simulation failed for 0x18f1842604cA6b9E7cF81f5F69E1789Fcf1EcaAB: eth_call failed: dryRun: w3: 2 calls failed:
call[0]: execution reverted: inconsistent input
call[1]: execution reverted: inconsistent input
2026/06/05 15:41:33 liquidation check borrower 0x495C1E2bF6DeFDF575d39DDCce0765668F11922B usd:681.0752 for market WETH/USDC 0x8793cf302b8ffd655ab97bd1c695dbd967807e8367a65cb2f4edaf1380ba1bda hf:0.9980 collateralAsset:0.5026 oraclePrice:1573074180648333236866307926
2026/06/05 15:41:33 [liq] simulation failed for 0xfe4462f7E52E14427483140464763Ae3cC8B7043: eth_call failed: dryRun: w3: 2 calls failed:
call[0]: execution reverted: inconsistent input
call[1]: execution reverted: inconsistent input
2026/06/05 15:41:33 liquidation check borrower 0x36460E93E0a4Dd67634c3CFFE5AB13fca354bEB9 usd:69.5156 for market WETH/USDC 0x8793cf302b8ffd655ab97bd1c695dbd967807e8367a65cb2f4edaf1380ba1bda hf:0.9986 collateralAsset:0.0513 oraclePrice:1573074180648333236866307926
2026/06/05 15:41:33 liquidation check borrower 0x500904B35429B331049aB3f30C9F8Cc9906f0427 usd:2306.8849 for market cbBTC/USDC 0x9103c3b4e834476c9a62ea009ba2c884ee42e94e6e314a26f04d312434191836 hf:0.9979 collateralAsset:0.0446 oraclePrice:600613600000000000000000000000000000000
2026/06/05 15:41:33 [liq] simulation failed for 0x31ACF6Cf71a9deF69395FcEF3c99132e62567A0B: eth_call failed: dryRun: w3: 2 calls failed:
call[0]: execution reverted: inconsistent input
call[1]: execution reverted: inconsistent input
2026/06/05 15:41:33 liquidation check borrower 0x7527BBC4Ab58394E293d6A4d07c94731CC94962f usd:839.3793 for market WETH/USDC 0x8793cf302b8ffd655ab97bd1c695dbd967807e8367a65cb2f4edaf1380ba1bda hf:0.9989 collateralAsset:0.6200 oraclePrice:1573074180648333236866307926
2026/06/05 15:41:34 [liq] simulation failed for 0x495C1E2bF6DeFDF575d39DDCce0765668F11922B: eth_call failed: dryRun: w3: 2 calls failed:
call[0]: execution reverted: inconsistent input
call[1]: execution reverted: inconsistent input
2026/06/05 15:41:34 liquidation check borrower 0x7EDD9d7cb46da53aC168D9F6b74295fA522045aa usd:7.5720 for market cbBTC/USDC 0x9103c3b4e834476c9a62ea009ba2c884ee42e94e6e314a26f04d312434191836 hf:0.9979 collateralAsset:0.0001 oraclePrice:600613600000000000000000000000000000000
2026/06/05 15:41:34 [liq] simulation failed for 0x36460E93E0a4Dd67634c3CFFE5AB13fca354bEB9: eth_call failed: dryRun: w3: 2 calls failed:
call[0]: execution reverted: inconsistent input
call[1]: execution reverted: inconsistent input
2026/06/05 15:41:34 liquidation check borrower 0xE28251630eeb3893665d08609B9b946EB37E6030 usd:279.5837 for market WETH/USDC 0x8793cf302b8ffd655ab97bd1c695dbd967807e8367a65cb2f4edaf1380ba1bda hf:0.9999 collateralAsset:0.2067 oraclePrice:1573074180648333236866307926
2026/06/05 15:41:34 [liq] simulation failed for 0x500904B35429B331049aB3f30C9F8Cc9906f0427: eth_call failed: dryRun: w3: 2 calls failed:
call[0]: execution reverted: inconsistent input
call[1]: execution reverted: inconsistent input
2026/06/05 15:41:34 liquidation check borrower 0xa2582101c5a515228F7b7E880B3C7BD34B6BDD6c usd:72.8857 for market cbBTC/USDC 0x9103c3b4e834476c9a62ea009ba2c884ee42e94e6e314a26f04d312434191836 hf:0.9980 collateralAsset:0.0014 oraclePrice:600613600000000000000000000000000000000
2026/06/05 15:41:34 [liq] simulation failed for 0x7527BBC4Ab58394E293d6A4d07c94731CC94962f: eth_call failed: dryRun: w3: 2 calls failed:
call[0]: execution reverted: inconsistent input
call[1]: execution reverted: inconsistent input
2026/06/05 15:41:34 liquidation check borrower 0xfe4462f7E52E14427483140464763Ae3cC8B7043 usd:265.1856 for market WETH/USDC 0x8793cf302b8ffd655ab97bd1c695dbd967807e8367a65cb2f4edaf1380ba1bda hf:1.0000 collateralAsset:0.1961 oraclePrice:1573074180648333236866307926
2026/06/05 15:41:34 [liq] simulation failed for 0x7EDD9d7cb46da53aC168D9F6b74295fA522045aa: eth_call failed: dryRun: w3: 2 calls failed:
call[0]: execution reverted: inconsistent input
call[1]: execution reverted: inconsistent input
2026/06/05 15:41:34 liquidation check borrower 0x52c9964927f53c47240458d71Fa8a8d9b8264634 usd:1431.1284 for market cbBTC/USDC 0x9103c3b4e834476c9a62ea009ba2c884ee42e94e6e314a26f04d312434191836 hf:0.9981 collateralAsset:0.0277 oraclePrice:600613600000000000000000000000000000000
2026/06/05 15:41:34 [liq] simulation failed for 0xE28251630eeb3893665d08609B9b946EB37E6030: eth_call failed: dryRun: w3: 2 calls failed:
call[0]: execution reverted: inconsistent input
call[1]: execution reverted: inconsistent input
2026/06/05 15:41:34 [liq] simulation failed for 0xa2582101c5a515228F7b7E880B3C7BD34B6BDD6c: eth_call failed: dryRun: w3: 2 calls failed:
call[0]: execution reverted: inconsistent input
call[1]: execution reverted: inconsistent input
2026/06/05 15:41:34 liquidation check borrower 0x3464502D43c4fcd6118bdEEa9395b6709147b2e0 usd:7.7077 for market cbBTC/USDC 0x9103c3b4e834476c9a62ea009ba2c884ee42e94e6e314a26f04d312434191836 hf:0.9981 collateralAsset:0.0001 oraclePrice:600613600000000000000000000000000000000
2026/06/05 15:41:34 liquidation check borrower 0x495C1E2bF6DeFDF575d39DDCce0765668F11922B usd:681.0752 for market WETH/USDC 0x8793cf302b8ffd655ab97bd1c695dbd967807e8367a65cb2f4edaf1380ba1bda hf:0.9980 collateralAsset:0.5026 oraclePrice:1573074180648333236866307926
2026/06/05 15:41:35 [liq] simulation failed for 0xfe4462f7E52E14427483140464763Ae3cC8B7043: eth_call failed: dryRun: w3: 2 calls failed:
call[0]: execution reverted: inconsistent input
call[1]: execution reverted: inconsistent input
2026/06/05 15:41:35 liquidation check borrower 0xF897972e858C3838E5bB477bBb74650294098c6a usd:13.1775 for market cbBTC/USDC 0x9103c3b4e834476c9a62ea009ba2c884ee42e94e6e314a26f04d312434191836 hf:0.9984 collateralAsset:0.0003 oraclePrice:600613600000000000000000000000000000000
2026/06/05 15:41:35 [liq] simulation failed for 0x52c9964927f53c47240458d71Fa8a8d9b8264634: eth_call failed: dryRun: w3: 2 calls failed:
call[0]: execution reverted: inconsistent input
call[1]: execution reverted: inconsistent input
2026/06/05 15:41:35 liquidation check borrower 0x36460E93E0a4Dd67634c3CFFE5AB13fca354bEB9 usd:69.5156 for market WETH/USDC 0x8793cf302b8ffd655ab97bd1c695dbd967807e8367a65cb2f4edaf1380ba1bda hf:0.9986 collateralAsset:0.0513 oraclePrice:1573074180648333236866307926
2026/06/05 15:41:35 [liq] simulation failed for 0x3464502D43c4fcd6118bdEEa9395b6709147b2e0: eth_call failed: dryRun: w3: 2 calls failed:
call[0]: execution reverted: inconsistent input
call[1]: execution reverted: inconsistent input
2026/06/05 15:41:35 liquidation check borrower 0x7279EffeBaCFf74135F500f36044E2b251BE687F usd:23.9595 for market cbBTC/USDC 0x9103c3b4e834476c9a62ea009ba2c884ee42e94e6e314a26f04d312434191836 hf:0.9986 collateralAsset:0.0005 oraclePrice:600613600000000000000000000000000000000
2026/06/05 15:41:35 [liq] simulation failed for 0x495C1E2bF6DeFDF575d39DDCce0765668F11922B: eth_call failed: dryRun: w3: 2 calls failed:
call[0]: execution reverted: inconsistent input
call[1]: execution reverted: inconsistent input
2026/06/05 15:41:35 liquidation check borrower 0x7527BBC4Ab58394E293d6A4d07c94731CC94962f usd:839.3793 for market WETH/USDC 0x8793cf302b8ffd655ab97bd1c695dbd967807e8367a65cb2f4edaf1380ba1bda hf:0.9989 collateralAsset:0.6200 oraclePrice:1573074180648333236866307926
2026/06/05 15:41:35 [liq] simulation failed for 0xF897972e858C3838E5bB477bBb74650294098c6a: eth_call failed: dryRun: w3: 2 calls failed:
call[0]: execution reverted: inconsistent input
call[1]: execution reverted: inconsistent input
2026/06/05 15:41:35 liquidation check borrower 0x332698Ad2D33CF4909eF5b36CEb94D1666669e52 usd:155.4714 for market cbBTC/USDC 0x9103c3b4e834476c9a62ea009ba2c884ee42e94e6e314a26f04d312434191836 hf:0.9986 collateralAsset:0.0030 oraclePrice:600613600000000000000000000000000000000
2026/06/05 15:41:35 [liq] simulation failed for 0x36460E93E0a4Dd67634c3CFFE5AB13fca354bEB9: eth_call failed: dryRun: w3: 2 calls failed:
call[0]: execution reverted: inconsistent input
call[1]: execution reverted: inconsistent input
2026/06/05 15:41:35 liquidation check borrower 0xE28251630eeb3893665d08609B9b946EB37E6030 usd:279.5837 for market WETH/USDC 0x8793cf302b8ffd655ab97bd1c695dbd967807e8367a65cb2f4edaf1380ba1bda hf:0.9999 collateralAsset:0.2067 oraclePrice:1573074180648333236866307926
2026/06/05 15:41:35 [liq] simulation failed for 0x7279EffeBaCFf74135F500f36044E2b251BE687F: eth_call failed: dryRun: w3: 2 calls failed:
call[0]: execution reverted: inconsistent input
call[1]: execution reverted: inconsistent input
2026/06/05 15:41:35 liquidation check borrower 0xaD332919fd7FfA1172D21d5ec35B97F8C3B78db2 usd:122.9105 for market cbBTC/USDC 0x9103c3b4e834476c9a62ea009ba2c884ee42e94e6e314a26f04d312434191836 hf:0.9987 collateralAsset:0.0024 oraclePrice:600613600000000000000000000000000000000
2026/06/05 15:41:35 [liq] simulation failed for 0x7527BBC4Ab58394E293d6A4d07c94731CC94962f: eth_call failed: dryRun: w3: 2 calls failed:
call[0]: execution reverted: inconsistent input
call[1]: execution reverted: inconsistent input
2026/06/05 15:41:35 liquidation check borrower 0xfe4462f7E52E14427483140464763Ae3cC8B7043 usd:265.1856 for market WETH/USDC 0x8793cf302b8ffd655ab97bd1c695dbd967807e8367a65cb2f4edaf1380ba1bda hf:1.0000 collateralAsset:0.1961 oraclePrice:1573074180648333236866307926
2026/06/05 15:41:36 [liq] simulation failed for 0x332698Ad2D33CF4909eF5b36CEb94D1666669e52: eth_call failed: dryRun: w3: 2 calls failed:
call[0]: execution reverted: inconsistent input
call[1]: execution reverted: inconsistent input
2026/06/05 15:41:36 liquidation check borrower 0x6b1a88e61267ca526e25d7C77CC79455A73807e5 usd:51.0303 for market cbBTC/USDC 0x9103c3b4e834476c9a62ea009ba2c884ee42e94e6e314a26f04d312434191836 hf:0.9987 collateralAsset:0.0010 oraclePrice:600613600000000000000000000000000000000
2026/06/05 15:41:36 [liq] simulation failed for 0xE28251630eeb3893665d08609B9b946EB37E6030: eth_call failed: dryRun: w3: 2 calls failed:
call[0]: execution reverted: inconsistent input
call[1]: execution reverted: inconsistent input
2026/06/05 15:41:36 [liq] simulation failed for 0xaD332919fd7FfA1172D21d5ec35B97F8C3B78db2: eth_call failed: dryRun: w3: 2 calls failed:
call[0]: execution reverted: inconsistent input
call[1]: execution reverted: inconsistent input
2026/06/05 15:41:36 liquidation check borrower 0x5B0F605AB28750dF288b86b840881a5482f734c9 usd:983.7994 for market cbBTC/USDC 0x9103c3b4e834476c9a62ea009ba2c884ee42e94e6e314a26f04d312434191836 hf:0.9988 collateralAsset:0.0190 oraclePrice:600613600000000000000000000000000000000
2026/06/05 15:41:36 liquidation check borrower 0x495C1E2bF6DeFDF575d39DDCce0765668F11922B usd:681.0752 for market WETH/USDC 0x8793cf302b8ffd655ab97bd1c695dbd967807e8367a65cb2f4edaf1380ba1bda hf:0.9980 collateralAsset:0.5026 oraclePrice:1573074180648333236866307926
2026/06/05 15:41:36 [liq] simulation failed for 0xfe4462f7E52E14427483140464763Ae3cC8B7043: eth_call failed: dryRun: w3: 2 calls failed:
call[0]: execution reverted: inconsistent input
call[1]: execution reverted: inconsistent input
2026/06/05 15:41:36 liquidation check borrower 0x3efA919bFC2eccc457B86BD832d3A9b208c4A5e4 usd:15.6260 for market cbBTC/USDC 0x9103c3b4e834476c9a62ea009ba2c884ee42e94e6e314a26f04d312434191836 hf:0.9988 collateralAsset:0.0003 oraclePrice:600613600000000000000000000000000000000
2026/06/05 15:41:36 [liq] simulation failed for 0x6b1a88e61267ca526e25d7C77CC79455A73807e5: eth_call failed: dryRun: w3: 2 calls failed:
call[0]: execution reverted: inconsistent input
call[1]: execution reverted: inconsistent input
2026/06/05 15:41:36 liquidation check borrower 0x36460E93E0a4Dd67634c3CFFE5AB13fca354bEB9 usd:69.5156 for market WETH/USDC 0x8793cf302b8ffd655ab97bd1c695dbd967807e8367a65cb2f4edaf1380ba1bda hf:0.9986 collateralAsset:0.0513 oraclePrice:1573074180648333236866307926
2026/06/05 15:41:36 [liq] simulation failed for 0x5B0F605AB28750dF288b86b840881a5482f734c9: eth_call failed: dryRun: w3: 2 calls failed:
call[0]: execution reverted: inconsistent input
call[1]: execution reverted: inconsistent input
2026/06/05 15:41:36 liquidation check borrower 0xb666423CD4C2CD96639d75e6bb32F28b9E604cf8 usd:51.3755 for market cbBTC/USDC 0x9103c3b4e834476c9a62ea009ba2c884ee42e94e6e314a26f04d312434191836 hf:0.9989 collateralAsset:0.0010 oraclePrice:600613600000000000000000000000000000000
2026/06/05 15:41:36 [liq] simulation failed for 0x495C1E2bF6DeFDF575d39DDCce0765668F11922B: eth_call failed: dryRun: w3: 2 calls failed:
call[0]: execution reverted: inconsistent input
call[1]: execution reverted: inconsistent input
2026/06/05 15:41:36 liquidation check borrower 0x7527BBC4Ab58394E293d6A4d07c94731CC94962f usd:839.3793 for market WETH/USDC 0x8793cf302b8ffd655ab97bd1c695dbd967807e8367a65cb2f4edaf1380ba1bda hf:0.9989 collateralAsset:0.6200 oraclePrice:1573074180648333236866307926
2026/06/05 15:41:36 [liq] simulation failed for 0x3efA919bFC2eccc457B86BD832d3A9b208c4A5e4: eth_call failed: dryRun: w3: 2 calls failed:
call[0]: execution reverted: inconsistent input
call[1]: execution reverted: inconsistent input
2026/06/05 15:41:36 liquidation check borrower 0xD4281bEfD591Bdb18F0aeBDccab6fB002922c452 usd:5.4773 for market cbBTC/USDC 0x9103c3b4e834476c9a62ea009ba2c884ee42e94e6e314a26f04d312434191836 hf:0.9989 collateralAsset:0.0001 oraclePrice:600613600000000000000000000000000000000
2026/06/05 15:41:37 [liq] simulation failed for 0x36460E93E0a4Dd67634c3CFFE5AB13fca354bEB9: eth_call failed: dryRun: w3: 2 calls failed:
call[0]: execution reverted: inconsistent input
call[1]: execution reverted: inconsistent input
2026/06/05 15:41:37 liquidation check borrower 0xE28251630eeb3893665d08609B9b946EB37E6030 usd:279.5837 for market WETH/USDC 0x8793cf302b8ffd655ab97bd1c695dbd967807e8367a65cb2f4edaf1380ba1bda hf:0.9999 collateralAsset:0.2067 oraclePrice:1573074180648333236866307926
2026/06/05 15:41:37 [liq] simulation failed for 0xb666423CD4C2CD96639d75e6bb32F28b9E604cf8: eth_call failed: dryRun: w3: 2 calls failed:
call[0]: execution reverted: inconsistent input
call[1]: execution reverted: inconsistent input
2026/06/05 15:41:37 liquidation check borrower 0x5c6f6bc4d7C5A74816117B2878035359b7E753C3 usd:5057.1317 for market cbBTC/USDC 0x9103c3b4e834476c9a62ea009ba2c884ee42e94e6e314a26f04d312434191836 hf:0.9990 collateralAsset:0.0978 oraclePrice:600613600000000000000000000000000000000
2026/06/05 15:41:37 [liq] simulation failed for 0x7527BBC4Ab58394E293d6A4d07c94731CC94962f: eth_call failed: dryRun: w3: 2 calls failed:
call[0]: execution reverted: inconsistent input
call[1]: execution reverted: inconsistent input
2026/06/05 15:41:37 liquidation check borrower 0xfe4462f7E52E14427483140464763Ae3cC8B7043 usd:265.1856 for market WETH/USDC 0x8793cf302b8ffd655ab97bd1c695dbd967807e8367a65cb2f4edaf1380ba1bda hf:1.0000 collateralAsset:0.1961 oraclePrice:1573074180648333236866307926
2026/06/05 15:41:37 [liq] simulation failed for 0xD4281bEfD591Bdb18F0aeBDccab6fB002922c452: eth_call failed: dryRun: w3: 2 calls failed:
call[0]: execution reverted: inconsistent input
call[1]: execution reverted: inconsistent input
2026/06/05 15:41:37 liquidation check borrower 0x7F5985dd7E0198E0215e01D689fc57f403094470 usd:10.3581 for market cbBTC/USDC 0x9103c3b4e834476c9a62ea009ba2c884ee42e94e6e314a26f04d312434191836 hf:0.9990 collateralAsset:0.0002 oraclePrice:600613600000000000000000000000000000000
2026/06/05 15:41:37 [liq] simulation failed for 0xE28251630eeb3893665d08609B9b946EB37E6030: eth_call failed: dryRun: w3: 2 calls failed:
call[0]: execution reverted: inconsistent input
call[1]: execution reverted: inconsistent input
2026/06/05 15:41:37 [liq] simulation failed for 0x5c6f6bc4d7C5A74816117B2878035359b7E753C3: eth_call failed: dryRun: w3: 2 calls failed:
call[0]: execution reverted: inconsistent input
call[1]: execution reverted: inconsistent input
2026/06/05 15:41:37 liquidation check borrower 0x411e2BfCfc15A2E1d649Bb1a4F2CD53AB017bcA1 usd:1275.3732 for market cbBTC/USDC 0x9103c3b4e834476c9a62ea009ba2c884ee42e94e6e314a26f04d312434191836 hf:0.9990 collateralAsset:0.0247 oraclePrice:600613600000000000000000000000000000000
2026/06/05 15:41:37 liquidation check borrower 0x495C1E2bF6DeFDF575d39DDCce0765668F11922B usd:681.0752 for market WETH/USDC 0x8793cf302b8ffd655ab97bd1c695dbd967807e8367a65cb2f4edaf1380ba1bda hf:0.9980 collateralAsset:0.5026 oraclePrice:1573074180648333236866307926
2026/06/05 15:41:37 [liq] simulation failed for 0xfe4462f7E52E14427483140464763Ae3cC8B7043: eth_call failed: dryRun: w3: 2 calls failed:
call[0]: execution reverted: inconsistent input
call[1]: execution reverted: inconsistent input
2026/06/05 15:41:37 liquidation check borrower 0x040742C4f0EEe8653cD4B36dbF05E0B36E4ec6D4 usd:10.8829 for market cbBTC/USDC 0x9103c3b4e834476c9a62ea009ba2c884ee42e94e6e314a26f04d312434191836 hf:0.9991 collateralAsset:0.0002 oraclePrice:600613600000000000000000000000000000000
2026/06/05 15:41:38 [liq] simulation failed for 0x7F5985dd7E0198E0215e01D689fc57f403094470: eth_call failed: dryRun: w3: 2 calls failed:
call[0]: execution reverted: inconsistent input
call[1]: execution reverted: inconsistent input
2026/06/05 15:41:38 liquidation check borrower 0x36460E93E0a4Dd67634c3CFFE5AB13fca354bEB9 usd:69.5156 for market WETH/USDC 0x8793cf302b8ffd655ab97bd1c695dbd967807e8367a65cb2f4edaf1380ba1bda hf:0.9986 collateralAsset:0.0513 oraclePrice:1573074180648333236866307926
2026/06/05 15:41:38 [liq] simulation failed for 0x411e2BfCfc15A2E1d649Bb1a4F2CD53AB017bcA1: eth_call failed: dryRun: w3: 2 calls failed:
call[0]: execution reverted: inconsistent input
call[1]: execution reverted: inconsistent input
2026/06/05 15:41:38 liquidation check borrower 0x692bBd6337598606D2A61e9EA312C792A5a93B3e usd:725.4043 for market cbBTC/USDC 0x9103c3b4e834476c9a62ea009ba2c884ee42e94e6e314a26f04d312434191836 hf:0.9991 collateralAsset:0.0140 oraclePrice:600613600000000000000000000000000000000
2026/06/05 15:41:38 [liq] simulation failed for 0x495C1E2bF6DeFDF575d39DDCce0765668F11922B: eth_call failed: dryRun: w3: 2 calls failed:
call[0]: execution reverted: inconsistent input
call[1]: execution reverted: inconsistent input
2026/06/05 15:41:38 liquidation check borrower 0x7527BBC4Ab58394E293d6A4d07c94731CC94962f usd:839.3793 for market WETH/USDC 0x8793cf302b8ffd655ab97bd1c695dbd967807e8367a65cb2f4edaf1380ba1bda hf:0.9989 collateralAsset:0.6200 oraclePrice:1573074180648333236866307926
2026/06/05 15:41:38 [liq] simulation failed for 0x040742C4f0EEe8653cD4B36dbF05E0B36E4ec6D4: eth_call failed: dryRun: w3: 2 calls failed:
call[0]: execution reverted: inconsistent input
call[1]: execution reverted: inconsistent input
2026/06/05 15:41:38 liquidation check borrower 0xeCea48ef7FaceC82886a0DA8DFd4353c171eaA38 usd:9.7023 for market cbBTC/USDC 0x9103c3b4e834476c9a62ea009ba2c884ee42e94e6e314a26f04d312434191836 hf:0.9992 collateralAsset:0.0002 oraclePrice:600613600000000000000000000000000000000
2026/06/05 15:41:38 [liq] simulation failed for 0x36460E93E0a4Dd67634c3CFFE5AB13fca354bEB9: eth_call failed: dryRun: w3: 2 calls failed:
call[0]: execution reverted: inconsistent input
call[1]: execution reverted: inconsistent input
2026/06/05 15:41:38 liquidation check borrower 0xE28251630eeb3893665d08609B9b946EB37E6030 usd:279.5837 for market WETH/USDC 0x8793cf302b8ffd655ab97bd1c695dbd967807e8367a65cb2f4edaf1380ba1bda hf:0.9999 collateralAsset:0.2067 oraclePrice:1573074180648333236866307926
2026/06/05 15:41:38 [liq] simulation failed for 0x692bBd6337598606D2A61e9EA312C792A5a93B3e: eth_call failed: dryRun: w3: 2 calls failed:
call[0]: execution reverted: inconsistent input
call[1]: execution reverted: inconsistent input
2026/06/05 15:41:38 liquidation check borrower 0x89Bcd9bb756965Eef0275e2899Dc28b6D808AD2a usd:2048.1450 for market cbBTC/USDC 0x9103c3b4e834476c9a62ea009ba2c884ee42e94e6e314a26f04d312434191836 hf:0.9994 collateralAsset:0.0396 oraclePrice:600613600000000000000000000000000000000
2026/06/05 15:41:38 [liq] simulation failed for 0x7527BBC4Ab58394E293d6A4d07c94731CC94962f: eth_call failed: dryRun: w3: 2 calls failed:
call[0]: execution reverted: inconsistent input
call[1]: execution reverted: inconsistent input
2026/06/05 15:41:38 liquidation check borrower 0xfe4462f7E52E14427483140464763Ae3cC8B7043 usd:265.1856 for market WETH/USDC 0x8793cf302b8ffd655ab97bd1c695dbd967807e8367a65cb2f4edaf1380ba1bda hf:1.0000 collateralAsset:0.1961 oraclePrice:1573074180648333236866307926
2026/06/05 15:41:38 [liq] simulation failed for 0xeCea48ef7FaceC82886a0DA8DFd4353c171eaA38: eth_call failed: dryRun: w3: 2 calls failed:
call[0]: execution reverted: inconsistent input
call[1]: execution reverted: inconsistent input
2026/06/05 15:41:38 liquidation check borrower 0x0223306c08172fAEA724Da05c9c11cdF063A75F0 usd:7535.6786 for market cbBTC/USDC 0x9103c3b4e834476c9a62ea009ba2c884ee42e94e6e314a26f04d312434191836 hf:0.9994 collateralAsset:0.1459 oraclePrice:600613600000000000000000000000000000000
2026/06/05 15:41:39 [liq] simulation failed for 0xE28251630eeb3893665d08609B9b946EB37E6030: eth_call failed: dryRun: w3: 2 calls failed:
call[0]: execution reverted: inconsistent input
call[1]: execution reverted: inconsistent input
2026/06/05 15:41:39 [liq] simulation failed for 0x89Bcd9bb756965Eef0275e2899Dc28b6D808AD2a: eth_call failed: dryRun: w3: 2 calls failed:
call[0]: execution reverted: inconsistent input
call[1]: execution reverted: inconsistent input
2026/06/05 15:41:39 liquidation check borrower 0x1a57a088081e45e68eE3709CE2D6Fe33dD6208E0 usd:1469.5771 for market cbBTC/USDC 0x9103c3b4e834476c9a62ea009ba2c884ee42e94e6e314a26f04d312434191836 hf:0.9995 collateralAsset:0.0284 oraclePrice:600613600000000000000000000000000000000
2026/06/05 15:41:39 liquidation check borrower 0x495C1E2bF6DeFDF575d39DDCce0765668F11922B usd:681.0752 for market WETH/USDC 0x8793cf302b8ffd655ab97bd1c695dbd967807e8367a65cb2f4edaf1380ba1bda hf:0.9980 collateralAsset:0.5026 oraclePrice:1573074180648333236866307926
2026/06/05 15:41:39 [liq] simulation failed for 0xfe4462f7E52E14427483140464763Ae3cC8B7043: eth_call failed: dryRun: w3: 2 calls failed:
call[0]: execution reverted: inconsistent input
call[1]: execution reverted: inconsistent input
2026/06/05 15:41:39 liquidation check borrower 0x18f1842604cA6b9E7cF81f5F69E1789Fcf1EcaAB usd:64.5284 for market cbBTC/USDC 0x9103c3b4e834476c9a62ea009ba2c884ee42e94e6e314a26f04d312434191836 hf:0.9996 collateralAsset:0.0012 oraclePrice:600613600000000000000000000000000000000
2026/06/05 15:41:39 [liq] simulation failed for 0x0223306c08172fAEA724Da05c9c11cdF063A75F0: eth_call failed: dryRun: w3: 2 calls failed:
call[0]: execution reverted: inconsistent input
call[1]: execution reverted: inconsistent input
2026/06/05 15:41:39 liquidation check borrower 0x36460E93E0a4Dd67634c3CFFE5AB13fca354bEB9 usd:69.5156 for market WETH/USDC 0x8793cf302b8ffd655ab97bd1c695dbd967807e8367a65cb2f4edaf1380ba1bda hf:0.9986 collateralAsset:0.0513 oraclePrice:1573074180648333236866307926
2026/06/05 15:41:39 [liq] simulation failed for 0x1a57a088081e45e68eE3709CE2D6Fe33dD6208E0: eth_call failed: dryRun: w3: 2 calls failed:
call[0]: execution reverted: inconsistent input
call[1]: execution reverted: inconsistent input
2026/06/05 15:41:39 liquidation check borrower 0x31ACF6Cf71a9deF69395FcEF3c99132e62567A0B usd:13.5376 for market cbBTC/USDC 0x9103c3b4e834476c9a62ea009ba2c884ee42e94e6e314a26f04d312434191836 hf:0.9998 collateralAsset:0.0003 oraclePrice:600613600000000000000000000000000000000
2026/06/05 15:41:39 [liq] simulation failed for 0x495C1E2bF6DeFDF575d39DDCce0765668F11922B: eth_call failed: dryRun: w3: 2 calls failed:
call[0]: execution reverted: inconsistent input
call[1]: execution reverted: inconsistent input
2026/06/05 15:41:39 liquidation check borrower 0x7527BBC4Ab58394E293d6A4d07c94731CC94962f usd:839.3793 for market WETH/USDC 0x8793cf302b8ffd655ab97bd1c695dbd967807e8367a65cb2f4edaf1380ba1bda hf:0.9989 collateralAsset:0.6200 oraclePrice:1573074180648333236866307926
2026/06/05 15:41:39 [liq] simulation failed for 0x18f1842604cA6b9E7cF81f5F69E1789Fcf1EcaAB: eth_call failed: dryRun: w3: 2 calls failed:
call[0]: execution reverted: inconsistent input
call[1]: execution reverted: inconsistent input
2026/06/05 15:41:40 [liq] simulation failed for 0x36460E93E0a4Dd67634c3CFFE5AB13fca354bEB9: eth_call failed: dryRun: w3: 2 calls failed:
call[0]: execution reverted: inconsistent input
call[1]: execution reverted: inconsistent input
2026/06/05 15:41:40 liquidation check borrower 0xE28251630eeb3893665d08609B9b946EB37E6030 usd:279.5837 for market WETH/USDC 0x8793cf302b8ffd655ab97bd1c695dbd967807e8367a65cb2f4edaf1380ba1bda hf:0.9999 collateralAsset:0.2067 oraclePrice:1573074180648333236866307926
2026/06/05 15:41:40 liquidation check borrower 0x500904B35429B331049aB3f30C9F8Cc9906f0427 usd:2306.8849 for market cbBTC/USDC 0x9103c3b4e834476c9a62ea009ba2c884ee42e94e6e314a26f04d312434191836 hf:0.9979 collateralAsset:0.0446 oraclePrice:600613600000000000000000000000000000000
2026/06/05 15:41:40 [liq] simulation failed for 0x31ACF6Cf71a9deF69395FcEF3c99132e62567A0B: eth_call failed: dryRun: w3: 2 calls failed:
call[0]: execution reverted: inconsistent input
call[1]: execution reverted: inconsistent input
2026/06/05 15:41:40 liquidation check borrower 0xfe4462f7E52E14427483140464763Ae3cC8B7043 usd:265.1856 for market WETH/USDC 0x8793cf302b8ffd655ab97bd1c695dbd967807e8367a65cb2f4edaf1380ba1bda hf:1.0000 collateralAsset:0.1961 oraclePrice:1573074180648333236866307926
2026/06/05 15:41:40 [liq] simulation failed for 0x7527BBC4Ab58394E293d6A4d07c94731CC94962f: eth_call failed: dryRun: w3: 2 calls failed:
call[0]: execution reverted: inconsistent input
call[1]: execution reverted: inconsistent input
2026/06/05 15:41:40 liquidation check borrower 0x7EDD9d7cb46da53aC168D9F6b74295fA522045aa usd:7.5720 for market cbBTC/USDC 0x9103c3b4e834476c9a62ea009ba2c884ee42e94e6e314a26f04d312434191836 hf:0.9979 collateralAsset:0.0001 oraclePrice:600613600000000000000000000000000000000
2026/06/05 15:41:40 latency:19ms vbETH/vbUSDC Pos: 35 [1.0-1.1]: 5 [1.1-1.5]: 14 USD < 10pct from liq: 6875.2018 
2026/06/05 15:41:40 [liq] simulation failed for 0xE28251630eeb3893665d08609B9b946EB37E6030: eth_call failed: dryRun: w3: 2 calls failed:
call[0]: execution reverted: inconsistent input
call[1]: execution reverted: inconsistent input
2026/06/05 15:41:40 [liq] simulation failed for 0x500904B35429B331049aB3f30C9F8Cc9906f0427: eth_call failed: dryRun: w3: 2 calls failed:
call[0]: execution reverted: inconsistent input
call[1]: execution reverted: inconsistent input
2026/06/05 15:41:40 liquidation check borrower 0xa2582101c5a515228F7b7E880B3C7BD34B6BDD6c usd:72.8857 for market cbBTC/USDC 0x9103c3b4e834476c9a62ea009ba2c884ee42e94e6e314a26f04d312434191836 hf:0.9980 collateralAsset:0.0014 oraclePrice:600613600000000000000000000000000000000
2026/06/05 15:41:40 liquidation check borrower 0x495C1E2bF6DeFDF575d39DDCce0765668F11922B usd:681.0752 for market WETH/USDC 0x8793cf302b8ffd655ab97bd1c695dbd967807e8367a65cb2f4edaf1380ba1bda hf:0.9980 collateralAsset:0.5026 oraclePrice:1573074180648333236866307926
2026/06/05 15:41:40 [liq] simulation failed for 0xfe4462f7E52E14427483140464763Ae3cC8B7043: eth_call failed: dryRun: w3: 2 calls failed:
call[0]: execution reverted: inconsistent input
call[1]: execution reverted: inconsistent input
2026/06/05 15:41:40 liquidation check borrower 0x52c9964927f53c47240458d71Fa8a8d9b8264634 usd:1431.1284 for market cbBTC/USDC 0x9103c3b4e834476c9a62ea009ba2c884ee42e94e6e314a26f04d312434191836 hf:0.9981 collateralAsset:0.0277 oraclePrice:600613600000000000000000000000000000000
2026/06/05 15:41:41 [liq] simulation failed for 0x7EDD9d7cb46da53aC168D9F6b74295fA522045aa: eth_call failed: dryRun: w3: 2 calls failed:
call[0]: execution reverted: inconsistent input
call[1]: execution reverted: inconsistent input
2026/06/05 15:41:41 liquidation check borrower 0x36460E93E0a4Dd67634c3CFFE5AB13fca354bEB9 usd:69.5156 for market WETH/USDC 0x8793cf302b8ffd655ab97bd1c695dbd967807e8367a65cb2f4edaf1380ba1bda hf:0.9986 collateralAsset:0.0513 oraclePrice:1573074180648333236866307926
2026/06/05 15:41:41 [liq] simulation failed for 0xa2582101c5a515228F7b7E880B3C7BD34B6BDD6c: eth_call failed: dryRun: w3: 2 calls failed:
call[0]: execution reverted: inconsistent input
call[1]: execution reverted: inconsistent input
2026/06/05 15:41:41 liquidation check borrower 0x3464502D43c4fcd6118bdEEa9395b6709147b2e0 usd:7.7077 for market cbBTC/USDC 0x9103c3b4e834476c9a62ea009ba2c884ee42e94e6e314a26f04d312434191836 hf:0.9981 collateralAsset:0.0001 oraclePrice:600613600000000000000000000000000000000
2026/06/05 15:41:41 [liq] simulation failed for 0x495C1E2bF6DeFDF575d39DDCce0765668F11922B: eth_call failed: dryRun: w3: 2 calls failed:
call[0]: execution reverted: inconsistent input
call[1]: execution reverted: inconsistent input
2026/06/05 15:41:41 liquidation check borrower 0x7527BBC4Ab58394E293d6A4d07c94731CC94962f usd:839.3793 for market WETH/USDC 0x8793cf302b8ffd655ab97bd1c695dbd967807e8367a65cb2f4edaf1380ba1bda hf:0.9989 collateralAsset:0.6200 oraclePrice:1573074180648333236866307926
2026/06/05 15:41:41 [liq] simulation failed for 0x52c9964927f53c47240458d71Fa8a8d9b8264634: eth_call failed: dryRun: w3: 2 calls failed:
call[0]: execution reverted: inconsistent input
call[1]: execution reverted: inconsistent input
2026/06/05 15:41:41 liquidation check borrower 0xF897972e858C3838E5bB477bBb74650294098c6a usd:13.1775 for market cbBTC/USDC 0x9103c3b4e834476c9a62ea009ba2c884ee42e94e6e314a26f04d312434191836 hf:0.9984 collateralAsset:0.0003 oraclePrice:600613600000000000000000000000000000000
2026/06/05 15:41:41 [liq] simulation failed for 0x36460E93E0a4Dd67634c3CFFE5AB13fca354bEB9: eth_call failed: dryRun: w3: 2 calls failed:
call[0]: execution reverted: inconsistent input
call[1]: execution reverted: inconsistent input
2026/06/05 15:41:41 liquidation check borrower 0xE28251630eeb3893665d08609B9b946EB37E6030 usd:279.5837 for market WETH/USDC 0x8793cf302b8ffd655ab97bd1c695dbd967807e8367a65cb2f4edaf1380ba1bda hf:0.9999 collateralAsset:0.2067 oraclePrice:1573074180648333236866307926
2026/06/05 15:41:41 [liq] simulation failed for 0x3464502D43c4fcd6118bdEEa9395b6709147b2e0: eth_call failed: dryRun: w3: 2 calls failed:
call[0]: execution reverted: inconsistent input
call[1]: execution reverted: inconsistent input
2026/06/05 15:41:41 liquidation check borrower 0x7279EffeBaCFf74135F500f36044E2b251BE687F usd:23.9595 for market cbBTC/USDC 0x9103c3b4e834476c9a62ea009ba2c884ee42e94e6e314a26f04d312434191836 hf:0.9986 collateralAsset:0.0005 oraclePrice:600613600000000000000000000000000000000
2026/06/05 15:41:41 [liq] simulation failed for 0x7527BBC4Ab58394E293d6A4d07c94731CC94962f: eth_call failed: dryRun: w3: 2 calls failed:
call[0]: execution reverted: inconsistent input
call[1]: execution reverted: inconsistent input
2026/06/05 15:41:41 liquidation check borrower 0xfe4462f7E52E14427483140464763Ae3cC8B7043 usd:265.1856 for market WETH/USDC 0x8793cf302b8ffd655ab97bd1c695dbd967807e8367a65cb2f4edaf1380ba1bda hf:1.0000 collateralAsset:0.1961 oraclePrice:1573074180648333236866307926
2026/06/05 15:41:41 [liq] simulation failed for 0xF897972e858C3838E5bB477bBb74650294098c6a: eth_call failed: dryRun: w3: 2 calls failed:
call[0]: execution reverted: inconsistent input
call[1]: execution reverted: inconsistent input
2026/06/05 15:41:41 liquidation check borrower 0x332698Ad2D33CF4909eF5b36CEb94D1666669e52 usd:155.4714 for market cbBTC/USDC 0x9103c3b4e834476c9a62ea009ba2c884ee42e94e6e314a26f04d312434191836 hf:0.9986 collateralAsset:0.0030 oraclePrice:600613600000000000000000000000000000000
2026/06/05 15:41:42 [liq] simulation failed for 0xE28251630eeb3893665d08609B9b946EB37E6030: eth_call failed: dryRun: w3: 2 calls failed:
call[0]: execution reverted: inconsistent input
call[1]: execution reverted: inconsistent input
2026/06/05 15:41:42 [liq] simulation failed for 0x7279EffeBaCFf74135F500f36044E2b251BE687F: eth_call failed: dryRun: w3: 2 calls failed:
call[0]: execution reverted: inconsistent input
call[1]: execution reverted: inconsistent input
2026/06/05 15:41:42 liquidation check borrower 0xaD332919fd7FfA1172D21d5ec35B97F8C3B78db2 usd:122.9105 for market cbBTC/USDC 0x9103c3b4e834476c9a62ea009ba2c884ee42e94e6e314a26f04d312434191836 hf:0.9987 collateralAsset:0.0024 oraclePrice:600613600000000000000000000000000000000
2026/06/05 15:41:42 [liq] simulation failed for 0xfe4462f7E52E14427483140464763Ae3cC8B7043: eth_call failed: dryRun: w3: 2 calls failed:
call[0]: execution reverted: inconsistent input
call[1]: execution reverted: inconsistent input
2026/06/05 15:41:42 liquidation check borrower 0x6b1a88e61267ca526e25d7C77CC79455A73807e5 usd:51.0303 for market cbBTC/USDC 0x9103c3b4e834476c9a62ea009ba2c884ee42e94e6e314a26f04d312434191836 hf:0.9987 collateralAsset:0.0010 oraclePrice:600613600000000000000000000000000000000
2026/06/05 15:41:42 [liq] simulation failed for 0x332698Ad2D33CF4909eF5b36CEb94D1666669e52: eth_call failed: dryRun: w3: 2 calls failed:
call[0]: execution reverted: inconsistent input
call[1]: execution reverted: inconsistent input
2026/06/05 15:41:42 liquidation check borrower 0x5B0F605AB28750dF288b86b840881a5482f734c9 usd:983.7994 for market cbBTC/USDC 0x9103c3b4e834476c9a62ea009ba2c884ee42e94e6e314a26f04d312434191836 hf:0.9988 collateralAsset:0.0190 oraclePrice:600613600000000000000000000000000000000
2026/06/05 15:41:42 [liq] simulation failed for 0xaD332919fd7FfA1172D21d5ec35B97F8C3B78db2: eth_call failed: dryRun: w3: 2 calls failed:
call[0]: execution reverted: inconsistent input
call[1]: execution reverted: inconsistent input
2026/06/05 15:41:42 liquidation check borrower 0x3efA919bFC2eccc457B86BD832d3A9b208c4A5e4 usd:15.6260 for market cbBTC/USDC 0x9103c3b4e834476c9a62ea009ba2c884ee42e94e6e314a26f04d312434191836 hf:0.9988 collateralAsset:0.0003 oraclePrice:600613600000000000000000000000000000000
2026/06/05 15:41:42 [liq] simulation failed for 0x6b1a88e61267ca526e25d7C77CC79455A73807e5: eth_call failed: dryRun: w3: 2 calls failed:
call[0]: execution reverted: inconsistent input
call[1]: execution reverted: inconsistent input
2026/06/05 15:41:42 liquidation check borrower 0xb666423CD4C2CD96639d75e6bb32F28b9E604cf8 usd:51.3755 for market cbBTC/USDC 0x9103c3b4e834476c9a62ea009ba2c884ee42e94e6e314a26f04d312434191836 hf:0.9989 collateralAsset:0.0010 oraclePrice:600613600000000000000000000000000000000
2026/06/05 15:41:42 [liq] simulation failed for 0x5B0F605AB28750dF288b86b840881a5482f734c9: eth_call failed: dryRun: w3: 2 calls failed:
call[0]: execution reverted: inconsistent input
call[1]: execution reverted: inconsistent input
2026/06/05 15:41:42 liquidation check borrower 0xD4281bEfD591Bdb18F0aeBDccab6fB002922c452 usd:5.4773 for market cbBTC/USDC 0x9103c3b4e834476c9a62ea009ba2c884ee42e94e6e314a26f04d312434191836 hf:0.9989 collateralAsset:0.0001 oraclePrice:600613600000000000000000000000000000000
2026/06/05 15:41:42 [liq] simulation failed for 0x3efA919bFC2eccc457B86BD832d3A9b208c4A5e4: eth_call failed: dryRun: w3: 2 calls failed:
call[0]: execution reverted: inconsistent input
call[1]: execution reverted: inconsistent input
2026/06/05 15:41:42 liquidation check borrower 0x5c6f6bc4d7C5A74816117B2878035359b7E753C3 usd:5057.1317 for market cbBTC/USDC 0x9103c3b4e834476c9a62ea009ba2c884ee42e94e6e314a26f04d312434191836 hf:0.9990 collateralAsset:0.0978 oraclePrice:600613600000000000000000000000000000000
2026/06/05 15:41:43 [liq] simulation failed for 0xb666423CD4C2CD96639d75e6bb32F28b9E604cf8: eth_call failed: dryRun: w3: 2 calls failed:
call[0]: execution reverted: inconsistent input
call[1]: execution reverted: inconsistent input
2026/06/05 15:41:43 liquidation check borrower 0x7F5985dd7E0198E0215e01D689fc57f403094470 usd:10.3581 for market cbBTC/USDC 0x9103c3b4e834476c9a62ea009ba2c884ee42e94e6e314a26f04d312434191836 hf:0.9990 collateralAsset:0.0002 oraclePrice:600613600000000000000000000000000000000
2026/06/05 15:41:43 [liq] simulation failed for 0xD4281bEfD591Bdb18F0aeBDccab6fB002922c452: eth_call failed: dryRun: w3: 2 calls failed:
call[0]: execution reverted: inconsistent input
call[1]: execution reverted: inconsistent input
2026/06/05 15:41:43 liquidation check borrower 0x411e2BfCfc15A2E1d649Bb1a4F2CD53AB017bcA1 usd:1275.3732 for market cbBTC/USDC 0x9103c3b4e834476c9a62ea009ba2c884ee42e94e6e314a26f04d312434191836 hf:0.9990 collateralAsset:0.0247 oraclePrice:600613600000000000000000000000000000000
2026/06/05 15:41:43 [liq] simulation failed for 0x5c6f6bc4d7C5A74816117B2878035359b7E753C3: eth_call failed: dryRun: w3: 2 calls failed:
call[0]: execution reverted: inconsistent input
call[1]: execution reverted: inconsistent input
2026/06/05 15:41:43 liquidation check borrower 0x040742C4f0EEe8653cD4B36dbF05E0B36E4ec6D4 usd:10.8829 for market cbBTC/USDC 0x9103c3b4e834476c9a62ea009ba2c884ee42e94e6e314a26f04d312434191836 hf:0.9991 collateralAsset:0.0002 oraclePrice:600613600000000000000000000000000000000
2026/06/05 15:41:43 [liq] simulation failed for 0x7F5985dd7E0198E0215e01D689fc57f403094470: eth_call failed: dryRun: w3: 2 calls failed:
call[0]: execution reverted: inconsistent input
call[1]: execution reverted: inconsistent input
2026/06/05 15:41:43 liquidation check borrower 0x692bBd6337598606D2A61e9EA312C792A5a93B3e usd:725.4043 for market cbBTC/USDC 0x9103c3b4e834476c9a62ea009ba2c884ee42e94e6e314a26f04d312434191836 hf:0.9991 collateralAsset:0.0140 oraclePrice:600613600000000000000000000000000000000
2026/06/05 15:41:43 [liq] simulation failed for 0x411e2BfCfc15A2E1d649Bb1a4F2CD53AB017bcA1: eth_call failed: dryRun: w3: 2 calls failed:
call[0]: execution reverted: inconsistent input
call[1]: execution reverted: inconsistent input
2026/06/05 15:41:43 liquidation check borrower 0xeCea48ef7FaceC82886a0DA8DFd4353c171eaA38 usd:9.7023 for market cbBTC/USDC 0x9103c3b4e834476c9a62ea009ba2c884ee42e94e6e314a26f04d312434191836 hf:0.9992 collateralAsset:0.0002 oraclePrice:600613600000000000000000000000000000000
2026/06/05 15:41:43 [liq] simulation failed for 0x040742C4f0EEe8653cD4B36dbF05E0B36E4ec6D4: eth_call failed: dryRun: w3: 2 calls failed:
call[0]: execution reverted: inconsistent input
call[1]: execution reverted: inconsistent input
2026/06/05 15:41:43 liquidation check borrower 0x89Bcd9bb756965Eef0275e2899Dc28b6D808AD2a usd:2048.1450 for market cbBTC/USDC 0x9103c3b4e834476c9a62ea009ba2c884ee42e94e6e314a26f04d312434191836 hf:0.9994 collateralAsset:0.0396 oraclePrice:600613600000000000000000000000000000000
2026/06/05 15:41:43 [liq] simulation failed for 0x692bBd6337598606D2A61e9EA312C792A5a93B3e: eth_call failed: dryRun: w3: 2 calls failed:
call[0]: execution reverted: inconsistent input
call[1]: execution reverted: inconsistent input
2026/06/05 15:41:43 liquidation check borrower 0x0223306c08172fAEA724Da05c9c11cdF063A75F0 usd:7535.6786 for market cbBTC/USDC 0x9103c3b4e834476c9a62ea009ba2c884ee42e94e6e314a26f04d312434191836 hf:0.9994 collateralAsset:0.1459 oraclePrice:600613600000000000000000000000000000000
2026/06/05 15:41:44 [liq] simulation failed for 0xeCea48ef7FaceC82886a0DA8DFd4353c171eaA38: eth_call failed: dryRun: w3: 2 calls failed:
call[0]: execution reverted: inconsistent input
call[1]: execution reverted: inconsistent input
2026/06/05 15:41:44 liquidation check borrower 0x1a57a088081e45e68eE3709CE2D6Fe33dD6208E0 usd:1469.5771 for market cbBTC/USDC 0x9103c3b4e834476c9a62ea009ba2c884ee42e94e6e314a26f04d312434191836 hf:0.9995 collateralAsset:0.0284 oraclePrice:600613600000000000000000000000000000000
2026/06/05 15:41:44 [liq] simulation failed for 0x89Bcd9bb756965Eef0275e2899Dc28b6D808AD2a: eth_call failed: dryRun: w3: 2 calls failed:
call[0]: execution reverted: inconsistent input
call[1]: execution reverted: inconsistent input
2026/06/05 15:41:44 liquidation check borrower 0x18f1842604cA6b9E7cF81f5F69E1789Fcf1EcaAB usd:64.5284 for market cbBTC/USDC 0x9103c3b4e834476c9a62ea009ba2c884ee42e94e6e314a26f04d312434191836 hf:0.9996 collateralAsset:0.0012 oraclePrice:600613600000000000000000000000000000000
2026/06/05 15:41:44 [liq] simulation failed for 0x0223306c08172fAEA724Da05c9c11cdF063A75F0: eth_call failed: dryRun: w3: 2 calls failed:
call[0]: execution reverted: inconsistent input
call[1]: execution reverted: inconsistent input
2026/06/05 15:41:44 liquidation check borrower 0x31ACF6Cf71a9deF69395FcEF3c99132e62567A0B usd:13.5376 for market cbBTC/USDC 0x9103c3b4e834476c9a62ea009ba2c884ee42e94e6e314a26f04d312434191836 hf:0.9998 collateralAsset:0.0003 oraclePrice:600613600000000000000000000000000000000
2026/06/05 15:41:44 [liq] simulation failed for 0x1a57a088081e45e68eE3709CE2D6Fe33dD6208E0: eth_call failed: dryRun: w3: 2 calls failed:
call[0]: execution reverted: inconsistent input
call[1]: execution reverted: inconsistent input
2026/06/05 15:41:44 [liq] simulation failed for 0x18f1842604cA6b9E7cF81f5F69E1789Fcf1EcaAB: eth_call failed: dryRun: w3: 2 calls failed:
call[0]: execution reverted: inconsistent input
call[1]: execution reverted: inconsistent input
2026/06/05 15:41:44 liquidation check borrower 0x500904B35429B331049aB3f30C9F8Cc9906f0427 usd:2306.8849 for market cbBTC/USDC 0x9103c3b4e834476c9a62ea009ba2c884ee42e94e6e314a26f04d312434191836 hf:0.9979 collateralAsset:0.0446 oraclePrice:600613600000000000000000000000000000000
2026/06/05 15:41:44 liquidation check borrower 0x7EDD9d7cb46da53aC168D9F6b74295fA522045aa usd:7.5720 for market cbBTC/USDC 0x9103c3b4e834476c9a62ea009ba2c884ee42e94e6e314a26f04d312434191836 hf:0.9979 collateralAsset:0.0001 oraclePrice:600613600000000000000000000000000000000
2026/06/05 15:41:44 [liq] simulation failed for 0x31ACF6Cf71a9deF69395FcEF3c99132e62567A0B: eth_call failed: dryRun: w3: 2 calls failed:
call[0]: execution reverted: inconsistent input
call[1]: execution reverted: inconsistent input
2026/06/05 15:41:44 liquidation check borrower 0xa2582101c5a515228F7b7E880B3C7BD34B6BDD6c usd:72.8857 for market cbBTC/USDC 0x9103c3b4e834476c9a62ea009ba2c884ee42e94e6e314a26f04d312434191836 hf:0.9980 collateralAsset:0.0014 oraclePrice:600613600000000000000000000000000000000
2026/06/05 15:41:45 [liq] simulation failed for 0x500904B35429B331049aB3f30C9F8Cc9906f0427: eth_call failed: dryRun: w3: 2 calls failed:
call[0]: execution reverted: inconsistent input
call[1]: execution reverted: inconsistent input
2026/06/05 15:41:45 liquidation check borrower 0x52c9964927f53c47240458d71Fa8a8d9b8264634 usd:1431.1284 for market cbBTC/USDC 0x9103c3b4e834476c9a62ea009ba2c884ee42e94e6e314a26f04d312434191836 hf:0.9981 collateralAsset:0.0277 oraclePrice:600613600000000000000000000000000000000
2026/06/05 15:41:45 [liq] simulation failed for 0x7EDD9d7cb46da53aC168D9F6b74295fA522045aa: eth_call failed: dryRun: w3: 2 calls failed:
call[0]: execution reverted: inconsistent input
call[1]: execution reverted: inconsistent input
2026/06/05 15:41:45 liquidation check borrower 0x3464502D43c4fcd6118bdEEa9395b6709147b2e0 usd:7.7077 for market cbBTC/USDC 0x9103c3b4e834476c9a62ea009ba2c884ee42e94e6e314a26f04d312434191836 hf:0.9981 collateralAsset:0.0001 oraclePrice:600613600000000000000000000000000000000
2026/06/05 15:41:45 [liq] simulation failed for 0xa2582101c5a515228F7b7E880B3C7BD34B6BDD6c: eth_call failed: dryRun: w3: 2 calls failed:
call[0]: execution reverted: inconsistent input
call[1]: execution reverted: inconsistent input
2026/06/05 15:41:45 liquidation check borrower 0xF897972e858C3838E5bB477bBb74650294098c6a usd:13.1775 for market cbBTC/USDC 0x9103c3b4e834476c9a62ea009ba2c884ee42e94e6e314a26f04d312434191836 hf:0.9984 collateralAsset:0.0003 oraclePrice:600613600000000000000000000000000000000
2026/06/05 15:41:45 [liq] simulation failed for 0x52c9964927f53c47240458d71Fa8a8d9b8264634: eth_call failed: dryRun: w3: 2 calls failed:
call[0]: execution reverted: inconsistent input
call[1]: execution reverted: inconsistent input
2026/06/05 15:41:45 liquidation check borrower 0x7279EffeBaCFf74135F500f36044E2b251BE687F usd:23.9595 for market cbBTC/USDC 0x9103c3b4e834476c9a62ea009ba2c884ee42e94e6e314a26f04d312434191836 hf:0.9986 collateralAsset:0.0005 oraclePrice:600613600000000000000000000000000000000
2026/06/05 15:41:45 [liq] simulation failed for 0x3464502D43c4fcd6118bdEEa9395b6709147b2e0: eth_call failed: dryRun: w3: 2 calls failed:
call[0]: execution reverted: inconsistent input
call[1]: execution reverted: inconsistent input
2026/06/05 15:41:45 liquidation check borrower 0x332698Ad2D33CF4909eF5b36CEb94D1666669e52 usd:155.4714 for market cbBTC/USDC 0x9103c3b4e834476c9a62ea009ba2c884ee42e94e6e314a26f04d312434191836 hf:0.9986 collateralAsset:0.0030 oraclePrice:600613600000000000000000000000000000000
2026/06/05 15:41:45 [liq] simulation failed for 0xF897972e858C3838E5bB477bBb74650294098c6a: eth_call failed: dryRun: w3: 2 calls failed:
call[0]: execution reverted: inconsistent input
call[1]: execution reverted: inconsistent input
2026/06/05 15:41:45 liquidation check borrower 0xaD332919fd7FfA1172D21d5ec35B97F8C3B78db2 usd:122.9105 for market cbBTC/USDC 0x9103c3b4e834476c9a62ea009ba2c884ee42e94e6e314a26f04d312434191836 hf:0.9987 collateralAsset:0.0024 oraclePrice:600613600000000000000000000000000000000
2026/06/05 15:41:45 [liq] simulation failed for 0x7279EffeBaCFf74135F500f36044E2b251BE687F: eth_call failed: dryRun: w3: 2 calls failed:
call[0]: execution reverted: inconsistent input
call[1]: execution reverted: inconsistent input
2026/06/05 15:41:45 liquidation check borrower 0x6b1a88e61267ca526e25d7C77CC79455A73807e5 usd:51.0303 for market cbBTC/USDC 0x9103c3b4e834476c9a62ea009ba2c884ee42e94e6e314a26f04d312434191836 hf:0.9987 collateralAsset:0.0010 oraclePrice:600613600000000000000000000000000000000
2026/06/05 15:41:45 [liq] simulation failed for 0x332698Ad2D33CF4909eF5b36CEb94D1666669e52: eth_call failed: dryRun: w3: 2 calls failed:
call[0]: execution reverted: inconsistent input
call[1]: execution reverted: inconsistent input
2026/06/05 15:41:45 liquidation check borrower 0x5B0F605AB28750dF288b86b840881a5482f734c9 usd:983.7994 for market cbBTC/USDC 0x9103c3b4e834476c9a62ea009ba2c884ee42e94e6e314a26f04d312434191836 hf:0.9988 collateralAsset:0.0190 oraclePrice:600613600000000000000000000000000000000
2026/06/05 15:41:46 [liq] simulation failed for 0xaD332919fd7FfA1172D21d5ec35B97F8C3B78db2: eth_call failed: dryRun: w3: 2 calls failed:
call[0]: execution reverted: inconsistent input
call[1]: execution reverted: inconsistent input
2026/06/05 15:41:46 liquidation check borrower 0x3efA919bFC2eccc457B86BD832d3A9b208c4A5e4 usd:15.6260 for market cbBTC/USDC 0x9103c3b4e834476c9a62ea009ba2c884ee42e94e6e314a26f04d312434191836 hf:0.9988 collateralAsset:0.0003 oraclePrice:600613600000000000000000000000000000000
2026/06/05 15:41:46 [liq] simulation failed for 0x6b1a88e61267ca526e25d7C77CC79455A73807e5: eth_call failed: dryRun: w3: 2 calls failed:
call[0]: execution reverted: inconsistent input
call[1]: execution reverted: inconsistent input
2026/06/05 15:41:46 liquidation check borrower 0xb666423CD4C2CD96639d75e6bb32F28b9E604cf8 usd:51.3755 for market cbBTC/USDC 0x9103c3b4e834476c9a62ea009ba2c884ee42e94e6e314a26f04d312434191836 hf:0.9989 collateralAsset:0.0010 oraclePrice:600613600000000000000000000000000000000
2026/06/05 15:41:46 [liq] simulation failed for 0x5B0F605AB28750dF288b86b840881a5482f734c9: eth_call failed: dryRun: w3: 2 calls failed:
call[0]: execution reverted: inconsistent input
call[1]: execution reverted: inconsistent input
2026/06/05 15:41:46 liquidation check borrower 0xD4281bEfD591Bdb18F0aeBDccab6fB002922c452 usd:5.4773 for market cbBTC/USDC 0x9103c3b4e834476c9a62ea009ba2c884ee42e94e6e314a26f04d312434191836 hf:0.9989 collateralAsset:0.0001 oraclePrice:600613600000000000000000000000000000000
2026/06/05 15:41:46 [liq] simulation failed for 0x3efA919bFC2eccc457B86BD832d3A9b208c4A5e4: eth_call failed: dryRun: w3: 2 calls failed:
call[0]: execution reverted: inconsistent input
call[1]: execution reverted: inconsistent input
2026/06/05 15:41:46 liquidation check borrower 0x5c6f6bc4d7C5A74816117B2878035359b7E753C3 usd:5057.1317 for market cbBTC/USDC 0x9103c3b4e834476c9a62ea009ba2c884ee42e94e6e314a26f04d312434191836 hf:0.9990 collateralAsset:0.0978 oraclePrice:600613600000000000000000000000000000000
2026/06/05 15:41:46 [liq] simulation failed for 0xb666423CD4C2CD96639d75e6bb32F28b9E604cf8: eth_call failed: dryRun: w3: 2 calls failed:
call[0]: execution reverted: inconsistent input
call[1]: execution reverted: inconsistent input
2026/06/05 15:41:46 liquidation check borrower 0x7F5985dd7E0198E0215e01D689fc57f403094470 usd:10.3581 for market cbBTC/USDC 0x9103c3b4e834476c9a62ea009ba2c884ee42e94e6e314a26f04d312434191836 hf:0.9990 collateralAsset:0.0002 oraclePrice:600613600000000000000000000000000000000
2026/06/05 15:41:46 [liq] simulation failed for 0xD4281bEfD591Bdb18F0aeBDccab6fB002922c452: eth_call failed: dryRun: w3: 2 calls failed:
call[0]: execution reverted: inconsistent input
call[1]: execution reverted: inconsistent input
2026/06/05 15:41:46 liquidation check borrower 0x411e2BfCfc15A2E1d649Bb1a4F2CD53AB017bcA1 usd:1275.3732 for market cbBTC/USDC 0x9103c3b4e834476c9a62ea009ba2c884ee42e94e6e314a26f04d312434191836 hf:0.9990 collateralAsset:0.0247 oraclePrice:600613600000000000000000000000000000000
2026/06/05 15:41:46 [liq] simulation failed for 0x5c6f6bc4d7C5A74816117B2878035359b7E753C3: eth_call failed: dryRun: w3: 2 calls failed:
call[0]: execution reverted: inconsistent input
call[1]: execution reverted: inconsistent input
2026/06/05 15:41:46 liquidation check borrower 0x040742C4f0EEe8653cD4B36dbF05E0B36E4ec6D4 usd:10.8829 for market cbBTC/USDC 0x9103c3b4e834476c9a62ea009ba2c884ee42e94e6e314a26f04d312434191836 hf:0.9991 collateralAsset:0.0002 oraclePrice:600613600000000000000000000000000000000
2026/06/05 15:41:47 [liq] simulation failed for 0x7F5985dd7E0198E0215e01D689fc57f403094470: eth_call failed: dryRun: w3: 2 calls failed:
call[0]: execution reverted: inconsistent input
call[1]: execution reverted: inconsistent input
2026/06/05 15:41:47 liquidation check borrower 0x692bBd6337598606D2A61e9EA312C792A5a93B3e usd:725.4043 for market cbBTC/USDC 0x9103c3b4e834476c9a62ea009ba2c884ee42e94e6e314a26f04d312434191836 hf:0.9991 collateralAsset:0.0140 oraclePrice:600613600000000000000000000000000000000
2026/06/05 15:41:47 [liq] simulation failed for 0x411e2BfCfc15A2E1d649Bb1a4F2CD53AB017bcA1: eth_call failed: dryRun: w3: 2 calls failed:
call[0]: execution reverted: inconsistent input
call[1]: execution reverted: inconsistent input
2026/06/05 15:41:47 liquidation check borrower 0xeCea48ef7FaceC82886a0DA8DFd4353c171eaA38 usd:9.7023 for market cbBTC/USDC 0x9103c3b4e834476c9a62ea009ba2c884ee42e94e6e314a26f04d312434191836 hf:0.9992 collateralAsset:0.0002 oraclePrice:600613600000000000000000000000000000000
2026/06/05 15:41:47 [liq] simulation failed for 0x040742C4f0EEe8653cD4B36dbF05E0B36E4ec6D4: eth_call failed: dryRun: w3: 2 calls failed:
call[0]: execution reverted: inconsistent input
call[1]: execution reverted: inconsistent input
2026/06/05 15:41:47 liquidation check borrower 0x89Bcd9bb756965Eef0275e2899Dc28b6D808AD2a usd:2048.1450 for market cbBTC/USDC 0x9103c3b4e834476c9a62ea009ba2c884ee42e94e6e314a26f04d312434191836 hf:0.9994 collateralAsset:0.0396 oraclePrice:600613600000000000000000000000000000000
2026/06/05 15:41:47 [liq] simulation failed for 0x692bBd6337598606D2A61e9EA312C792A5a93B3e: eth_call failed: dryRun: w3: 2 calls failed:
call[0]: execution reverted: inconsistent input
call[1]: execution reverted: inconsistent input
2026/06/05 15:41:47 liquidation check borrower 0x0223306c08172fAEA724Da05c9c11cdF063A75F0 usd:7535.6786 for market cbBTC/USDC 0x9103c3b4e834476c9a62ea009ba2c884ee42e94e6e314a26f04d312434191836 hf:0.9994 collateralAsset:0.1459 oraclePrice:600613600000000000000000000000000000000
2026/06/05 15:41:47 [liq] simulation failed for 0xeCea48ef7FaceC82886a0DA8DFd4353c171eaA38: eth_call failed: dryRun: w3: 2 calls failed:
call[0]: execution reverted: inconsistent input
call[1]: execution reverted: inconsistent input
2026/06/05 15:41:47 liquidation check borrower 0x1a57a088081e45e68eE3709CE2D6Fe33dD6208E0 usd:1469.5771 for market cbBTC/USDC 0x9103c3b4e834476c9a62ea009ba2c884ee42e94e6e314a26f04d312434191836 hf:0.9995 collateralAsset:0.0284 oraclePrice:600613600000000000000000000000000000000
2026/06/05 15:41:47 [liq] simulation failed for 0x89Bcd9bb756965Eef0275e2899Dc28b6D808AD2a: eth_call failed: dryRun: w3: 2 calls failed:
call[0]: execution reverted: inconsistent input
call[1]: execution reverted: inconsistent input
2026/06/05 15:41:47 liquidation check borrower 0x18f1842604cA6b9E7cF81f5F69E1789Fcf1EcaAB usd:64.5284 for market cbBTC/USDC 0x9103c3b4e834476c9a62ea009ba2c884ee42e94e6e314a26f04d312434191836 hf:0.9996 collateralAsset:0.0012 oraclePrice:600613600000000000000000000000000000000
2026/06/05 15:41:47 [liq] simulation failed for 0x0223306c08172fAEA724Da05c9c11cdF063A75F0: eth_call failed: dryRun: w3: 2 calls failed:
call[0]: execution reverted: inconsistent input
call[1]: execution reverted: inconsistent input
2026/06/05 15:41:47 liquidation check borrower 0x31ACF6Cf71a9deF69395FcEF3c99132e62567A0B usd:13.5376 for market cbBTC/USDC 0x9103c3b4e834476c9a62ea009ba2c884ee42e94e6e314a26f04d312434191836 hf:0.9998 collateralAsset:0.0003 oraclePrice:600613600000000000000000000000000000000
2026/06/05 15:41:48 [liq] simulation failed for 0x1a57a088081e45e68eE3709CE2D6Fe33dD6208E0: eth_call failed: dryRun: w3: 2 calls failed:
call[0]: execution reverted: inconsistent input
call[1]: execution reverted: inconsistent input
2026/06/05 15:41:48 [liq] simulation failed for 0x18f1842604cA6b9E7cF81f5F69E1789Fcf1EcaAB: eth_call failed: dryRun: w3: 2 calls failed:
call[0]: execution reverted: inconsistent input
call[1]: execution reverted: inconsistent input
2026/06/05 15:41:48 liquidation check borrower 0x500904B35429B331049aB3f30C9F8Cc9906f0427 usd:2306.8849 for market cbBTC/USDC 0x9103c3b4e834476c9a62ea009ba2c884ee42e94e6e314a26f04d312434191836 hf:0.9979 collateralAsset:0.0446 oraclePrice:600613600000000000000000000000000000000
2026/06/05 15:41:48 liquidation check borrower 0x7EDD9d7cb46da53aC168D9F6b74295fA522045aa usd:7.5720 for market cbBTC/USDC 0x9103c3b4e834476c9a62ea009ba2c884ee42e94e6e314a26f04d312434191836 hf:0.9979 collateralAsset:0.0001 oraclePrice:600613600000000000000000000000000000000
2026/06/05 15:41:48 [liq] simulation failed for 0x31ACF6Cf71a9deF69395FcEF3c99132e62567A0B: eth_call failed: dryRun: w3: 2 calls failed:
call[0]: execution reverted: inconsistent input
call[1]: execution reverted: inconsistent input
2026/06/05 15:41:48 liquidation check borrower 0xa2582101c5a515228F7b7E880B3C7BD34B6BDD6c usd:72.8857 for market cbBTC/USDC 0x9103c3b4e834476c9a62ea009ba2c884ee42e94e6e314a26f04d312434191836 hf:0.9980 collateralAsset:0.0014 oraclePrice:600613600000000000000000000000000000000
2026/06/05 15:41:48 [liq] simulation failed for 0x500904B35429B331049aB3f30C9F8Cc9906f0427: eth_call failed: dryRun: w3: 2 calls failed:
call[0]: execution reverted: inconsistent input
call[1]: execution reverted: inconsistent input
2026/06/05 15:41:48 liquidation check borrower 0x52c9964927f53c47240458d71Fa8a8d9b8264634 usd:1431.1284 for market cbBTC/USDC 0x9103c3b4e834476c9a62ea009ba2c884ee42e94e6e314a26f04d312434191836 hf:0.9981 collateralAsset:0.0277 oraclePrice:600613600000000000000000000000000000000
2026/06/05 15:41:48 [liq] simulation failed for 0x7EDD9d7cb46da53aC168D9F6b74295fA522045aa: eth_call failed: dryRun: w3: 2 calls failed:
call[0]: execution reverted: inconsistent input
call[1]: execution reverted: inconsistent input
2026/06/05 15:41:48 liquidation check borrower 0x3464502D43c4fcd6118bdEEa9395b6709147b2e0 usd:7.7077 for market cbBTC/USDC 0x9103c3b4e834476c9a62ea009ba2c884ee42e94e6e314a26f04d312434191836 hf:0.9981 collateralAsset:0.0001 oraclePrice:600613600000000000000000000000000000000
2026/06/05 15:41:48 [liq] simulation failed for 0xa2582101c5a515228F7b7E880B3C7BD34B6BDD6c: eth_call failed: dryRun: w3: 2 calls failed:
call[0]: execution reverted: inconsistent input
call[1]: execution reverted: inconsistent input
2026/06/05 15:41:48 liquidation check borrower 0xF897972e858C3838E5bB477bBb74650294098c6a usd:13.1775 for market cbBTC/USDC 0x9103c3b4e834476c9a62ea009ba2c884ee42e94e6e314a26f04d312434191836 hf:0.9984 collateralAsset:0.0003 oraclePrice:600613600000000000000000000000000000000
2026/06/05 15:41:48 [liq] simulation failed for 0x52c9964927f53c47240458d71Fa8a8d9b8264634: eth_call failed: dryRun: w3: 2 calls failed:
call[0]: execution reverted: inconsistent input
call[1]: execution reverted: inconsistent input
2026/06/05 15:41:48 liquidation check borrower 0x7279EffeBaCFf74135F500f36044E2b251BE687F usd:23.9595 for market cbBTC/USDC 0x9103c3b4e834476c9a62ea009ba2c884ee42e94e6e314a26f04d312434191836 hf:0.9986 collateralAsset:0.0005 oraclePrice:600613600000000000000000000000000000000
2026/06/05 15:41:49 [liq] simulation failed for 0x3464502D43c4fcd6118bdEEa9395b6709147b2e0: eth_call failed: dryRun: w3: 2 calls failed:
call[0]: execution reverted: inconsistent input
call[1]: execution reverted: inconsistent input
2026/06/05 15:41:49 liquidation check borrower 0x332698Ad2D33CF4909eF5b36CEb94D1666669e52 usd:155.4714 for market cbBTC/USDC 0x9103c3b4e834476c9a62ea009ba2c884ee42e94e6e314a26f04d312434191836 hf:0.9986 collateralAsset:0.0030 oraclePrice:600613600000000000000000000000000000000
2026/06/05 15:41:49 [liq] simulation failed for 0xF897972e858C3838E5bB477bBb74650294098c6a: eth_call failed: dryRun: w3: 2 calls failed:
call[0]: execution reverted: inconsistent input
call[1]: execution reverted: inconsistent input
2026/06/05 15:41:49 liquidation check borrower 0xaD332919fd7FfA1172D21d5ec35B97F8C3B78db2 usd:122.9105 for market cbBTC/USDC 0x9103c3b4e834476c9a62ea009ba2c884ee42e94e6e314a26f04d312434191836 hf:0.9987 collateralAsset:0.0024 oraclePrice:600613600000000000000000000000000000000
2026/06/05 15:41:49 [liq] simulation failed for 0x7279EffeBaCFf74135F500f36044E2b251BE687F: eth_call failed: dryRun: w3: 2 calls failed:
call[0]: execution reverted: inconsistent input
call[1]: execution reverted: inconsistent input
2026/06/05 15:41:49 liquidation check borrower 0x6b1a88e61267ca526e25d7C77CC79455A73807e5 usd:51.0303 for market cbBTC/USDC 0x9103c3b4e834476c9a62ea009ba2c884ee42e94e6e314a26f04d312434191836 hf:0.9987 collateralAsset:0.0010 oraclePrice:600613600000000000000000000000000000000
2026/06/05 15:41:49 [liq] simulation failed for 0x332698Ad2D33CF4909eF5b36CEb94D1666669e52: eth_call failed: dryRun: w3: 2 calls failed:
call[0]: execution reverted: inconsistent input
call[1]: execution reverted: inconsistent input
2026/06/05 15:41:49 liquidation check borrower 0x5B0F605AB28750dF288b86b840881a5482f734c9 usd:983.7994 for market cbBTC/USDC 0x9103c3b4e834476c9a62ea009ba2c884ee42e94e6e314a26f04d312434191836 hf:0.9988 collateralAsset:0.0190 oraclePrice:600613600000000000000000000000000000000
2026/06/05 15:41:49 [liq] simulation failed for 0xaD332919fd7FfA1172D21d5ec35B97F8C3B78db2: eth_call failed: dryRun: w3: 2 calls failed:
call[0]: execution reverted: inconsistent input
call[1]: execution reverted: inconsistent input
2026/06/05 15:41:49 liquidation check borrower 0x3efA919bFC2eccc457B86BD832d3A9b208c4A5e4 usd:15.6260 for market cbBTC/USDC 0x9103c3b4e834476c9a62ea009ba2c884ee42e94e6e314a26f04d312434191836 hf:0.9988 collateralAsset:0.0003 oraclePrice:600613600000000000000000000000000000000
2026/06/05 15:41:49 [liq] simulation failed for 0x6b1a88e61267ca526e25d7C77CC79455A73807e5: eth_call failed: dryRun: w3: 2 calls failed:
call[0]: execution reverted: inconsistent input
call[1]: execution reverted: inconsistent input
2026/06/05 15:41:49 liquidation check borrower 0xb666423CD4C2CD96639d75e6bb32F28b9E604cf8 usd:51.3755 for market cbBTC/USDC 0x9103c3b4e834476c9a62ea009ba2c884ee42e94e6e314a26f04d312434191836 hf:0.9989 collateralAsset:0.0010 oraclePrice:600613600000000000000000000000000000000
2026/06/05 15:41:50 [liq] simulation failed for 0x5B0F605AB28750dF288b86b840881a5482f734c9: eth_call failed: dryRun: w3: 2 calls failed:
call[0]: execution reverted: inconsistent input
call[1]: execution reverted: inconsistent input
2026/06/05 15:41:50 liquidation check borrower 0xD4281bEfD591Bdb18F0aeBDccab6fB002922c452 usd:5.4773 for market cbBTC/USDC 0x9103c3b4e834476c9a62ea009ba2c884ee42e94e6e314a26f04d312434191836 hf:0.9989 collateralAsset:0.0001 oraclePrice:600613600000000000000000000000000000000
2026/06/05 15:41:50 [liq] simulation failed for 0x3efA919bFC2eccc457B86BD832d3A9b208c4A5e4: eth_call failed: dryRun: w3: 2 calls failed:
call[0]: execution reverted: inconsistent input
call[1]: execution reverted: inconsistent input
2026/06/05 15:41:50 liquidation check borrower 0x5c6f6bc4d7C5A74816117B2878035359b7E753C3 usd:5057.1317 for market cbBTC/USDC 0x9103c3b4e834476c9a62ea009ba2c884ee42e94e6e314a26f04d312434191836 hf:0.9990 collateralAsset:0.0978 oraclePrice:600613600000000000000000000000000000000
2026/06/05 15:41:50 [liq] simulation failed for 0xb666423CD4C2CD96639d75e6bb32F28b9E604cf8: eth_call failed: dryRun: w3: 2 calls failed:
call[0]: execution reverted: inconsistent input
call[1]: execution reverted: inconsistent input
2026/06/05 15:41:50 liquidation check borrower 0x7F5985dd7E0198E0215e01D689fc57f403094470 usd:10.3581 for market cbBTC/USDC 0x9103c3b4e834476c9a62ea009ba2c884ee42e94e6e314a26f04d312434191836 hf:0.9990 collateralAsset:0.0002 oraclePrice:600613600000000000000000000000000000000
2026/06/05 15:41:50 [liq] simulation failed for 0xD4281bEfD591Bdb18F0aeBDccab6fB002922c452: eth_call failed: dryRun: w3: 2 calls failed:
call[0]: execution reverted: inconsistent input
call[1]: execution reverted: inconsistent input
2026/06/05 15:41:50 liquidation check borrower 0x411e2BfCfc15A2E1d649Bb1a4F2CD53AB017bcA1 usd:1275.3732 for market cbBTC/USDC 0x9103c3b4e834476c9a62ea009ba2c884ee42e94e6e314a26f04d312434191836 hf:0.9990 collateralAsset:0.0247 oraclePrice:600613600000000000000000000000000000000
2026/06/05 15:41:50 [liq] simulation failed for 0x5c6f6bc4d7C5A74816117B2878035359b7E753C3: eth_call failed: dryRun: w3: 2 calls failed:
call[0]: execution reverted: inconsistent input
call[1]: execution reverted: inconsistent input
2026/06/05 15:41:50 liquidation check borrower 0x040742C4f0EEe8653cD4B36dbF05E0B36E4ec6D4 usd:10.8829 for market cbBTC/USDC 0x9103c3b4e834476c9a62ea009ba2c884ee42e94e6e314a26f04d312434191836 hf:0.9991 collateralAsset:0.0002 oraclePrice:600613600000000000000000000000000000000
2026/06/05 15:41:50 [liq] simulation failed for 0x7F5985dd7E0198E0215e01D689fc57f403094470: eth_call failed: dryRun: w3: 2 calls failed:
call[0]: execution reverted: inconsistent input
call[1]: execution reverted: inconsistent input
2026/06/05 15:41:50 liquidation check borrower 0x692bBd6337598606D2A61e9EA312C792A5a93B3e usd:725.4043 for market cbBTC/USDC 0x9103c3b4e834476c9a62ea009ba2c884ee42e94e6e314a26f04d312434191836 hf:0.9991 collateralAsset:0.0140 oraclePrice:600613600000000000000000000000000000000
2026/06/05 15:41:50 [liq] simulation failed for 0x411e2BfCfc15A2E1d649Bb1a4F2CD53AB017bcA1: eth_call failed: dryRun: w3: 2 calls failed:
call[0]: execution reverted: inconsistent input
call[1]: execution reverted: inconsistent input
2026/06/05 15:41:50 liquidation check borrower 0xeCea48ef7FaceC82886a0DA8DFd4353c171eaA38 usd:9.7023 for market cbBTC/USDC 0x9103c3b4e834476c9a62ea009ba2c884ee42e94e6e314a26f04d312434191836 hf:0.9992 collateralAsset:0.0002 oraclePrice:600613600000000000000000000000000000000
2026/06/05 15:41:51 [liq] simulation failed for 0x040742C4f0EEe8653cD4B36dbF05E0B36E4ec6D4: eth_call failed: dryRun: w3: 2 calls failed:
call[0]: execution reverted: inconsistent input
call[1]: execution reverted: inconsistent input
2026/06/05 15:41:51 liquidation check borrower 0x89Bcd9bb756965Eef0275e2899Dc28b6D808AD2a usd:2048.1450 for market cbBTC/USDC 0x9103c3b4e834476c9a62ea009ba2c884ee42e94e6e314a26f04d312434191836 hf:0.9994 collateralAsset:0.0396 oraclePrice:600613600000000000000000000000000000000
2026/06/05 15:41:51 [liq] simulation failed for 0x692bBd6337598606D2A61e9EA312C792A5a93B3e: eth_call failed: dryRun: w3: 2 calls failed:
call[0]: execution reverted: inconsistent input
call[1]: execution reverted: inconsistent input
2026/06/05 15:41:51 liquidation check borrower 0x0223306c08172fAEA724Da05c9c11cdF063A75F0 usd:7535.6786 for market cbBTC/USDC 0x9103c3b4e834476c9a62ea009ba2c884ee42e94e6e314a26f04d312434191836 hf:0.9994 collateralAsset:0.1459 oraclePrice:600613600000000000000000000000000000000
2026/06/05 15:41:51 [liq] simulation failed for 0xeCea48ef7FaceC82886a0DA8DFd4353c171eaA38: eth_call failed: dryRun: w3: 2 calls failed:
call[0]: execution reverted: inconsistent input
call[1]: execution reverted: inconsistent input
2026/06/05 15:41:51 liquidation check borrower 0x1a57a088081e45e68eE3709CE2D6Fe33dD6208E0 usd:1469.5771 for market cbBTC/USDC 0x9103c3b4e834476c9a62ea009ba2c884ee42e94e6e314a26f04d312434191836 hf:0.9995 collateralAsset:0.0284 oraclePrice:600613600000000000000000000000000000000
2026/06/05 15:41:51 [liq] simulation failed for 0x89Bcd9bb756965Eef0275e2899Dc28b6D808AD2a: eth_call failed: dryRun: w3: 2 calls failed:
call[0]: execution reverted: inconsistent input
call[1]: execution reverted: inconsistent input
2026/06/05 15:41:51 liquidation check borrower 0x18f1842604cA6b9E7cF81f5F69E1789Fcf1EcaAB usd:64.5284 for market cbBTC/USDC 0x9103c3b4e834476c9a62ea009ba2c884ee42e94e6e314a26f04d312434191836 hf:0.9996 collateralAsset:0.0012 oraclePrice:600613600000000000000000000000000000000
2026/06/05 15:41:51 [liq] simulation failed for 0x0223306c08172fAEA724Da05c9c11cdF063A75F0: eth_call failed: dryRun: w3: 2 calls failed:
call[0]: execution reverted: inconsistent input
call[1]: execution reverted: inconsistent input
2026/06/05 15:41:51 liquidation check borrower 0x31ACF6Cf71a9deF69395FcEF3c99132e62567A0B usd:13.5376 for market cbBTC/USDC 0x9103c3b4e834476c9a62ea009ba2c884ee42e94e6e314a26f04d312434191836 hf:0.9998 collateralAsset:0.0003 oraclePrice:600613600000000000000000000000000000000
2026/06/05 15:41:51 [liq] simulation failed for 0x1a57a088081e45e68eE3709CE2D6Fe33dD6208E0: eth_call failed: dryRun: w3: 2 calls failed:
call[0]: execution reverted: inconsistent input
call[1]: execution reverted: inconsistent input
2026/06/05 15:41:51 [liq] simulation failed for 0x18f1842604cA6b9E7cF81f5F69E1789Fcf1EcaAB: eth_call failed: dryRun: w3: 2 calls failed:
call[0]: execution reverted: inconsistent input
call[1]: execution reverted: inconsistent input
2026/06/05 15:41:51 liquidation check borrower 0x500904B35429B331049aB3f30C9F8Cc9906f0427 usd:2306.8849 for market cbBTC/USDC 0x9103c3b4e834476c9a62ea009ba2c884ee42e94e6e314a26f04d312434191836 hf:0.9979 collateralAsset:0.0446 oraclePrice:600613600000000000000000000000000000000
2026/06/05 15:41:51 liquidation check borrower 0x7EDD9d7cb46da53aC168D9F6b74295fA522045aa usd:7.5720 for market cbBTC/USDC 0x9103c3b4e834476c9a62ea009ba2c884ee42e94e6e314a26f04d312434191836 hf:0.9979 collateralAsset:0.0001 oraclePrice:600613600000000000000000000000000000000
2026/06/05 15:41:52 [liq] simulation failed for 0x31ACF6Cf71a9deF69395FcEF3c99132e62567A0B: eth_call failed: dryRun: w3: 2 calls failed:
call[0]: execution reverted: inconsistent input
call[1]: execution reverted: inconsistent input
2026/06/05 15:41:52 liquidation check borrower 0xa2582101c5a515228F7b7E880B3C7BD34B6BDD6c usd:72.8857 for market cbBTC/USDC 0x9103c3b4e834476c9a62ea009ba2c884ee42e94e6e314a26f04d312434191836 hf:0.9980 collateralAsset:0.0014 oraclePrice:600613600000000000000000000000000000000
2026/06/05 15:41:52 [liq] simulation failed for 0x500904B35429B331049aB3f30C9F8Cc9906f0427: eth_call failed: dryRun: w3: 2 calls failed:
call[0]: execution reverted: inconsistent input
call[1]: execution reverted: inconsistent input
2026/06/05 15:41:52 liquidation check borrower 0x52c9964927f53c47240458d71Fa8a8d9b8264634 usd:1431.1284 for market cbBTC/USDC 0x9103c3b4e834476c9a62ea009ba2c884ee42e94e6e314a26f04d312434191836 hf:0.9981 collateralAsset:0.0277 oraclePrice:600613600000000000000000000000000000000
2026/06/05 15:41:52 [liq] simulation failed for 0x7EDD9d7cb46da53aC168D9F6b74295fA522045aa: eth_call failed: dryRun: w3: 2 calls failed:
call[0]: execution reverted: inconsistent input
call[1]: execution reverted: inconsistent input
2026/06/05 15:41:52 liquidation check borrower 0x3464502D43c4fcd6118bdEEa9395b6709147b2e0 usd:7.7077 for market cbBTC/USDC 0x9103c3b4e834476c9a62ea009ba2c884ee42e94e6e314a26f04d312434191836 hf:0.9981 collateralAsset:0.0001 oraclePrice:600613600000000000000000000000000000000
2026/06/05 15:41:52 [liq] simulation failed for 0xa2582101c5a515228F7b7E880B3C7BD34B6BDD6c: eth_call failed: dryRun: w3: 2 calls failed:
call[0]: execution reverted: inconsistent input
call[1]: execution reverted: inconsistent input
2026/06/05 15:41:52 liquidation check borrower 0xF897972e858C3838E5bB477bBb74650294098c6a usd:13.1775 for market cbBTC/USDC 0x9103c3b4e834476c9a62ea009ba2c884ee42e94e6e314a26f04d312434191836 hf:0.9984 collateralAsset:0.0003 oraclePrice:600613600000000000000000000000000000000
2026/06/05 15:41:52 [liq] simulation failed for 0x52c9964927f53c47240458d71Fa8a8d9b8264634: eth_call failed: dryRun: w3: 2 calls failed:
call[0]: execution reverted: inconsistent input
call[1]: execution reverted: inconsistent input
2026/06/05 15:41:52 liquidation check borrower 0x7279EffeBaCFf74135F500f36044E2b251BE687F usd:23.9595 for market cbBTC/USDC 0x9103c3b4e834476c9a62ea009ba2c884ee42e94e6e314a26f04d312434191836 hf:0.9986 collateralAsset:0.0005 oraclePrice:600613600000000000000000000000000000000
2026/06/05 15:41:52 [liq] simulation failed for 0x3464502D43c4fcd6118bdEEa9395b6709147b2e0: eth_call failed: dryRun: w3: 2 calls failed:
call[0]: execution reverted: inconsistent input
call[1]: execution reverted: inconsistent input
2026/06/05 15:41:52 liquidation check borrower 0x332698Ad2D33CF4909eF5b36CEb94D1666669e52 usd:155.4714 for market cbBTC/USDC 0x9103c3b4e834476c9a62ea009ba2c884ee42e94e6e314a26f04d312434191836 hf:0.9986 collateralAsset:0.0030 oraclePrice:600613600000000000000000000000000000000
2026/06/05 15:41:52 [liq] simulation failed for 0xF897972e858C3838E5bB477bBb74650294098c6a: eth_call failed: dryRun: w3: 2 calls failed:
call[0]: execution reverted: inconsistent input
call[1]: execution reverted: inconsistent input
2026/06/05 15:41:52 liquidation check borrower 0xaD332919fd7FfA1172D21d5ec35B97F8C3B78db2 usd:122.9105 for market cbBTC/USDC 0x9103c3b4e834476c9a62ea009ba2c884ee42e94e6e314a26f04d312434191836 hf:0.9987 collateralAsset:0.0024 oraclePrice:600613600000000000000000000000000000000
2026/06/05 15:41:53 [liq] simulation failed for 0x7279EffeBaCFf74135F500f36044E2b251BE687F: eth_call failed: dryRun: w3: 2 calls failed:
call[0]: execution reverted: inconsistent input
call[1]: execution reverted: inconsistent input
2026/06/05 15:41:53 liquidation check borrower 0x6b1a88e61267ca526e25d7C77CC79455A73807e5 usd:51.0303 for market cbBTC/USDC 0x9103c3b4e834476c9a62ea009ba2c884ee42e94e6e314a26f04d312434191836 hf:0.9987 collateralAsset:0.0010 oraclePrice:600613600000000000000000000000000000000
2026/06/05 15:41:53 [liq] simulation failed for 0x332698Ad2D33CF4909eF5b36CEb94D1666669e52: eth_call failed: dryRun: w3: 2 calls failed:
call[0]: execution reverted: inconsistent input
call[1]: execution reverted: inconsistent input
2026/06/05 15:41:53 liquidation check borrower 0x5B0F605AB28750dF288b86b840881a5482f734c9 usd:983.7994 for market cbBTC/USDC 0x9103c3b4e834476c9a62ea009ba2c884ee42e94e6e314a26f04d312434191836 hf:0.9988 collateralAsset:0.0190 oraclePrice:600613600000000000000000000000000000000
2026/06/05 15:41:53 [liq] simulation failed for 0xaD332919fd7FfA1172D21d5ec35B97F8C3B78db2: eth_call failed: dryRun: w3: 2 calls failed:
call[0]: execution reverted: inconsistent input
call[1]: execution reverted: inconsistent input
2026/06/05 15:41:53 liquidation check borrower 0x3efA919bFC2eccc457B86BD832d3A9b208c4A5e4 usd:15.6260 for market cbBTC/USDC 0x9103c3b4e834476c9a62ea009ba2c884ee42e94e6e314a26f04d312434191836 hf:0.9988 collateralAsset:0.0003 oraclePrice:600613600000000000000000000000000000000
2026/06/05 15:41:53 [liq] simulation failed for 0x6b1a88e61267ca526e25d7C77CC79455A73807e5: eth_call failed: dryRun: w3: 2 calls failed:
call[0]: execution reverted: inconsistent input
call[1]: execution reverted: inconsistent input
2026/06/05 15:41:53 liquidation check borrower 0xb666423CD4C2CD96639d75e6bb32F28b9E604cf8 usd:51.3755 for market cbBTC/USDC 0x9103c3b4e834476c9a62ea009ba2c884ee42e94e6e314a26f04d312434191836 hf:0.9989 collateralAsset:0.0010 oraclePrice:600613600000000000000000000000000000000
2026/06/05 15:41:53 [liq] simulation failed for 0x5B0F605AB28750dF288b86b840881a5482f734c9: eth_call failed: dryRun: w3: 2 calls failed:
call[0]: execution reverted: inconsistent input
call[1]: execution reverted: inconsistent input
2026/06/05 15:41:53 liquidation check borrower 0xD4281bEfD591Bdb18F0aeBDccab6fB002922c452 usd:5.4773 for market cbBTC/USDC 0x9103c3b4e834476c9a62ea009ba2c884ee42e94e6e314a26f04d312434191836 hf:0.9989 collateralAsset:0.0001 oraclePrice:600613600000000000000000000000000000000
2026/06/05 15:41:53 [liq] simulation failed for 0x3efA919bFC2eccc457B86BD832d3A9b208c4A5e4: eth_call failed: dryRun: w3: 2 calls failed:
call[0]: execution reverted: inconsistent input
call[1]: execution reverted: inconsistent input
2026/06/05 15:41:53 liquidation check borrower 0x5c6f6bc4d7C5A74816117B2878035359b7E753C3 usd:5057.1317 for market cbBTC/USDC 0x9103c3b4e834476c9a62ea009ba2c884ee42e94e6e314a26f04d312434191836 hf:0.9990 collateralAsset:0.0978 oraclePrice:600613600000000000000000000000000000000
2026/06/05 15:41:53 [liq] simulation failed for 0xb666423CD4C2CD96639d75e6bb32F28b9E604cf8: eth_call failed: dryRun: w3: 2 calls failed:
call[0]: execution reverted: inconsistent input
call[1]: execution reverted: inconsistent input
2026/06/05 15:41:53 liquidation check borrower 0x7F5985dd7E0198E0215e01D689fc57f403094470 usd:10.3581 for market cbBTC/USDC 0x9103c3b4e834476c9a62ea009ba2c884ee42e94e6e314a26f04d312434191836 hf:0.9990 collateralAsset:0.0002 oraclePrice:600613600000000000000000000000000000000
2026/06/05 15:41:54 [liq] simulation failed for 0xD4281bEfD591Bdb18F0aeBDccab6fB002922c452: eth_call failed: dryRun: w3: 2 calls failed:
call[0]: execution reverted: inconsistent input
call[1]: execution reverted: inconsistent input
2026/06/05 15:41:54 liquidation check borrower 0x411e2BfCfc15A2E1d649Bb1a4F2CD53AB017bcA1 usd:1275.3732 for market cbBTC/USDC 0x9103c3b4e834476c9a62ea009ba2c884ee42e94e6e314a26f04d312434191836 hf:0.9990 collateralAsset:0.0247 oraclePrice:600613600000000000000000000000000000000
2026/06/05 15:41:54 [liq] simulation failed for 0x5c6f6bc4d7C5A74816117B2878035359b7E753C3: eth_call failed: dryRun: w3: 2 calls failed:
call[0]: execution reverted: inconsistent input
call[1]: execution reverted: inconsistent input
2026/06/05 15:41:54 liquidation check borrower 0x040742C4f0EEe8653cD4B36dbF05E0B36E4ec6D4 usd:10.8829 for market cbBTC/USDC 0x9103c3b4e834476c9a62ea009ba2c884ee42e94e6e314a26f04d312434191836 hf:0.9991 collateralAsset:0.0002 oraclePrice:600613600000000000000000000000000000000
2026/06/05 15:41:54 [liq] simulation failed for 0x7F5985dd7E0198E0215e01D689fc57f403094470: eth_call failed: dryRun: w3: 2 calls failed:
call[0]: execution reverted: inconsistent input
call[1]: execution reverted: inconsistent input
2026/06/05 15:41:54 liquidation check borrower 0x692bBd6337598606D2A61e9EA312C792A5a93B3e usd:725.4043 for market cbBTC/USDC 0x9103c3b4e834476c9a62ea009ba2c884ee42e94e6e314a26f04d312434191836 hf:0.9991 collateralAsset:0.0140 oraclePrice:600613600000000000000000000000000000000
2026/06/05 15:41:54 [liq] simulation failed for 0x411e2BfCfc15A2E1d649Bb1a4F2CD53AB017bcA1: eth_call failed: dryRun: w3: 2 calls failed:
call[0]: execution reverted: inconsistent input
call[1]: execution reverted: inconsistent input
2026/06/05 15:41:54 liquidation check borrower 0xeCea48ef7FaceC82886a0DA8DFd4353c171eaA38 usd:9.7023 for market cbBTC/USDC 0x9103c3b4e834476c9a62ea009ba2c884ee42e94e6e314a26f04d312434191836 hf:0.9992 collateralAsset:0.0002 oraclePrice:600613600000000000000000000000000000000
2026/06/05 15:41:54 [liq] simulation failed for 0x040742C4f0EEe8653cD4B36dbF05E0B36E4ec6D4: eth_call failed: dryRun: w3: 2 calls failed:
call[0]: execution reverted: inconsistent input
call[1]: execution reverted: inconsistent input
2026/06/05 15:41:54 liquidation check borrower 0x89Bcd9bb756965Eef0275e2899Dc28b6D808AD2a usd:2048.1450 for market cbBTC/USDC 0x9103c3b4e834476c9a62ea009ba2c884ee42e94e6e314a26f04d312434191836 hf:0.9994 collateralAsset:0.0396 oraclePrice:600613600000000000000000000000000000000
2026/06/05 15:41:54 [liq] simulation failed for 0x692bBd6337598606D2A61e9EA312C792A5a93B3e: eth_call failed: dryRun: w3: 2 calls failed:
call[0]: execution reverted: inconsistent input
call[1]: execution reverted: inconsistent input
2026/06/05 15:41:54 liquidation check borrower 0x0223306c08172fAEA724Da05c9c11cdF063A75F0 usd:7535.6786 for market cbBTC/USDC 0x9103c3b4e834476c9a62ea009ba2c884ee42e94e6e314a26f04d312434191836 hf:0.9994 collateralAsset:0.1459 oraclePrice:600613600000000000000000000000000000000
2026/06/05 15:41:54 [liq] simulation failed for 0xeCea48ef7FaceC82886a0DA8DFd4353c171eaA38: eth_call failed: dryRun: w3: 2 calls failed:
call[0]: execution reverted: inconsistent input
call[1]: execution reverted: inconsistent input
2026/06/05 15:41:54 liquidation check borrower 0x1a57a088081e45e68eE3709CE2D6Fe33dD6208E0 usd:1469.5771 for market cbBTC/USDC 0x9103c3b4e834476c9a62ea009ba2c884ee42e94e6e314a26f04d312434191836 hf:0.9995 collateralAsset:0.0284 oraclePrice:600613600000000000000000000000000000000
2026/06/05 15:41:54 [liq] simulation failed for 0x89Bcd9bb756965Eef0275e2899Dc28b6D808AD2a: eth_call failed: dryRun: w3: 2 calls failed:
call[0]: execution reverted: inconsistent input
call[1]: execution reverted: inconsistent input
2026/06/05 15:41:54 liquidation check borrower 0x18f1842604cA6b9E7cF81f5F69E1789Fcf1EcaAB usd:64.5284 for market cbBTC/USDC 0x9103c3b4e834476c9a62ea009ba2c884ee42e94e6e314a26f04d312434191836 hf:0.9996 collateralAsset:0.0012 oraclePrice:600613600000000000000000000000000000000
2026/06/05 15:41:55 [liq] simulation failed for 0x0223306c08172fAEA724Da05c9c11cdF063A75F0: eth_call failed: dryRun: w3: 2 calls failed:
call[0]: execution reverted: inconsistent input
call[1]: execution reverted: inconsistent input
2026/06/05 15:41:55 liquidation check borrower 0x31ACF6Cf71a9deF69395FcEF3c99132e62567A0B usd:13.5376 for market cbBTC/USDC 0x9103c3b4e834476c9a62ea009ba2c884ee42e94e6e314a26f04d312434191836 hf:0.9998 collateralAsset:0.0003 oraclePrice:600613600000000000000000000000000000000
2026/06/05 15:41:55 [liq] simulation failed for 0x1a57a088081e45e68eE3709CE2D6Fe33dD6208E0: eth_call failed: dryRun: w3: 2 calls failed:
call[0]: execution reverted: inconsistent input
call[1]: execution reverted: inconsistent input
2026/06/05 15:41:55 [liq] simulation failed for 0x18f1842604cA6b9E7cF81f5F69E1789Fcf1EcaAB: eth_call failed: dryRun: w3: 2 calls failed:
call[0]: execution reverted: inconsistent input
call[1]: execution reverted: inconsistent input
2026/06/05 15:41:55 liquidation check borrower 0x500904B35429B331049aB3f30C9F8Cc9906f0427 usd:2306.8849 for market cbBTC/USDC 0x9103c3b4e834476c9a62ea009ba2c884ee42e94e6e314a26f04d312434191836 hf:0.9979 collateralAsset:0.0446 oraclePrice:600613600000000000000000000000000000000
2026/06/05 15:41:55 liquidation check borrower 0x7EDD9d7cb46da53aC168D9F6b74295fA522045aa usd:7.5720 for market cbBTC/USDC 0x9103c3b4e834476c9a62ea009ba2c884ee42e94e6e314a26f04d312434191836 hf:0.9979 collateralAsset:0.0001 oraclePrice:600613600000000000000000000000000000000
2026/06/05 15:41:55 [liq] simulation failed for 0x31ACF6Cf71a9deF69395FcEF3c99132e62567A0B: eth_call failed: dryRun: w3: 2 calls failed:
call[0]: execution reverted: inconsistent input
call[1]: execution reverted: inconsistent input
2026/06/05 15:41:55 liquidation check borrower 0xa2582101c5a515228F7b7E880B3C7BD34B6BDD6c usd:72.8857 for market cbBTC/USDC 0x9103c3b4e834476c9a62ea009ba2c884ee42e94e6e314a26f04d312434191836 hf:0.9980 collateralAsset:0.0014 oraclePrice:600613600000000000000000000000000000000
2026/06/05 15:41:55 [liq] simulation failed for 0x500904B35429B331049aB3f30C9F8Cc9906f0427: eth_call failed: dryRun: w3: 2 calls failed:
call[0]: execution reverted: inconsistent input
call[1]: execution reverted: inconsistent input
2026/06/05 15:41:55 liquidation check borrower 0x52c9964927f53c47240458d71Fa8a8d9b8264634 usd:1431.1284 for market cbBTC/USDC 0x9103c3b4e834476c9a62ea009ba2c884ee42e94e6e314a26f04d312434191836 hf:0.9981 collateralAsset:0.0277 oraclePrice:600613600000000000000000000000000000000
2026/06/05 15:41:55 [liq] simulation failed for 0x7EDD9d7cb46da53aC168D9F6b74295fA522045aa: eth_call failed: dryRun: w3: 2 calls failed:
call[0]: execution reverted: inconsistent input
call[1]: execution reverted: inconsistent input
2026/06/05 15:41:55 liquidation check borrower 0x3464502D43c4fcd6118bdEEa9395b6709147b2e0 usd:7.7077 for market cbBTC/USDC 0x9103c3b4e834476c9a62ea009ba2c884ee42e94e6e314a26f04d312434191836 hf:0.9981 collateralAsset:0.0001 oraclePrice:600613600000000000000000000000000000000
2026/06/05 15:41:56 [liq] simulation failed for 0xa2582101c5a515228F7b7E880B3C7BD34B6BDD6c: eth_call failed: dryRun: w3: 2 calls failed:
call[0]: execution reverted: inconsistent input
call[1]: execution reverted: inconsistent input
2026/06/05 15:41:56 liquidation check borrower 0xF897972e858C3838E5bB477bBb74650294098c6a usd:13.1775 for market cbBTC/USDC 0x9103c3b4e834476c9a62ea009ba2c884ee42e94e6e314a26f04d312434191836 hf:0.9984 collateralAsset:0.0003 oraclePrice:600613600000000000000000000000000000000
2026/06/05 15:41:56 [liq] simulation failed for 0x52c9964927f53c47240458d71Fa8a8d9b8264634: eth_call failed: dryRun: w3: 2 calls failed:
call[0]: execution reverted: inconsistent input
call[1]: execution reverted: inconsistent input
2026/06/05 15:41:56 liquidation check borrower 0x7279EffeBaCFf74135F500f36044E2b251BE687F usd:23.9595 for market cbBTC/USDC 0x9103c3b4e834476c9a62ea009ba2c884ee42e94e6e314a26f04d312434191836 hf:0.9986 collateralAsset:0.0005 oraclePrice:600613600000000000000000000000000000000
2026/06/05 15:41:56 [liq] simulation failed for 0x3464502D43c4fcd6118bdEEa9395b6709147b2e0: eth_call failed: dryRun: w3: 2 calls failed:
call[0]: execution reverted: inconsistent input
call[1]: execution reverted: inconsistent input
2026/06/05 15:41:56 liquidation check borrower 0x332698Ad2D33CF4909eF5b36CEb94D1666669e52 usd:155.4714 for market cbBTC/USDC 0x9103c3b4e834476c9a62ea009ba2c884ee42e94e6e314a26f04d312434191836 hf:0.9986 collateralAsset:0.0030 oraclePrice:600613600000000000000000000000000000000
2026/06/05 15:41:56 [liq] simulation failed for 0xF897972e858C3838E5bB477bBb74650294098c6a: eth_call failed: dryRun: w3: 2 calls failed:
call[0]: execution reverted: inconsistent input
call[1]: execution reverted: inconsistent input
2026/06/05 15:41:56 liquidation check borrower 0xaD332919fd7FfA1172D21d5ec35B97F8C3B78db2 usd:122.9105 for market cbBTC/USDC 0x9103c3b4e834476c9a62ea009ba2c884ee42e94e6e314a26f04d312434191836 hf:0.9987 collateralAsset:0.0024 oraclePrice:600613600000000000000000000000000000000
2026/06/05 15:41:56 [liq] simulation failed for 0x7279EffeBaCFf74135F500f36044E2b251BE687F: eth_call failed: dryRun: w3: 2 calls failed:
call[0]: execution reverted: inconsistent input
call[1]: execution reverted: inconsistent input
2026/06/05 15:41:56 liquidation check borrower 0x6b1a88e61267ca526e25d7C77CC79455A73807e5 usd:51.0303 for market cbBTC/USDC 0x9103c3b4e834476c9a62ea009ba2c884ee42e94e6e314a26f04d312434191836 hf:0.9987 collateralAsset:0.0010 oraclePrice:600613600000000000000000000000000000000
2026/06/05 15:41:56 [liq] simulation failed for 0x332698Ad2D33CF4909eF5b36CEb94D1666669e52: eth_call failed: dryRun: w3: 2 calls failed:
call[0]: execution reverted: inconsistent input
call[1]: execution reverted: inconsistent input
2026/06/05 15:41:56 liquidation check borrower 0x5B0F605AB28750dF288b86b840881a5482f734c9 usd:983.7994 for market cbBTC/USDC 0x9103c3b4e834476c9a62ea009ba2c884ee42e94e6e314a26f04d312434191836 hf:0.9988 collateralAsset:0.0190 oraclePrice:600613600000000000000000000000000000000
2026/06/05 15:41:56 [liq] simulation failed for 0xaD332919fd7FfA1172D21d5ec35B97F8C3B78db2: eth_call failed: dryRun: w3: 2 calls failed:
call[0]: execution reverted: inconsistent input
call[1]: execution reverted: inconsistent input
2026/06/05 15:41:56 liquidation check borrower 0x3efA919bFC2eccc457B86BD832d3A9b208c4A5e4 usd:15.6260 for market cbBTC/USDC 0x9103c3b4e834476c9a62ea009ba2c884ee42e94e6e314a26f04d312434191836 hf:0.9988 collateralAsset:0.0003 oraclePrice:600613600000000000000000000000000000000
2026/06/05 15:41:57 [liq] simulation failed for 0x6b1a88e61267ca526e25d7C77CC79455A73807e5: eth_call failed: dryRun: w3: 2 calls failed:
call[0]: execution reverted: inconsistent input
call[1]: execution reverted: inconsistent input
2026/06/05 15:41:57 liquidation check borrower 0xb666423CD4C2CD96639d75e6bb32F28b9E604cf8 usd:51.3755 for market cbBTC/USDC 0x9103c3b4e834476c9a62ea009ba2c884ee42e94e6e314a26f04d312434191836 hf:0.9989 collateralAsset:0.0010 oraclePrice:600613600000000000000000000000000000000
2026/06/05 15:41:57 [liq] simulation failed for 0x5B0F605AB28750dF288b86b840881a5482f734c9: eth_call failed: dryRun: w3: 2 calls failed:
call[0]: execution reverted: inconsistent input
call[1]: execution reverted: inconsistent input
2026/06/05 15:41:57 liquidation check borrower 0xD4281bEfD591Bdb18F0aeBDccab6fB002922c452 usd:5.4773 for market cbBTC/USDC 0x9103c3b4e834476c9a62ea009ba2c884ee42e94e6e314a26f04d312434191836 hf:0.9989 collateralAsset:0.0001 oraclePrice:600613600000000000000000000000000000000
2026/06/05 15:41:57 [liq] simulation failed for 0x3efA919bFC2eccc457B86BD832d3A9b208c4A5e4: eth_call failed: dryRun: w3: 2 calls failed:
call[0]: execution reverted: inconsistent input
call[1]: execution reverted: inconsistent input
2026/06/05 15:41:57 liquidation check borrower 0x5c6f6bc4d7C5A74816117B2878035359b7E753C3 usd:5057.1317 for market cbBTC/USDC 0x9103c3b4e834476c9a62ea009ba2c884ee42e94e6e314a26f04d312434191836 hf:0.9990 collateralAsset:0.0978 oraclePrice:600613600000000000000000000000000000000
2026/06/05 15:41:57 [liq] simulation failed for 0xb666423CD4C2CD96639d75e6bb32F28b9E604cf8: eth_call failed: dryRun: w3: 2 calls failed:
call[0]: execution reverted: inconsistent input
call[1]: execution reverted: inconsistent input
2026/06/05 15:41:57 liquidation check borrower 0x7F5985dd7E0198E0215e01D689fc57f403094470 usd:10.3581 for market cbBTC/USDC 0x9103c3b4e834476c9a62ea009ba2c884ee42e94e6e314a26f04d312434191836 hf:0.9990 collateralAsset:0.0002 oraclePrice:600613600000000000000000000000000000000
2026/06/05 15:41:57 [liq] simulation failed for 0xD4281bEfD591Bdb18F0aeBDccab6fB002922c452: eth_call failed: dryRun: w3: 2 calls failed:
call[0]: execution reverted: inconsistent input
call[1]: execution reverted: inconsistent input
2026/06/05 15:41:57 liquidation check borrower 0x411e2BfCfc15A2E1d649Bb1a4F2CD53AB017bcA1 usd:1275.3732 for market cbBTC/USDC 0x9103c3b4e834476c9a62ea009ba2c884ee42e94e6e314a26f04d312434191836 hf:0.9990 collateralAsset:0.0247 oraclePrice:600613600000000000000000000000000000000
2026/06/05 15:41:57 [liq] simulation failed for 0x5c6f6bc4d7C5A74816117B2878035359b7E753C3: eth_call failed: dryRun: w3: 2 calls failed:
call[0]: execution reverted: inconsistent input
call[1]: execution reverted: inconsistent input
2026/06/05 15:41:57 liquidation check borrower 0x040742C4f0EEe8653cD4B36dbF05E0B36E4ec6D4 usd:10.8829 for market cbBTC/USDC 0x9103c3b4e834476c9a62ea009ba2c884ee42e94e6e314a26f04d312434191836 hf:0.9991 collateralAsset:0.0002 oraclePrice:600613600000000000000000000000000000000
2026/06/05 15:41:57 [liq] simulation failed for 0x7F5985dd7E0198E0215e01D689fc57f403094470: eth_call failed: dryRun: w3: 2 calls failed:
call[0]: execution reverted: inconsistent input
call[1]: execution reverted: inconsistent input
2026/06/05 15:41:57 liquidation check borrower 0x692bBd6337598606D2A61e9EA312C792A5a93B3e usd:725.4043 for market cbBTC/USDC 0x9103c3b4e834476c9a62ea009ba2c884ee42e94e6e314a26f04d312434191836 hf:0.9991 collateralAsset:0.0140 oraclePrice:600613600000000000000000000000000000000
2026/06/05 15:41:57 [liq] simulation failed for 0x411e2BfCfc15A2E1d649Bb1a4F2CD53AB017bcA1: eth_call failed: dryRun: w3: 2 calls failed:
call[0]: execution reverted: inconsistent input
call[1]: execution reverted: inconsistent input
2026/06/05 15:41:57 liquidation check borrower 0xeCea48ef7FaceC82886a0DA8DFd4353c171eaA38 usd:9.7023 for market cbBTC/USDC 0x9103c3b4e834476c9a62ea009ba2c884ee42e94e6e314a26f04d312434191836 hf:0.9992 collateralAsset:0.0002 oraclePrice:600613600000000000000000000000000000000
2026/06/05 15:41:58 [liq] simulation failed for 0x040742C4f0EEe8653cD4B36dbF05E0B36E4ec6D4: eth_call failed: dryRun: w3: 2 calls failed:
call[0]: execution reverted: inconsistent input
call[1]: execution reverted: inconsistent input
2026/06/05 15:41:58 liquidation check borrower 0x89Bcd9bb756965Eef0275e2899Dc28b6D808AD2a usd:2048.1450 for market cbBTC/USDC 0x9103c3b4e834476c9a62ea009ba2c884ee42e94e6e314a26f04d312434191836 hf:0.9994 collateralAsset:0.0396 oraclePrice:600613600000000000000000000000000000000
2026/06/05 15:41:58 [liq] simulation failed for 0x692bBd6337598606D2A61e9EA312C792A5a93B3e: eth_call failed: dryRun: w3: 2 calls failed:
call[0]: execution reverted: inconsistent input
call[1]: execution reverted: inconsistent input
2026/06/05 15:41:58 liquidation check borrower 0x0223306c08172fAEA724Da05c9c11cdF063A75F0 usd:7535.6786 for market cbBTC/USDC 0x9103c3b4e834476c9a62ea009ba2c884ee42e94e6e314a26f04d312434191836 hf:0.9994 collateralAsset:0.1459 oraclePrice:600613600000000000000000000000000000000
2026/06/05 15:41:58 [liq] simulation failed for 0xeCea48ef7FaceC82886a0DA8DFd4353c171eaA38: eth_call failed: dryRun: w3: 2 calls failed:
call[0]: execution reverted: inconsistent input
call[1]: execution reverted: inconsistent input
2026/06/05 15:41:58 liquidation check borrower 0x1a57a088081e45e68eE3709CE2D6Fe33dD6208E0 usd:1469.5771 for market cbBTC/USDC 0x9103c3b4e834476c9a62ea009ba2c884ee42e94e6e314a26f04d312434191836 hf:0.9995 collateralAsset:0.0284 oraclePrice:600613600000000000000000000000000000000
2026/06/05 15:41:58 [liq] simulation failed for 0x89Bcd9bb756965Eef0275e2899Dc28b6D808AD2a: eth_call failed: dryRun: w3: 2 calls failed:
call[0]: execution reverted: inconsistent input
call[1]: execution reverted: inconsistent input
2026/06/05 15:41:58 liquidation check borrower 0x18f1842604cA6b9E7cF81f5F69E1789Fcf1EcaAB usd:64.5284 for market cbBTC/USDC 0x9103c3b4e834476c9a62ea009ba2c884ee42e94e6e314a26f04d312434191836 hf:0.9996 collateralAsset:0.0012 oraclePrice:600613600000000000000000000000000000000
2026/06/05 15:41:58 [liq] simulation failed for 0x0223306c08172fAEA724Da05c9c11cdF063A75F0: eth_call failed: dryRun: w3: 2 calls failed:
call[0]: execution reverted: inconsistent input
call[1]: execution reverted: inconsistent input
2026/06/05 15:41:58 liquidation check borrower 0x31ACF6Cf71a9deF69395FcEF3c99132e62567A0B usd:13.5376 for market cbBTC/USDC 0x9103c3b4e834476c9a62ea009ba2c884ee42e94e6e314a26f04d312434191836 hf:0.9998 collateralAsset:0.0003 oraclePrice:600613600000000000000000000000000000000
2026/06/05 15:41:58 [liq] simulation failed for 0x1a57a088081e45e68eE3709CE2D6Fe33dD6208E0: eth_call failed: dryRun: w3: 2 calls failed:
call[0]: execution reverted: inconsistent input
call[1]: execution reverted: inconsistent input
2026/06/05 15:41:58 [liq] simulation failed for 0x18f1842604cA6b9E7cF81f5F69E1789Fcf1EcaAB: eth_call failed: dryRun: w3: 2 calls failed:
call[0]: execution reverted: inconsistent input
call[1]: execution reverted: inconsistent input
2026/06/05 15:41:59 liquidation check borrower 0x500904B35429B331049aB3f30C9F8Cc9906f0427 usd:2306.8849 for market cbBTC/USDC 0x9103c3b4e834476c9a62ea009ba2c884ee42e94e6e314a26f04d312434191836 hf:0.9979 collateralAsset:0.0446 oraclePrice:600613600000000000000000000000000000000
2026/06/05 15:41:59 liquidation check borrower 0x7EDD9d7cb46da53aC168D9F6b74295fA522045aa usd:7.5720 for market cbBTC/USDC 0x9103c3b4e834476c9a62ea009ba2c884ee42e94e6e314a26f04d312434191836 hf:0.9979 collateralAsset:0.0001 oraclePrice:600613600000000000000000000000000000000
2026/06/05 15:41:59 [liq] simulation failed for 0x31ACF6Cf71a9deF69395FcEF3c99132e62567A0B: eth_call failed: dryRun: w3: 2 calls failed:
call[0]: execution reverted: inconsistent input
call[1]: execution reverted: inconsistent input
2026/06/05 15:41:59 liquidation check borrower 0xa2582101c5a515228F7b7E880B3C7BD34B6BDD6c usd:72.8857 for market cbBTC/USDC 0x9103c3b4e834476c9a62ea009ba2c884ee42e94e6e314a26f04d312434191836 hf:0.9980 collateralAsset:0.0014 oraclePrice:600613600000000000000000000000000000000
2026/06/05 15:41:59 [liq] simulation failed for 0x500904B35429B331049aB3f30C9F8Cc9906f0427: eth_call failed: dryRun: w3: 2 calls failed:
call[0]: execution reverted: inconsistent input
call[1]: execution reverted: inconsistent input
2026/06/05 15:41:59 liquidation check borrower 0x52c9964927f53c47240458d71Fa8a8d9b8264634 usd:1431.1284 for market cbBTC/USDC 0x9103c3b4e834476c9a62ea009ba2c884ee42e94e6e314a26f04d312434191836 hf:0.9981 collateralAsset:0.0277 oraclePrice:600613600000000000000000000000000000000
2026/06/05 15:41:59 [liq] simulation failed for 0x7EDD9d7cb46da53aC168D9F6b74295fA522045aa: eth_call failed: dryRun: w3: 2 calls failed:
call[0]: execution reverted: inconsistent input
call[1]: execution reverted: inconsistent input
2026/06/05 15:41:59 liquidation check borrower 0x3464502D43c4fcd6118bdEEa9395b6709147b2e0 usd:7.7077 for market cbBTC/USDC 0x9103c3b4e834476c9a62ea009ba2c884ee42e94e6e314a26f04d312434191836 hf:0.9981 collateralAsset:0.0001 oraclePrice:600613600000000000000000000000000000000
2026/06/05 15:41:59 [liq] simulation failed for 0xa2582101c5a515228F7b7E880B3C7BD34B6BDD6c: eth_call failed: dryRun: w3: 2 calls failed:
call[0]: execution reverted: inconsistent input
call[1]: execution reverted: inconsistent input
2026/06/05 15:41:59 liquidation check borrower 0xF897972e858C3838E5bB477bBb74650294098c6a usd:13.1775 for market cbBTC/USDC 0x9103c3b4e834476c9a62ea009ba2c884ee42e94e6e314a26f04d312434191836 hf:0.9984 collateralAsset:0.0003 oraclePrice:600613600000000000000000000000000000000
2026/06/05 15:41:59 [liq] simulation failed for 0x52c9964927f53c47240458d71Fa8a8d9b8264634: eth_call failed: dryRun: w3: 2 calls failed:
call[0]: execution reverted: inconsistent input
call[1]: execution reverted: inconsistent input
2026/06/05 15:41:59 liquidation check borrower 0x7279EffeBaCFf74135F500f36044E2b251BE687F usd:23.9595 for market cbBTC/USDC 0x9103c3b4e834476c9a62ea009ba2c884ee42e94e6e314a26f04d312434191836 hf:0.9986 collateralAsset:0.0005 oraclePrice:600613600000000000000000000000000000000
2026/06/05 15:42:00 [liq] simulation failed for 0x3464502D43c4fcd6118bdEEa9395b6709147b2e0: eth_call failed: dryRun: w3: 2 calls failed:
call[0]: execution reverted: inconsistent input
call[1]: execution reverted: inconsistent input
2026/06/05 15:42:00 liquidation check borrower 0x332698Ad2D33CF4909eF5b36CEb94D1666669e52 usd:155.4714 for market cbBTC/USDC 0x9103c3b4e834476c9a62ea009ba2c884ee42e94e6e314a26f04d312434191836 hf:0.9986 collateralAsset:0.0030 oraclePrice:600613600000000000000000000000000000000
2026/06/05 15:42:00 [liq] simulation failed for 0xF897972e858C3838E5bB477bBb74650294098c6a: eth_call failed: dryRun: w3: 2 calls failed:
call[0]: execution reverted: inconsistent input
call[1]: execution reverted: inconsistent input
2026/06/05 15:42:00 liquidation check borrower 0xaD332919fd7FfA1172D21d5ec35B97F8C3B78db2 usd:122.9105 for market cbBTC/USDC 0x9103c3b4e834476c9a62ea009ba2c884ee42e94e6e314a26f04d312434191836 hf:0.9987 collateralAsset:0.0024 oraclePrice:600613600000000000000000000000000000000
2026/06/05 15:42:00 [liq] simulation failed for 0x7279EffeBaCFf74135F500f36044E2b251BE687F: eth_call failed: dryRun: w3: 2 calls failed:
call[0]: execution reverted: inconsistent input
call[1]: execution reverted: inconsistent input
2026/06/05 15:42:00 liquidation check borrower 0x6b1a88e61267ca526e25d7C77CC79455A73807e5 usd:51.0303 for market cbBTC/USDC 0x9103c3b4e834476c9a62ea009ba2c884ee42e94e6e314a26f04d312434191836 hf:0.9987 collateralAsset:0.0010 oraclePrice:600613600000000000000000000000000000000
2026/06/05 15:42:00 [liq] simulation failed for 0x332698Ad2D33CF4909eF5b36CEb94D1666669e52: eth_call failed: dryRun: w3: 2 calls failed:
call[0]: execution reverted: inconsistent input
call[1]: execution reverted: inconsistent input
2026/06/05 15:42:00 liquidation check borrower 0x5B0F605AB28750dF288b86b840881a5482f734c9 usd:983.7994 for market cbBTC/USDC 0x9103c3b4e834476c9a62ea009ba2c884ee42e94e6e314a26f04d312434191836 hf:0.9988 collateralAsset:0.0190 oraclePrice:600613600000000000000000000000000000000
2026/06/05 15:42:00 [liq] simulation failed for 0xaD332919fd7FfA1172D21d5ec35B97F8C3B78db2: eth_call failed: dryRun: w3: 2 calls failed:
call[0]: execution reverted: inconsistent input
call[1]: execution reverted: inconsistent input
2026/06/05 15:42:00 liquidation check borrower 0x3efA919bFC2eccc457B86BD832d3A9b208c4A5e4 usd:15.6260 for market cbBTC/USDC 0x9103c3b4e834476c9a62ea009ba2c884ee42e94e6e314a26f04d312434191836 hf:0.9988 collateralAsset:0.0003 oraclePrice:600613600000000000000000000000000000000
2026/06/05 15:42:00 [liq] simulation failed for 0x6b1a88e61267ca526e25d7C77CC79455A73807e5: eth_call failed: dryRun: w3: 2 calls failed:
call[0]: execution reverted: inconsistent input
call[1]: execution reverted: inconsistent input
2026/06/05 15:42:00 liquidation check borrower 0xb666423CD4C2CD96639d75e6bb32F28b9E604cf8 usd:51.3755 for market cbBTC/USDC 0x9103c3b4e834476c9a62ea009ba2c884ee42e94e6e314a26f04d312434191836 hf:0.9989 collateralAsset:0.0010 oraclePrice:600613600000000000000000000000000000000
2026/06/05 15:42:00 [liq] simulation failed for 0x5B0F605AB28750dF288b86b840881a5482f734c9: eth_call failed: dryRun: w3: 2 calls failed:
call[0]: execution reverted: inconsistent input
call[1]: execution reverted: inconsistent input
2026/06/05 15:42:00 liquidation check borrower 0xD4281bEfD591Bdb18F0aeBDccab6fB002922c452 usd:5.4773 for market cbBTC/USDC 0x9103c3b4e834476c9a62ea009ba2c884ee42e94e6e314a26f04d312434191836 hf:0.9989 collateralAsset:0.0001 oraclePrice:600613600000000000000000000000000000000
2026/06/05 15:42:00 [liq] simulation failed for 0x3efA919bFC2eccc457B86BD832d3A9b208c4A5e4: eth_call failed: dryRun: w3: 2 calls failed:
call[0]: execution reverted: inconsistent input
call[1]: execution reverted: inconsistent input
2026/06/05 15:42:00 liquidation check borrower 0x5c6f6bc4d7C5A74816117B2878035359b7E753C3 usd:5057.1317 for market cbBTC/USDC 0x9103c3b4e834476c9a62ea009ba2c884ee42e94e6e314a26f04d312434191836 hf:0.9990 collateralAsset:0.0978 oraclePrice:600613600000000000000000000000000000000
2026/06/05 15:42:01 [liq] simulation failed for 0xb666423CD4C2CD96639d75e6bb32F28b9E604cf8: eth_call failed: dryRun: w3: 2 calls failed:
call[0]: execution reverted: inconsistent input
call[1]: execution reverted: inconsistent input
2026/06/05 15:42:01 liquidation check borrower 0x7F5985dd7E0198E0215e01D689fc57f403094470 usd:10.3581 for market cbBTC/USDC 0x9103c3b4e834476c9a62ea009ba2c884ee42e94e6e314a26f04d312434191836 hf:0.9990 collateralAsset:0.0002 oraclePrice:600613600000000000000000000000000000000
2026/06/05 15:42:01 [liq] simulation failed for 0xD4281bEfD591Bdb18F0aeBDccab6fB002922c452: eth_call failed: dryRun: w3: 2 calls failed:
call[0]: execution reverted: inconsistent input
call[1]: execution reverted: inconsistent input
2026/06/05 15:42:01 liquidation check borrower 0x411e2BfCfc15A2E1d649Bb1a4F2CD53AB017bcA1 usd:1275.3732 for market cbBTC/USDC 0x9103c3b4e834476c9a62ea009ba2c884ee42e94e6e314a26f04d312434191836 hf:0.9990 collateralAsset:0.0247 oraclePrice:600613600000000000000000000000000000000
2026/06/05 15:42:01 [liq] simulation failed for 0x5c6f6bc4d7C5A74816117B2878035359b7E753C3: eth_call failed: dryRun: w3: 2 calls failed:
call[0]: execution reverted: inconsistent input
call[1]: execution reverted: inconsistent input
2026/06/05 15:42:01 liquidation check borrower 0x040742C4f0EEe8653cD4B36dbF05E0B36E4ec6D4 usd:10.8829 for market cbBTC/USDC 0x9103c3b4e834476c9a62ea009ba2c884ee42e94e6e314a26f04d312434191836 hf:0.9991 collateralAsset:0.0002 oraclePrice:600613600000000000000000000000000000000
2026/06/05 15:42:01 [liq] simulation failed for 0x7F5985dd7E0198E0215e01D689fc57f403094470: eth_call failed: dryRun: w3: 2 calls failed:
call[0]: execution reverted: inconsistent input
call[1]: execution reverted: inconsistent input
2026/06/05 15:42:01 liquidation check borrower 0x692bBd6337598606D2A61e9EA312C792A5a93B3e usd:725.4043 for market cbBTC/USDC 0x9103c3b4e834476c9a62ea009ba2c884ee42e94e6e314a26f04d312434191836 hf:0.9991 collateralAsset:0.0140 oraclePrice:600613600000000000000000000000000000000
2026/06/05 15:42:01 [liq] simulation failed for 0x411e2BfCfc15A2E1d649Bb1a4F2CD53AB017bcA1: eth_call failed: dryRun: w3: 2 calls failed:
call[0]: execution reverted: inconsistent input
call[1]: execution reverted: inconsistent input
2026/06/05 15:42:01 liquidation check borrower 0xeCea48ef7FaceC82886a0DA8DFd4353c171eaA38 usd:9.7023 for market cbBTC/USDC 0x9103c3b4e834476c9a62ea009ba2c884ee42e94e6e314a26f04d312434191836 hf:0.9992 collateralAsset:0.0002 oraclePrice:600613600000000000000000000000000000000
2026/06/05 15:42:01 [liq] simulation failed for 0x040742C4f0EEe8653cD4B36dbF05E0B36E4ec6D4: eth_call failed: dryRun: w3: 2 calls failed:
call[0]: execution reverted: inconsistent input
call[1]: execution reverted: inconsistent input
2026/06/05 15:42:01 liquidation check borrower 0x89Bcd9bb756965Eef0275e2899Dc28b6D808AD2a usd:2048.1450 for market cbBTC/USDC 0x9103c3b4e834476c9a62ea009ba2c884ee42e94e6e314a26f04d312434191836 hf:0.9994 collateralAsset:0.0396 oraclePrice:600613600000000000000000000000000000000
2026/06/05 15:42:01 [liq] simulation failed for 0x692bBd6337598606D2A61e9EA312C792A5a93B3e: eth_call failed: dryRun: w3: 2 calls failed:
call[0]: execution reverted: inconsistent input
call[1]: execution reverted: inconsistent input
2026/06/05 15:42:01 liquidation check borrower 0x0223306c08172fAEA724Da05c9c11cdF063A75F0 usd:7535.6786 for market cbBTC/USDC 0x9103c3b4e834476c9a62ea009ba2c884ee42e94e6e314a26f04d312434191836 hf:0.9994 collateralAsset:0.1459 oraclePrice:600613600000000000000000000000000000000
2026/06/05 15:42:02 [liq] simulation failed for 0xeCea48ef7FaceC82886a0DA8DFd4353c171eaA38: eth_call failed: dryRun: w3: 2 calls failed:
call[0]: execution reverted: inconsistent input
call[1]: execution reverted: inconsistent input
2026/06/05 15:42:02 liquidation check borrower 0x1a57a088081e45e68eE3709CE2D6Fe33dD6208E0 usd:1469.5771 for market cbBTC/USDC 0x9103c3b4e834476c9a62ea009ba2c884ee42e94e6e314a26f04d312434191836 hf:0.9995 collateralAsset:0.0284 oraclePrice:600613600000000000000000000000000000000
2026/06/05 15:42:02 [liq] simulation failed for 0x89Bcd9bb756965Eef0275e2899Dc28b6D808AD2a: eth_call failed: dryRun: w3: 2 calls failed:
call[0]: execution reverted: inconsistent input
call[1]: execution reverted: inconsistent input
2026/06/05 15:42:02 liquidation check borrower 0x18f1842604cA6b9E7cF81f5F69E1789Fcf1EcaAB usd:64.5284 for market cbBTC/USDC 0x9103c3b4e834476c9a62ea009ba2c884ee42e94e6e314a26f04d312434191836 hf:0.9996 collateralAsset:0.0012 oraclePrice:600613600000000000000000000000000000000
2026/06/05 15:42:02 [liq] simulation failed for 0x0223306c08172fAEA724Da05c9c11cdF063A75F0: eth_call failed: dryRun: w3: 2 calls failed:
call[0]: execution reverted: inconsistent input
call[1]: execution reverted: inconsistent input
2026/06/05 15:42:02 liquidation check borrower 0x31ACF6Cf71a9deF69395FcEF3c99132e62567A0B usd:13.5376 for market cbBTC/USDC 0x9103c3b4e834476c9a62ea009ba2c884ee42e94e6e314a26f04d312434191836 hf:0.9998 collateralAsset:0.0003 oraclePrice:600613600000000000000000000000000000000
2026/06/05 15:42:02 [liq] simulation failed for 0x1a57a088081e45e68eE3709CE2D6Fe33dD6208E0: eth_call failed: dryRun: w3: 2 calls failed:
call[0]: execution reverted: inconsistent input
call[1]: execution reverted: inconsistent input
2026/06/05 15:42:02 [liq] simulation failed for 0x18f1842604cA6b9E7cF81f5F69E1789Fcf1EcaAB: eth_call failed: dryRun: w3: 2 calls failed:
call[0]: execution reverted: inconsistent input
call[1]: execution reverted: inconsistent input
2026/06/05 15:42:02 [liq] simulation failed for 0x31ACF6Cf71a9deF69395FcEF3c99132e62567A0B: eth_call failed: dryRun: w3: 2 calls failed:
call[0]: execution reverted: inconsistent input
call[1]: execution reverted: inconsistent input
2026/06/05 15:42:02 liquidation check borrower 0x500904B35429B331049aB3f30C9F8Cc9906f0427 usd:2306.8849 for market cbBTC/USDC 0x9103c3b4e834476c9a62ea009ba2c884ee42e94e6e314a26f04d312434191836 hf:0.9979 collateralAsset:0.0446 oraclePrice:600613600000000000000000000000000000000
2026/06/05 15:42:02 liquidation check borrower 0x7EDD9d7cb46da53aC168D9F6b74295fA522045aa usd:7.5720 for market cbBTC/USDC 0x9103c3b4e834476c9a62ea009ba2c884ee42e94e6e314a26f04d312434191836 hf:0.9979 collateralAsset:0.0001 oraclePrice:600613600000000000000000000000000000000
2026/06/05 15:42:02 liquidation check borrower 0xa2582101c5a515228F7b7E880B3C7BD34B6BDD6c usd:72.8857 for market cbBTC/USDC 0x9103c3b4e834476c9a62ea009ba2c884ee42e94e6e314a26f04d312434191836 hf:0.9980 collateralAsset:0.0014 oraclePrice:600613600000000000000000000000000000000
2026/06/05 15:42:03 [liq] simulation failed for 0x500904B35429B331049aB3f30C9F8Cc9906f0427: eth_call failed: dryRun: w3: 2 calls failed:
call[0]: execution reverted: inconsistent input
call[1]: execution reverted: inconsistent input
2026/06/05 15:42:03 liquidation check borrower 0x52c9964927f53c47240458d71Fa8a8d9b8264634 usd:1431.1284 for market cbBTC/USDC 0x9103c3b4e834476c9a62ea009ba2c884ee42e94e6e314a26f04d312434191836 hf:0.9981 collateralAsset:0.0277 oraclePrice:600613600000000000000000000000000000000
2026/06/05 15:42:03 [liq] simulation failed for 0x7EDD9d7cb46da53aC168D9F6b74295fA522045aa: eth_call failed: dryRun: w3: 2 calls failed:
call[0]: execution reverted: inconsistent input
call[1]: execution reverted: inconsistent input
2026/06/05 15:42:03 liquidation check borrower 0x3464502D43c4fcd6118bdEEa9395b6709147b2e0 usd:7.7077 for market cbBTC/USDC 0x9103c3b4e834476c9a62ea009ba2c884ee42e94e6e314a26f04d312434191836 hf:0.9981 collateralAsset:0.0001 oraclePrice:600613600000000000000000000000000000000
2026/06/05 15:42:03 [liq] simulation failed for 0xa2582101c5a515228F7b7E880B3C7BD34B6BDD6c: eth_call failed: dryRun: w3: 2 calls failed:
call[0]: execution reverted: inconsistent input
call[1]: execution reverted: inconsistent input
2026/06/05 15:42:03 liquidation check borrower 0xF897972e858C3838E5bB477bBb74650294098c6a usd:13.1775 for market cbBTC/USDC 0x9103c3b4e834476c9a62ea009ba2c884ee42e94e6e314a26f04d312434191836 hf:0.9984 collateralAsset:0.0003 oraclePrice:600613600000000000000000000000000000000
2026/06/05 15:42:03 [liq] simulation failed for 0x52c9964927f53c47240458d71Fa8a8d9b8264634: eth_call failed: dryRun: w3: 2 calls failed:
call[0]: execution reverted: inconsistent input
call[1]: execution reverted: inconsistent input
2026/06/05 15:42:03 liquidation check borrower 0x7279EffeBaCFf74135F500f36044E2b251BE687F usd:23.9595 for market cbBTC/USDC 0x9103c3b4e834476c9a62ea009ba2c884ee42e94e6e314a26f04d312434191836 hf:0.9986 collateralAsset:0.0005 oraclePrice:600613600000000000000000000000000000000
2026/06/05 15:42:03 [liq] simulation failed for 0x3464502D43c4fcd6118bdEEa9395b6709147b2e0: eth_call failed: dryRun: w3: 2 calls failed:
call[0]: execution reverted: inconsistent input
call[1]: execution reverted: inconsistent input
2026/06/05 15:42:03 liquidation check borrower 0x332698Ad2D33CF4909eF5b36CEb94D1666669e52 usd:155.4714 for market cbBTC/USDC 0x9103c3b4e834476c9a62ea009ba2c884ee42e94e6e314a26f04d312434191836 hf:0.9986 collateralAsset:0.0030 oraclePrice:600613600000000000000000000000000000000
2026/06/05 15:42:03 [liq] simulation failed for 0xF897972e858C3838E5bB477bBb74650294098c6a: eth_call failed: dryRun: w3: 2 calls failed:
call[0]: execution reverted: inconsistent input
call[1]: execution reverted: inconsistent input
2026/06/05 15:42:03 liquidation check borrower 0xaD332919fd7FfA1172D21d5ec35B97F8C3B78db2 usd:122.9105 for market cbBTC/USDC 0x9103c3b4e834476c9a62ea009ba2c884ee42e94e6e314a26f04d312434191836 hf:0.9987 collateralAsset:0.0024 oraclePrice:600613600000000000000000000000000000000
2026/06/05 15:42:03 [liq] simulation failed for 0x7279EffeBaCFf74135F500f36044E2b251BE687F: eth_call failed: dryRun: w3: 2 calls failed:
call[0]: execution reverted: inconsistent input
call[1]: execution reverted: inconsistent input
2026/06/05 15:42:03 liquidation check borrower 0x6b1a88e61267ca526e25d7C77CC79455A73807e5 usd:51.0303 for market cbBTC/USDC 0x9103c3b4e834476c9a62ea009ba2c884ee42e94e6e314a26f04d312434191836 hf:0.9987 collateralAsset:0.0010 oraclePrice:600613600000000000000000000000000000000
2026/06/05 15:42:03 [liq] simulation failed for 0x332698Ad2D33CF4909eF5b36CEb94D1666669e52: eth_call failed: dryRun: w3: 2 calls failed:
call[0]: execution reverted: inconsistent input
call[1]: execution reverted: inconsistent input
2026/06/05 15:42:03 liquidation check borrower 0x5B0F605AB28750dF288b86b840881a5482f734c9 usd:983.7994 for market cbBTC/USDC 0x9103c3b4e834476c9a62ea009ba2c884ee42e94e6e314a26f04d312434191836 hf:0.9988 collateralAsset:0.0190 oraclePrice:600613600000000000000000000000000000000
2026/06/05 15:42:04 [liq] simulation failed for 0xaD332919fd7FfA1172D21d5ec35B97F8C3B78db2: eth_call failed: dryRun: w3: 2 calls failed:
call[0]: execution reverted: inconsistent input
call[1]: execution reverted: inconsistent input
2026/06/05 15:42:04 liquidation check borrower 0x3efA919bFC2eccc457B86BD832d3A9b208c4A5e4 usd:15.6260 for market cbBTC/USDC 0x9103c3b4e834476c9a62ea009ba2c884ee42e94e6e314a26f04d312434191836 hf:0.9988 collateralAsset:0.0003 oraclePrice:600613600000000000000000000000000000000
2026/06/05 15:42:04 [liq] simulation failed for 0x6b1a88e61267ca526e25d7C77CC79455A73807e5: eth_call failed: dryRun: w3: 2 calls failed:
call[0]: execution reverted: inconsistent input
call[1]: execution reverted: inconsistent input
2026/06/05 15:42:04 liquidation check borrower 0xb666423CD4C2CD96639d75e6bb32F28b9E604cf8 usd:51.3755 for market cbBTC/USDC 0x9103c3b4e834476c9a62ea009ba2c884ee42e94e6e314a26f04d312434191836 hf:0.9989 collateralAsset:0.0010 oraclePrice:600613600000000000000000000000000000000
2026/06/05 15:42:04 [liq] simulation failed for 0x5B0F605AB28750dF288b86b840881a5482f734c9: eth_call failed: dryRun: w3: 2 calls failed:
call[0]: execution reverted: inconsistent input
call[1]: execution reverted: inconsistent input
2026/06/05 15:42:04 liquidation check borrower 0xD4281bEfD591Bdb18F0aeBDccab6fB002922c452 usd:5.4773 for market cbBTC/USDC 0x9103c3b4e834476c9a62ea009ba2c884ee42e94e6e314a26f04d312434191836 hf:0.9989 collateralAsset:0.0001 oraclePrice:600613600000000000000000000000000000000
2026/06/05 15:42:04 [liq] simulation failed for 0x3efA919bFC2eccc457B86BD832d3A9b208c4A5e4: eth_call failed: dryRun: w3: 2 calls failed:
call[0]: execution reverted: inconsistent input
call[1]: execution reverted: inconsistent input
2026/06/05 15:42:04 liquidation check borrower 0x5c6f6bc4d7C5A74816117B2878035359b7E753C3 usd:5057.1317 for market cbBTC/USDC 0x9103c3b4e834476c9a62ea009ba2c884ee42e94e6e314a26f04d312434191836 hf:0.9990 collateralAsset:0.0978 oraclePrice:600613600000000000000000000000000000000
2026/06/05 15:42:04 [liq] simulation failed for 0xb666423CD4C2CD96639d75e6bb32F28b9E604cf8: eth_call failed: dryRun: w3: 2 calls failed:
call[0]: execution reverted: inconsistent input
call[1]: execution reverted: inconsistent input
2026/06/05 15:42:04 liquidation check borrower 0x7F5985dd7E0198E0215e01D689fc57f403094470 usd:10.3581 for market cbBTC/USDC 0x9103c3b4e834476c9a62ea009ba2c884ee42e94e6e314a26f04d312434191836 hf:0.9990 collateralAsset:0.0002 oraclePrice:600613600000000000000000000000000000000
2026/06/05 15:42:04 [liq] simulation failed for 0xD4281bEfD591Bdb18F0aeBDccab6fB002922c452: eth_call failed: dryRun: w3: 2 calls failed:
call[0]: execution reverted: inconsistent input
call[1]: execution reverted: inconsistent input
2026/06/05 15:42:04 liquidation check borrower 0x411e2BfCfc15A2E1d649Bb1a4F2CD53AB017bcA1 usd:1275.3732 for market cbBTC/USDC 0x9103c3b4e834476c9a62ea009ba2c884ee42e94e6e314a26f04d312434191836 hf:0.9990 collateralAsset:0.0247 oraclePrice:600613600000000000000000000000000000000
2026/06/05 15:42:04 [liq] simulation failed for 0x5c6f6bc4d7C5A74816117B2878035359b7E753C3: eth_call failed: dryRun: w3: 2 calls failed:
call[0]: execution reverted: inconsistent input
call[1]: execution reverted: inconsistent input
2026/06/05 15:42:04 liquidation check borrower 0x040742C4f0EEe8653cD4B36dbF05E0B36E4ec6D4 usd:10.8829 for market cbBTC/USDC 0x9103c3b4e834476c9a62ea009ba2c884ee42e94e6e314a26f04d312434191836 hf:0.9991 collateralAsset:0.0002 oraclePrice:600613600000000000000000000000000000000
2026/06/05 15:42:05 [liq] simulation failed for 0x7F5985dd7E0198E0215e01D689fc57f403094470: eth_call failed: dryRun: w3: 2 calls failed:
call[0]: execution reverted: inconsistent input
call[1]: execution reverted: inconsistent input
2026/06/05 15:42:05 liquidation check borrower 0x692bBd6337598606D2A61e9EA312C792A5a93B3e usd:725.4043 for market cbBTC/USDC 0x9103c3b4e834476c9a62ea009ba2c884ee42e94e6e314a26f04d312434191836 hf:0.9991 collateralAsset:0.0140 oraclePrice:600613600000000000000000000000000000000
2026/06/05 15:42:05 [liq] simulation failed for 0x411e2BfCfc15A2E1d649Bb1a4F2CD53AB017bcA1: eth_call failed: dryRun: w3: 2 calls failed:
call[0]: execution reverted: inconsistent input
call[1]: execution reverted: inconsistent input
2026/06/05 15:42:05 liquidation check borrower 0xeCea48ef7FaceC82886a0DA8DFd4353c171eaA38 usd:9.7023 for market cbBTC/USDC 0x9103c3b4e834476c9a62ea009ba2c884ee42e94e6e314a26f04d312434191836 hf:0.9992 collateralAsset:0.0002 oraclePrice:600613600000000000000000000000000000000
2026/06/05 15:42:05 [liq] simulation failed for 0x040742C4f0EEe8653cD4B36dbF05E0B36E4ec6D4: eth_call failed: dryRun: w3: 2 calls failed:
call[0]: execution reverted: inconsistent input
call[1]: execution reverted: inconsistent input
2026/06/05 15:42:05 liquidation check borrower 0x89Bcd9bb756965Eef0275e2899Dc28b6D808AD2a usd:2048.1450 for market cbBTC/USDC 0x9103c3b4e834476c9a62ea009ba2c884ee42e94e6e314a26f04d312434191836 hf:0.9994 collateralAsset:0.0396 oraclePrice:600613600000000000000000000000000000000
2026/06/05 15:42:05 [liq] simulation failed for 0x692bBd6337598606D2A61e9EA312C792A5a93B3e: eth_call failed: dryRun: w3: 2 calls failed:
call[0]: execution reverted: inconsistent input
call[1]: execution reverted: inconsistent input
2026/06/05 15:42:05 liquidation check borrower 0x0223306c08172fAEA724Da05c9c11cdF063A75F0 usd:7535.6786 for market cbBTC/USDC 0x9103c3b4e834476c9a62ea009ba2c884ee42e94e6e314a26f04d312434191836 hf:0.9994 collateralAsset:0.1459 oraclePrice:600613600000000000000000000000000000000
2026/06/05 15:42:05 [liq] simulation failed for 0xeCea48ef7FaceC82886a0DA8DFd4353c171eaA38: eth_call failed: dryRun: w3: 2 calls failed:
call[0]: execution reverted: inconsistent input
call[1]: execution reverted: inconsistent input
2026/06/05 15:42:05 liquidation check borrower 0x1a57a088081e45e68eE3709CE2D6Fe33dD6208E0 usd:1469.5771 for market cbBTC/USDC 0x9103c3b4e834476c9a62ea009ba2c884ee42e94e6e314a26f04d312434191836 hf:0.9995 collateralAsset:0.0284 oraclePrice:600613600000000000000000000000000000000
2026/06/05 15:42:05 [liq] simulation failed for 0x89Bcd9bb756965Eef0275e2899Dc28b6D808AD2a: eth_call failed: dryRun: w3: 2 calls failed:
call[0]: execution reverted: inconsistent input
call[1]: execution reverted: inconsistent input
2026/06/05 15:42:05 liquidation check borrower 0x18f1842604cA6b9E7cF81f5F69E1789Fcf1EcaAB usd:64.5284 for market cbBTC/USDC 0x9103c3b4e834476c9a62ea009ba2c884ee42e94e6e314a26f04d312434191836 hf:0.9996 collateralAsset:0.0012 oraclePrice:600613600000000000000000000000000000000
2026/06/05 15:42:05 [liq] simulation failed for 0x0223306c08172fAEA724Da05c9c11cdF063A75F0: eth_call failed: dryRun: w3: 2 calls failed:
call[0]: execution reverted: inconsistent input
call[1]: execution reverted: inconsistent input
2026/06/05 15:42:05 liquidation check borrower 0x31ACF6Cf71a9deF69395FcEF3c99132e62567A0B usd:13.5376 for market cbBTC/USDC 0x9103c3b4e834476c9a62ea009ba2c884ee42e94e6e314a26f04d312434191836 hf:0.9998 collateralAsset:0.0003 oraclePrice:600613600000000000000000000000000000000
2026/06/05 15:42:06 [liq] simulation failed for 0x1a57a088081e45e68eE3709CE2D6Fe33dD6208E0: eth_call failed: dryRun: w3: 2 calls failed:
call[0]: execution reverted: inconsistent input
call[1]: execution reverted: inconsistent input
2026/06/05 15:42:06 [liq] simulation failed for 0x18f1842604cA6b9E7cF81f5F69E1789Fcf1EcaAB: eth_call failed: dryRun: w3: 2 calls failed:
call[0]: execution reverted: inconsistent input
call[1]: execution reverted: inconsistent input
2026/06/05 15:42:06 liquidation check borrower 0x500904B35429B331049aB3f30C9F8Cc9906f0427 usd:2306.8849 for market cbBTC/USDC 0x9103c3b4e834476c9a62ea009ba2c884ee42e94e6e314a26f04d312434191836 hf:0.9979 collateralAsset:0.0446 oraclePrice:600613600000000000000000000000000000000
2026/06/05 15:42:06 liquidation check borrower 0x7EDD9d7cb46da53aC168D9F6b74295fA522045aa usd:7.5720 for market cbBTC/USDC 0x9103c3b4e834476c9a62ea009ba2c884ee42e94e6e314a26f04d312434191836 hf:0.9979 collateralAsset:0.0001 oraclePrice:600613600000000000000000000000000000000
2026/06/05 15:42:06 [liq] simulation failed for 0x31ACF6Cf71a9deF69395FcEF3c99132e62567A0B: eth_call failed: dryRun: w3: 2 calls failed:
call[0]: execution reverted: inconsistent input
call[1]: execution reverted: inconsistent input
2026/06/05 15:42:06 liquidation check borrower 0xa2582101c5a515228F7b7E880B3C7BD34B6BDD6c usd:72.8857 for market cbBTC/USDC 0x9103c3b4e834476c9a62ea009ba2c884ee42e94e6e314a26f04d312434191836 hf:0.9980 collateralAsset:0.0014 oraclePrice:600613600000000000000000000000000000000
2026/06/05 15:42:06 [liq] simulation failed for 0x500904B35429B331049aB3f30C9F8Cc9906f0427: eth_call failed: dryRun: w3: 2 calls failed:
call[0]: execution reverted: inconsistent input
call[1]: execution reverted: inconsistent input
2026/06/05 15:42:06 liquidation check borrower 0x52c9964927f53c47240458d71Fa8a8d9b8264634 usd:1431.1284 for market cbBTC/USDC 0x9103c3b4e834476c9a62ea009ba2c884ee42e94e6e314a26f04d312434191836 hf:0.9981 collateralAsset:0.0277 oraclePrice:600613600000000000000000000000000000000
2026/06/05 15:42:06 [liq] simulation failed for 0x7EDD9d7cb46da53aC168D9F6b74295fA522045aa: eth_call failed: dryRun: w3: 2 calls failed:
call[0]: execution reverted: inconsistent input
call[1]: execution reverted: inconsistent input
2026/06/05 15:42:06 liquidation check borrower 0x3464502D43c4fcd6118bdEEa9395b6709147b2e0 usd:7.7077 for market cbBTC/USDC 0x9103c3b4e834476c9a62ea009ba2c884ee42e94e6e314a26f04d312434191836 hf:0.9981 collateralAsset:0.0001 oraclePrice:600613600000000000000000000000000000000
2026/06/05 15:42:06 [liq] simulation failed for 0xa2582101c5a515228F7b7E880B3C7BD34B6BDD6c: eth_call failed: dryRun: w3: 2 calls failed:
call[0]: execution reverted: inconsistent input
call[1]: execution reverted: inconsistent input
2026/06/05 15:42:06 liquidation check borrower 0xF897972e858C3838E5bB477bBb74650294098c6a usd:13.1775 for market cbBTC/USDC 0x9103c3b4e834476c9a62ea009ba2c884ee42e94e6e314a26f04d312434191836 hf:0.9984 collateralAsset:0.0003 oraclePrice:600613600000000000000000000000000000000
2026/06/05 15:42:06 [liq] simulation failed for 0x52c9964927f53c47240458d71Fa8a8d9b8264634: eth_call failed: dryRun: w3: 2 calls failed:
call[0]: execution reverted: inconsistent input
call[1]: execution reverted: inconsistent input
2026/06/05 15:42:06 liquidation check borrower 0x7279EffeBaCFf74135F500f36044E2b251BE687F usd:23.9595 for market cbBTC/USDC 0x9103c3b4e834476c9a62ea009ba2c884ee42e94e6e314a26f04d312434191836 hf:0.9986 collateralAsset:0.0005 oraclePrice:600613600000000000000000000000000000000
2026/06/05 15:42:07 [liq] simulation failed for 0x3464502D43c4fcd6118bdEEa9395b6709147b2e0: eth_call failed: dryRun: w3: 2 calls failed:
call[0]: execution reverted: inconsistent input
call[1]: execution reverted: inconsistent input
2026/06/05 15:42:07 liquidation check borrower 0x332698Ad2D33CF4909eF5b36CEb94D1666669e52 usd:155.4714 for market cbBTC/USDC 0x9103c3b4e834476c9a62ea009ba2c884ee42e94e6e314a26f04d312434191836 hf:0.9986 collateralAsset:0.0030 oraclePrice:600613600000000000000000000000000000000
2026/06/05 15:42:07 [liq] simulation failed for 0xF897972e858C3838E5bB477bBb74650294098c6a: eth_call failed: dryRun: w3: 2 calls failed:
call[0]: execution reverted: inconsistent input
call[1]: execution reverted: inconsistent input
2026/06/05 15:42:07 liquidation check borrower 0xaD332919fd7FfA1172D21d5ec35B97F8C3B78db2 usd:122.9105 for market cbBTC/USDC 0x9103c3b4e834476c9a62ea009ba2c884ee42e94e6e314a26f04d312434191836 hf:0.9987 collateralAsset:0.0024 oraclePrice:600613600000000000000000000000000000000
2026/06/05 15:42:07 [liq] simulation failed for 0x7279EffeBaCFf74135F500f36044E2b251BE687F: eth_call failed: dryRun: w3: 2 calls failed:
call[0]: execution reverted: inconsistent input
call[1]: execution reverted: inconsistent input
2026/06/05 15:42:07 liquidation check borrower 0x6b1a88e61267ca526e25d7C77CC79455A73807e5 usd:51.0303 for market cbBTC/USDC 0x9103c3b4e834476c9a62ea009ba2c884ee42e94e6e314a26f04d312434191836 hf:0.9987 collateralAsset:0.0010 oraclePrice:600613600000000000000000000000000000000
2026/06/05 15:42:07 [liq] simulation failed for 0x332698Ad2D33CF4909eF5b36CEb94D1666669e52: eth_call failed: dryRun: w3: 2 calls failed:
call[0]: execution reverted: inconsistent input
call[1]: execution reverted: inconsistent input
2026/06/05 15:42:07 liquidation check borrower 0x5B0F605AB28750dF288b86b840881a5482f734c9 usd:983.7994 for market cbBTC/USDC 0x9103c3b4e834476c9a62ea009ba2c884ee42e94e6e314a26f04d312434191836 hf:0.9988 collateralAsset:0.0190 oraclePrice:600613600000000000000000000000000000000
2026/06/05 15:42:07 [liq] simulation failed for 0xaD332919fd7FfA1172D21d5ec35B97F8C3B78db2: eth_call failed: dryRun: w3: 2 calls failed:
call[0]: execution reverted: inconsistent input
call[1]: execution reverted: inconsistent input
2026/06/05 15:42:07 liquidation check borrower 0x3efA919bFC2eccc457B86BD832d3A9b208c4A5e4 usd:15.6260 for market cbBTC/USDC 0x9103c3b4e834476c9a62ea009ba2c884ee42e94e6e314a26f04d312434191836 hf:0.9988 collateralAsset:0.0003 oraclePrice:600613600000000000000000000000000000000
2026/06/05 15:42:07 [liq] simulation failed for 0x6b1a88e61267ca526e25d7C77CC79455A73807e5: eth_call failed: dryRun: w3: 2 calls failed:
call[0]: execution reverted: inconsistent input
call[1]: execution reverted: inconsistent input
2026/06/05 15:42:07 liquidation check borrower 0xb666423CD4C2CD96639d75e6bb32F28b9E604cf8 usd:51.3755 for market cbBTC/USDC 0x9103c3b4e834476c9a62ea009ba2c884ee42e94e6e314a26f04d312434191836 hf:0.9989 collateralAsset:0.0010 oraclePrice:600613600000000000000000000000000000000
2026/06/05 15:42:07 [liq] simulation failed for 0x5B0F605AB28750dF288b86b840881a5482f734c9: eth_call failed: dryRun: w3: 2 calls failed:
call[0]: execution reverted: inconsistent input
call[1]: execution reverted: inconsistent input
2026/06/05 15:42:07 liquidation check borrower 0xD4281bEfD591Bdb18F0aeBDccab6fB002922c452 usd:5.4773 for market cbBTC/USDC 0x9103c3b4e834476c9a62ea009ba2c884ee42e94e6e314a26f04d312434191836 hf:0.9989 collateralAsset:0.0001 oraclePrice:600613600000000000000000000000000000000
2026/06/05 15:42:08 [liq] simulation failed for 0x3efA919bFC2eccc457B86BD832d3A9b208c4A5e4: eth_call failed: dryRun: w3: 2 calls failed:
call[0]: execution reverted: inconsistent input
call[1]: execution reverted: inconsistent input
2026/06/05 15:42:08 liquidation check borrower 0x5c6f6bc4d7C5A74816117B2878035359b7E753C3 usd:5057.1317 for market cbBTC/USDC 0x9103c3b4e834476c9a62ea009ba2c884ee42e94e6e314a26f04d312434191836 hf:0.9990 collateralAsset:0.0978 oraclePrice:600613600000000000000000000000000000000
2026/06/05 15:42:08 [liq] simulation failed for 0xb666423CD4C2CD96639d75e6bb32F28b9E604cf8: eth_call failed: dryRun: w3: 2 calls failed:
call[0]: execution reverted: inconsistent input
call[1]: execution reverted: inconsistent input
2026/06/05 15:42:08 liquidation check borrower 0x7F5985dd7E0198E0215e01D689fc57f403094470 usd:10.3581 for market cbBTC/USDC 0x9103c3b4e834476c9a62ea009ba2c884ee42e94e6e314a26f04d312434191836 hf:0.9990 collateralAsset:0.0002 oraclePrice:600613600000000000000000000000000000000
2026/06/05 15:42:08 [liq] simulation failed for 0xD4281bEfD591Bdb18F0aeBDccab6fB002922c452: eth_call failed: dryRun: w3: 2 calls failed:
call[0]: execution reverted: inconsistent input
call[1]: execution reverted: inconsistent input
2026/06/05 15:42:08 liquidation check borrower 0x411e2BfCfc15A2E1d649Bb1a4F2CD53AB017bcA1 usd:1275.3732 for market cbBTC/USDC 0x9103c3b4e834476c9a62ea009ba2c884ee42e94e6e314a26f04d312434191836 hf:0.9990 collateralAsset:0.0247 oraclePrice:600613600000000000000000000000000000000
2026/06/05 15:42:08 [liq] simulation failed for 0x5c6f6bc4d7C5A74816117B2878035359b7E753C3: eth_call failed: dryRun: w3: 2 calls failed:
call[0]: execution reverted: inconsistent input
call[1]: execution reverted: inconsistent input
2026/06/05 15:42:08 liquidation check borrower 0x040742C4f0EEe8653cD4B36dbF05E0B36E4ec6D4 usd:10.8829 for market cbBTC/USDC 0x9103c3b4e834476c9a62ea009ba2c884ee42e94e6e314a26f04d312434191836 hf:0.9991 collateralAsset:0.0002 oraclePrice:600613600000000000000000000000000000000
2026/06/05 15:42:08 [liq] simulation failed for 0x7F5985dd7E0198E0215e01D689fc57f403094470: eth_call failed: dryRun: w3: 2 calls failed:
call[0]: execution reverted: inconsistent input
call[1]: execution reverted: inconsistent input
2026/06/05 15:42:08 liquidation check borrower 0x692bBd6337598606D2A61e9EA312C792A5a93B3e usd:725.4043 for market cbBTC/USDC 0x9103c3b4e834476c9a62ea009ba2c884ee42e94e6e314a26f04d312434191836 hf:0.9991 collateralAsset:0.0140 oraclePrice:600613600000000000000000000000000000000
2026/06/05 15:42:08 [liq] simulation failed for 0x411e2BfCfc15A2E1d649Bb1a4F2CD53AB017bcA1: eth_call failed: dryRun: w3: 2 calls failed:
call[0]: execution reverted: inconsistent input
call[1]: execution reverted: inconsistent input
2026/06/05 15:42:08 liquidation check borrower 0xeCea48ef7FaceC82886a0DA8DFd4353c171eaA38 usd:9.7023 for market cbBTC/USDC 0x9103c3b4e834476c9a62ea009ba2c884ee42e94e6e314a26f04d312434191836 hf:0.9992 collateralAsset:0.0002 oraclePrice:600613600000000000000000000000000000000
2026/06/05 15:42:08 [liq] simulation failed for 0x040742C4f0EEe8653cD4B36dbF05E0B36E4ec6D4: eth_call failed: dryRun: w3: 2 calls failed:
call[0]: execution reverted: inconsistent input
call[1]: execution reverted: inconsistent input
2026/06/05 15:42:08 liquidation check borrower 0x89Bcd9bb756965Eef0275e2899Dc28b6D808AD2a usd:2048.1450 for market cbBTC/USDC 0x9103c3b4e834476c9a62ea009ba2c884ee42e94e6e314a26f04d312434191836 hf:0.9994 collateralAsset:0.0396 oraclePrice:600613600000000000000000000000000000000
2026/06/05 15:42:09 [liq] simulation failed for 0x692bBd6337598606D2A61e9EA312C792A5a93B3e: eth_call failed: dryRun: w3: 2 calls failed:
call[0]: execution reverted: inconsistent input
call[1]: execution reverted: inconsistent input
2026/06/05 15:42:09 liquidation check borrower 0x0223306c08172fAEA724Da05c9c11cdF063A75F0 usd:7535.6786 for market cbBTC/USDC 0x9103c3b4e834476c9a62ea009ba2c884ee42e94e6e314a26f04d312434191836 hf:0.9994 collateralAsset:0.1459 oraclePrice:600613600000000000000000000000000000000
2026/06/05 15:42:09 [liq] simulation failed for 0xeCea48ef7FaceC82886a0DA8DFd4353c171eaA38: eth_call failed: dryRun: w3: 2 calls failed:
call[0]: execution reverted: inconsistent input
call[1]: execution reverted: inconsistent input
2026/06/05 15:42:09 liquidation check borrower 0x1a57a088081e45e68eE3709CE2D6Fe33dD6208E0 usd:1469.5771 for market cbBTC/USDC 0x9103c3b4e834476c9a62ea009ba2c884ee42e94e6e314a26f04d312434191836 hf:0.9995 collateralAsset:0.0284 oraclePrice:600613600000000000000000000000000000000
2026/06/05 15:42:09 [liq] simulation failed for 0x89Bcd9bb756965Eef0275e2899Dc28b6D808AD2a: eth_call failed: dryRun: w3: 2 calls failed:
call[0]: execution reverted: inconsistent input
call[1]: execution reverted: inconsistent input
2026/06/05 15:42:09 liquidation check borrower 0x18f1842604cA6b9E7cF81f5F69E1789Fcf1EcaAB usd:64.5284 for market cbBTC/USDC 0x9103c3b4e834476c9a62ea009ba2c884ee42e94e6e314a26f04d312434191836 hf:0.9996 collateralAsset:0.0012 oraclePrice:600613600000000000000000000000000000000
2026/06/05 15:42:09 [liq] simulation failed for 0x0223306c08172fAEA724Da05c9c11cdF063A75F0: eth_call failed: dryRun: w3: 2 calls failed:
call[0]: execution reverted: inconsistent input
call[1]: execution reverted: inconsistent input
2026/06/05 15:42:09 liquidation check borrower 0x31ACF6Cf71a9deF69395FcEF3c99132e62567A0B usd:13.5376 for market cbBTC/USDC 0x9103c3b4e834476c9a62ea009ba2c884ee42e94e6e314a26f04d312434191836 hf:0.9998 collateralAsset:0.0003 oraclePrice:600613600000000000000000000000000000000
2026/06/05 15:42:09 [liq] simulation failed for 0x1a57a088081e45e68eE3709CE2D6Fe33dD6208E0: eth_call failed: dryRun: w3: 2 calls failed:
call[0]: execution reverted: inconsistent input
call[1]: execution reverted: inconsistent input
2026/06/05 15:42:09 [liq] simulation failed for 0x18f1842604cA6b9E7cF81f5F69E1789Fcf1EcaAB: eth_call failed: dryRun: w3: 2 calls failed:
call[0]: execution reverted: inconsistent input
call[1]: execution reverted: inconsistent input
2026/06/05 15:42:10 [liq] simulation failed for 0x31ACF6Cf71a9deF69395FcEF3c99132e62567A0B: eth_call failed: dryRun: w3: 2 calls failed:
call[0]: execution reverted: inconsistent input
call[1]: execution reverted: inconsistent input
2026/06/05 15:42:40 latency:21ms WETH/USDC Pos: 3452 [1.0-1.1]: 356 [1.1-1.5]: 2006 USD < 10pct from liq: 894701.5132 
2026/06/05 15:43:20 latency:11ms vbETH/vbUSDC Pos: 35 [1.0-1.1]: 5 [1.1-1.5]: 14 USD < 10pct from liq: 6875.2018 
2026/06/05 15:43:33 latency:48ms cbBTC/USDC Pos: 12872 [1.0-1.1]: 1362 [1.1-1.5]: 6958 USD < 10pct from liq: 2704575.5878 
2026/06/05 15:45:00 latency:14ms vbETH/vbUSDC Pos: 35 [1.0-1.1]: 5 [1.1-1.5]: 14 USD < 10pct from liq: 6875.2018 
2026/06/05 15:45:13 latency:60ms cbBTC/USDC Pos: 12872 [1.0-1.1]: 1391 [1.1-1.5]: 6958 USD < 10pct from liq: 2776526.5076 
2026/06/05 15:45:14 latency:24ms WETH/USDC Pos: 3452 [1.0-1.1]: 331 [1.1-1.5]: 2011 USD < 10pct from liq: 826898.7382 
2026/06/05 15:46:40 latency:15ms vbETH/vbUSDC Pos: 35 [1.0-1.1]: 5 [1.1-1.5]: 14 USD < 10pct from liq: 6875.2018 
2026/06/05 15:46:53 latency:65ms cbBTC/USDC Pos: 12872 [1.0-1.1]: 1423 [1.1-1.5]: 6963 USD < 10pct from liq: 2885534.2700 
2026/06/05 15:47:01 latency:28ms WETH/USDC Pos: 3452 [1.0-1.1]: 353 [1.1-1.5]: 2005 USD < 10pct from liq: 890592.0120 
2026/06/05 15:47:27 latency:14ms thBILL/USDC Pos: 69 [1.0-1.1]: 39 [1.1-1.5]: 22 USD < 10pct from liq: 10768.5937 
2026/06/05 15:48:20 latency:12ms vbETH/vbUSDC Pos: 35 [1.0-1.1]: 5 [1.1-1.5]: 14 USD < 10pct from liq: 6875.2018 
2026/06/05 15:48:43 latency:13ms vbWBTC/vbUSDC Pos: 28 [1.0-1.1]: 1 [1.1-1.5]: 13 USD < 10pct from liq: 100.8735 
2026/06/05 15:50:00 latency:13ms vbETH/vbUSDC Pos: 35 [1.0-1.1]: 5 [1.1-1.5]: 14 USD < 10pct from liq: 6875.2018 
2026/06/05 15:51:40 latency:15ms vbETH/vbUSDC Pos: 35 [1.0-1.1]: 5 [1.1-1.5]: 14 USD < 10pct from liq: 6875.2018 
2026/06/05 15:53:20 latency:15ms vbETH/vbUSDC Pos: 35 [1.0-1.1]: 5 [1.1-1.5]: 14 USD < 10pct from liq: 6875.2018 
2026/06/05 15:54:07 latency:13ms thBILL/USDC Pos: 69 [1.0-1.1]: 39 [1.1-1.5]: 22 USD < 10pct from liq: 10768.5937 
2026/06/05 15:54:19 latency:11ms LBTC/cbBTC Pos: 8 [1.0-1.1]: 3 [1.1-1.5]: 3 USD < 10pct from liq: 1372.5353 
2026/06/05 15:54:40 latency:11ms cbETH/USDC Pos: 245 [1.0-1.1]: 23 [1.1-1.5]: 130 USD < 10pct from liq: 28345.9869 
2026/06/05 15:55:00 latency:12ms vbETH/vbUSDC Pos: 35 [1.0-1.1]: 5 [1.1-1.5]: 14 USD < 10pct from liq: 6875.2018 
2026/06/05 15:56:40 latency:12ms vbETH/vbUSDC Pos: 35 [1.0-1.1]: 5 [1.1-1.5]: 14 USD < 10pct from liq: 6875.2018 
2026/06/05 15:58:20 latency:14ms vbETH/vbUSDC Pos: 35 [1.0-1.1]: 5 [1.1-1.5]: 14 USD < 10pct from liq: 6875.2018 
2026/06/05 16:00:00 latency:15ms vbETH/vbUSDC Pos: 35 [1.0-1.1]: 5 [1.1-1.5]: 14 USD < 10pct from liq: 6875.2018 
2026/06/05 16:00:47 latency:268ms thBILL/USDC Pos: 69 [1.0-1.1]: 39 [1.1-1.5]: 22 USD < 10pct from liq: 10768.5937 
2026/06/05 16:01:00 latency:14ms cbETH/USDC Pos: 245 [1.0-1.1]: 23 [1.1-1.5]: 131 USD < 10pct from liq: 28345.9869 
2026/06/05 16:01:40 liquidation check borrower 0x44F8eb1beCA9a6D4dDEDA33Bdef0aBC3F4b0f993 usd:448.7680 for market cbETH/USDC 0x0ca10126f6c94cbd9cf0a48cc9516ae5e3dec5aa68303e6d988ee37c5149bf0d hf:0.9993 collateralAsset:0.3274 oraclePrice:1779350288010000000000000000
2026/06/05 16:01:40 [liq] simulation failed for 0x44F8eb1beCA9a6D4dDEDA33Bdef0aBC3F4b0f993: eth_call failed: dryRun: w3: 2 calls failed:
call[0]: execution reverted: inconsistent input
call[1]: execution reverted: inconsistent input
2026/06/05 16:01:40 latency:11ms vbETH/vbUSDC Pos: 35 [1.0-1.1]: 5 [1.1-1.5]: 14 USD < 10pct from liq: 6875.2018 
2026/06/05 16:01:41 liquidation check borrower 0x44F8eb1beCA9a6D4dDEDA33Bdef0aBC3F4b0f993 usd:448.7680 for market cbETH/USDC 0x0ca10126f6c94cbd9cf0a48cc9516ae5e3dec5aa68303e6d988ee37c5149bf0d hf:0.9993 collateralAsset:0.3274 oraclePrice:1779350288010000000000000000
2026/06/05 16:01:41 [liq] simulation failed for 0x44F8eb1beCA9a6D4dDEDA33Bdef0aBC3F4b0f993: eth_call failed: dryRun: w3: 2 calls failed:
call[0]: execution reverted: inconsistent input
call[1]: execution reverted: inconsistent input
2026/06/05 16:01:42 liquidation check borrower 0x44F8eb1beCA9a6D4dDEDA33Bdef0aBC3F4b0f993 usd:448.7680 for market cbETH/USDC 0x0ca10126f6c94cbd9cf0a48cc9516ae5e3dec5aa68303e6d988ee37c5149bf0d hf:0.9993 collateralAsset:0.3274 oraclePrice:1779350288010000000000000000
2026/06/05 16:01:42 [liq] simulation failed for 0x44F8eb1beCA9a6D4dDEDA33Bdef0aBC3F4b0f993: eth_call failed: dryRun: w3: 2 calls failed:
call[0]: execution reverted: inconsistent input
call[1]: execution reverted: inconsistent input
2026/06/05 16:01:43 liquidation check borrower 0x44F8eb1beCA9a6D4dDEDA33Bdef0aBC3F4b0f993 usd:448.7680 for market cbETH/USDC 0x0ca10126f6c94cbd9cf0a48cc9516ae5e3dec5aa68303e6d988ee37c5149bf0d hf:0.9993 collateralAsset:0.3274 oraclePrice:1779350288010000000000000000
2026/06/05 16:01:43 [liq] simulation failed for 0x44F8eb1beCA9a6D4dDEDA33Bdef0aBC3F4b0f993: eth_call failed: dryRun: w3: 2 calls failed:
call[0]: execution reverted: inconsistent input
call[1]: execution reverted: inconsistent input
2026/06/05 16:01:44 liquidation check borrower 0x44F8eb1beCA9a6D4dDEDA33Bdef0aBC3F4b0f993 usd:448.7680 for market cbETH/USDC 0x0ca10126f6c94cbd9cf0a48cc9516ae5e3dec5aa68303e6d988ee37c5149bf0d hf:0.9993 collateralAsset:0.3274 oraclePrice:1779350288010000000000000000
2026/06/05 16:01:44 [liq] simulation failed for 0x44F8eb1beCA9a6D4dDEDA33Bdef0aBC3F4b0f993: eth_call failed: dryRun: w3: 2 calls failed:
call[0]: execution reverted: inconsistent input
call[1]: execution reverted: inconsistent input
2026/06/05 16:01:45 liquidation check borrower 0x44F8eb1beCA9a6D4dDEDA33Bdef0aBC3F4b0f993 usd:448.7680 for market cbETH/USDC 0x0ca10126f6c94cbd9cf0a48cc9516ae5e3dec5aa68303e6d988ee37c5149bf0d hf:0.9993 collateralAsset:0.3274 oraclePrice:1779350288010000000000000000
2026/06/05 16:01:45 [liq] simulation failed for 0x44F8eb1beCA9a6D4dDEDA33Bdef0aBC3F4b0f993: eth_call failed: dryRun: w3: 2 calls failed:
call[0]: execution reverted: inconsistent input
call[1]: execution reverted: inconsistent input
2026/06/05 16:01:46 liquidation check borrower 0x44F8eb1beCA9a6D4dDEDA33Bdef0aBC3F4b0f993 usd:448.7680 for market cbETH/USDC 0x0ca10126f6c94cbd9cf0a48cc9516ae5e3dec5aa68303e6d988ee37c5149bf0d hf:0.9993 collateralAsset:0.3274 oraclePrice:1779350288010000000000000000
2026/06/05 16:01:46 [liq] simulation failed for 0x44F8eb1beCA9a6D4dDEDA33Bdef0aBC3F4b0f993: eth_call failed: dryRun: w3: 2 calls failed:
call[0]: execution reverted: inconsistent input
call[1]: execution reverted: inconsistent input
2026/06/05 16:01:47 liquidation check borrower 0x44F8eb1beCA9a6D4dDEDA33Bdef0aBC3F4b0f993 usd:448.7680 for market cbETH/USDC 0x0ca10126f6c94cbd9cf0a48cc9516ae5e3dec5aa68303e6d988ee37c5149bf0d hf:0.9993 collateralAsset:0.3274 oraclePrice:1779350288010000000000000000
2026/06/05 16:01:47 [liq] simulation failed for 0x44F8eb1beCA9a6D4dDEDA33Bdef0aBC3F4b0f993: eth_call failed: dryRun: w3: 2 calls failed:
call[0]: execution reverted: inconsistent input
call[1]: execution reverted: inconsistent input
2026/06/05 16:01:48 liquidation check borrower 0x44F8eb1beCA9a6D4dDEDA33Bdef0aBC3F4b0f993 usd:448.7680 for market cbETH/USDC 0x0ca10126f6c94cbd9cf0a48cc9516ae5e3dec5aa68303e6d988ee37c5149bf0d hf:0.9993 collateralAsset:0.3274 oraclePrice:1779350288010000000000000000
2026/06/05 16:01:48 [liq] simulation failed for 0x44F8eb1beCA9a6D4dDEDA33Bdef0aBC3F4b0f993: eth_call failed: dryRun: w3: 2 calls failed:
call[0]: execution reverted: inconsistent input
call[1]: execution reverted: inconsistent input
2026/06/05 16:01:49 liquidation check borrower 0x44F8eb1beCA9a6D4dDEDA33Bdef0aBC3F4b0f993 usd:448.7680 for market cbETH/USDC 0x0ca10126f6c94cbd9cf0a48cc9516ae5e3dec5aa68303e6d988ee37c5149bf0d hf:0.9993 collateralAsset:0.3274 oraclePrice:1779350288010000000000000000
2026/06/05 16:01:49 [liq] simulation failed for 0x44F8eb1beCA9a6D4dDEDA33Bdef0aBC3F4b0f993: eth_call failed: dryRun: w3: 2 calls failed:
call[0]: execution reverted: inconsistent input
call[1]: execution reverted: inconsistent input
2026/06/05 16:03:00 latency:15ms cbETH/USDC Pos: 245 [1.0-1.1]: 25 [1.1-1.5]: 132 USD < 10pct from liq: 38453.3840 
2026/06/05 16:03:20 latency:11ms vbETH/vbUSDC Pos: 35 [1.0-1.1]: 5 [1.1-1.5]: 14 USD < 10pct from liq: 6875.2018 
2026/06/05 16:04:40 latency:11ms cbETH/USDC Pos: 245 [1.0-1.1]: 24 [1.1-1.5]: 133 USD < 10pct from liq: 28572.4730 
2026/06/05 16:05:00 latency:15ms vbETH/vbUSDC Pos: 35 [1.0-1.1]: 5 [1.1-1.5]: 14 USD < 10pct from liq: 6875.2018 
2026/06/05 16:06:20 latency:14ms cbETH/USDC Pos: 245 [1.0-1.1]: 26 [1.1-1.5]: 132 USD < 10pct from liq: 39149.3108 
2026/06/05 16:06:40 latency:17ms vbETH/vbUSDC Pos: 35 [1.0-1.1]: 5 [1.1-1.5]: 14 USD < 10pct from liq: 6875.2018 
2026/06/05 16:07:27 latency:14ms thBILL/USDC Pos: 69 [1.0-1.1]: 39 [1.1-1.5]: 22 USD < 10pct from liq: 10768.5937 
2026/06/05 16:08:20 latency:14ms vbETH/vbUSDC Pos: 35 [1.0-1.1]: 5 [1.1-1.5]: 14 USD < 10pct from liq: 6875.2018 
2026/06/05 16:08:30 latency:14ms cbETH/USDC Pos: 245 [1.0-1.1]: 25 [1.1-1.5]: 132 USD < 10pct from liq: 38453.3840 
2026/06/05 16:08:43 liquidation check borrower 0x9ED55aA332F25987A1dAAb83836164C4625732D7 usd:75.5807 for market cbETH/USDC 0x0ca10126f6c94cbd9cf0a48cc9516ae5e3dec5aa68303e6d988ee37c5149bf0d hf:0.9999 collateralAsset:0.0553 oraclePrice:1774903156100000000000000000
2026/06/05 16:08:43 [liq] simulation failed for 0x9ED55aA332F25987A1dAAb83836164C4625732D7: eth_call failed: dryRun: w3: 2 calls failed:
call[0]: execution reverted: inconsistent input
call[1]: execution reverted: inconsistent input
2026/06/05 16:08:44 liquidation check borrower 0x9ED55aA332F25987A1dAAb83836164C4625732D7 usd:75.5807 for market cbETH/USDC 0x0ca10126f6c94cbd9cf0a48cc9516ae5e3dec5aa68303e6d988ee37c5149bf0d hf:0.9999 collateralAsset:0.0553 oraclePrice:1774903156100000000000000000
2026/06/05 16:08:44 [liq] simulation failed for 0x9ED55aA332F25987A1dAAb83836164C4625732D7: eth_call failed: dryRun: w3: 2 calls failed:
call[0]: execution reverted: inconsistent input
call[1]: execution reverted: inconsistent input
2026/06/05 16:08:45 liquidation check borrower 0x9ED55aA332F25987A1dAAb83836164C4625732D7 usd:75.5807 for market cbETH/USDC 0x0ca10126f6c94cbd9cf0a48cc9516ae5e3dec5aa68303e6d988ee37c5149bf0d hf:0.9999 collateralAsset:0.0553 oraclePrice:1774903156100000000000000000
2026/06/05 16:08:45 [liq] simulation failed for 0x9ED55aA332F25987A1dAAb83836164C4625732D7: eth_call failed: dryRun: w3: 2 calls failed:
call[0]: execution reverted: inconsistent input
call[1]: execution reverted: inconsistent input
2026/06/05 16:08:46 liquidation check borrower 0x9ED55aA332F25987A1dAAb83836164C4625732D7 usd:75.5807 for market cbETH/USDC 0x0ca10126f6c94cbd9cf0a48cc9516ae5e3dec5aa68303e6d988ee37c5149bf0d hf:0.9999 collateralAsset:0.0553 oraclePrice:1774903156100000000000000000
2026/06/05 16:08:46 [liq] simulation failed for 0x9ED55aA332F25987A1dAAb83836164C4625732D7: eth_call failed: dryRun: w3: 2 calls failed:
call[0]: execution reverted: inconsistent input
call[1]: execution reverted: inconsistent input
2026/06/05 16:08:47 liquidation check borrower 0x9ED55aA332F25987A1dAAb83836164C4625732D7 usd:75.5807 for market cbETH/USDC 0x0ca10126f6c94cbd9cf0a48cc9516ae5e3dec5aa68303e6d988ee37c5149bf0d hf:0.9999 collateralAsset:0.0553 oraclePrice:1774903156100000000000000000
2026/06/05 16:08:47 [liq] simulation failed for 0x9ED55aA332F25987A1dAAb83836164C4625732D7: eth_call failed: dryRun: w3: 2 calls failed:
call[0]: execution reverted: inconsistent input
call[1]: execution reverted: inconsistent input
2026/06/05 16:08:48 liquidation check borrower 0x9ED55aA332F25987A1dAAb83836164C4625732D7 usd:75.5807 for market cbETH/USDC 0x0ca10126f6c94cbd9cf0a48cc9516ae5e3dec5aa68303e6d988ee37c5149bf0d hf:0.9999 collateralAsset:0.0553 oraclePrice:1774903156100000000000000000
2026/06/05 16:08:48 [liq] simulation failed for 0x9ED55aA332F25987A1dAAb83836164C4625732D7: eth_call failed: dryRun: w3: 2 calls failed:
call[0]: execution reverted: inconsistent input
call[1]: execution reverted: inconsistent input
2026/06/05 16:08:49 liquidation check borrower 0x9ED55aA332F25987A1dAAb83836164C4625732D7 usd:75.5807 for market cbETH/USDC 0x0ca10126f6c94cbd9cf0a48cc9516ae5e3dec5aa68303e6d988ee37c5149bf0d hf:0.9999 collateralAsset:0.0553 oraclePrice:1774903156100000000000000000
2026/06/05 16:08:49 [liq] simulation failed for 0x9ED55aA332F25987A1dAAb83836164C4625732D7: eth_call failed: dryRun: w3: 2 calls failed:
call[0]: execution reverted: inconsistent input
call[1]: execution reverted: inconsistent input
2026/06/05 16:08:50 liquidation check borrower 0x9ED55aA332F25987A1dAAb83836164C4625732D7 usd:75.5807 for market cbETH/USDC 0x0ca10126f6c94cbd9cf0a48cc9516ae5e3dec5aa68303e6d988ee37c5149bf0d hf:0.9999 collateralAsset:0.0553 oraclePrice:1774903156100000000000000000
2026/06/05 16:08:50 [liq] simulation failed for 0x9ED55aA332F25987A1dAAb83836164C4625732D7: eth_call failed: dryRun: w3: 2 calls failed:
call[0]: execution reverted: inconsistent input
call[1]: execution reverted: inconsistent input
2026/06/05 16:08:51 liquidation check borrower 0x9ED55aA332F25987A1dAAb83836164C4625732D7 usd:75.5807 for market cbETH/USDC 0x0ca10126f6c94cbd9cf0a48cc9516ae5e3dec5aa68303e6d988ee37c5149bf0d hf:0.9999 collateralAsset:0.0553 oraclePrice:1774903156100000000000000000
2026/06/05 16:08:51 [liq] simulation failed for 0x9ED55aA332F25987A1dAAb83836164C4625732D7: eth_call failed: dryRun: w3: 2 calls failed:
call[0]: execution reverted: inconsistent input
call[1]: execution reverted: inconsistent input
2026/06/05 16:08:52 liquidation check borrower 0x9ED55aA332F25987A1dAAb83836164C4625732D7 usd:75.5807 for market cbETH/USDC 0x0ca10126f6c94cbd9cf0a48cc9516ae5e3dec5aa68303e6d988ee37c5149bf0d hf:0.9999 collateralAsset:0.0553 oraclePrice:1774903156100000000000000000
2026/06/05 16:08:52 [liq] simulation failed for 0x9ED55aA332F25987A1dAAb83836164C4625732D7: eth_call failed: dryRun: w3: 2 calls failed:
call[0]: execution reverted: inconsistent input
call[1]: execution reverted: inconsistent input
2026/06/05 16:09:44 latency:18ms WBTC/USDC Pos: 110 [1.0-1.1]: 7 [1.1-1.5]: 41 USD < 10pct from liq: 8736.8168 
2026/06/05 16:10:00 latency:16ms vbETH/vbUSDC Pos: 35 [1.0-1.1]: 6 [1.1-1.5]: 14 USD < 10pct from liq: 10001.3546 
2026/06/05 16:10:10 latency:13ms cbETH/USDC Pos: 245 [1.0-1.1]: 26 [1.1-1.5]: 134 USD < 10pct from liq: 39149.3108 
2026/06/05 16:10:40 liquidation check borrower 0xE9aD68ED834702c698b42b36Fe4039A239e9B33C usd:127.8504 for market cbETH/USDC 0x0ca10126f6c94cbd9cf0a48cc9516ae5e3dec5aa68303e6d988ee37c5149bf0d hf:0.9963 collateralAsset:0.0937 oraclePrice:1766436011690000000000000000
2026/06/05 16:10:40 liquidation check borrower 0xEc7EA2E76acDC71A4e03321C2025B25812Ab2e45 usd:1214.1713 for market cbETH/USDC 0x0ca10126f6c94cbd9cf0a48cc9516ae5e3dec5aa68303e6d988ee37c5149bf0d hf:0.9984 collateralAsset:0.8915 oraclePrice:1766436011690000000000000000
2026/06/05 16:10:40 liquidation check borrower 0x8f0C140C96dB630bba0C097d8D1665d62c03c5b7 usd:6.1734 for market cbETH/USDC 0x0ca10126f6c94cbd9cf0a48cc9516ae5e3dec5aa68303e6d988ee37c5149bf0d hf:0.9995 collateralAsset:0.0045 oraclePrice:1766436011690000000000000000
2026/06/05 16:10:40 [liq] simulation failed for 0xE9aD68ED834702c698b42b36Fe4039A239e9B33C: eth_call failed: dryRun: w3: 2 calls failed:
call[0]: execution reverted: inconsistent input
call[1]: execution reverted: inconsistent input
2026/06/05 16:10:40 [liq] simulation failed for 0xEc7EA2E76acDC71A4e03321C2025B25812Ab2e45: eth_call failed: dryRun: w3: 2 calls failed:
call[0]: execution reverted: inconsistent input
call[1]: execution reverted: inconsistent input
2026/06/05 16:10:40 [liq] simulation failed for 0x8f0C140C96dB630bba0C097d8D1665d62c03c5b7: eth_call failed: dryRun: w3: 2 calls failed:
call[0]: execution reverted: inconsistent input
call[1]: execution reverted: inconsistent input
2026/06/05 16:10:41 liquidation check borrower 0xE9aD68ED834702c698b42b36Fe4039A239e9B33C usd:127.8504 for market cbETH/USDC 0x0ca10126f6c94cbd9cf0a48cc9516ae5e3dec5aa68303e6d988ee37c5149bf0d hf:0.9963 collateralAsset:0.0937 oraclePrice:1766436011690000000000000000
2026/06/05 16:10:41 liquidation check borrower 0xEc7EA2E76acDC71A4e03321C2025B25812Ab2e45 usd:1214.1713 for market cbETH/USDC 0x0ca10126f6c94cbd9cf0a48cc9516ae5e3dec5aa68303e6d988ee37c5149bf0d hf:0.9984 collateralAsset:0.8915 oraclePrice:1766436011690000000000000000
2026/06/05 16:10:41 liquidation check borrower 0x8f0C140C96dB630bba0C097d8D1665d62c03c5b7 usd:6.1734 for market cbETH/USDC 0x0ca10126f6c94cbd9cf0a48cc9516ae5e3dec5aa68303e6d988ee37c5149bf0d hf:0.9995 collateralAsset:0.0045 oraclePrice:1766436011690000000000000000
2026/06/05 16:10:41 [liq] simulation failed for 0xE9aD68ED834702c698b42b36Fe4039A239e9B33C: eth_call failed: dryRun: w3: 2 calls failed:
call[0]: execution reverted: inconsistent input
call[1]: execution reverted: inconsistent input
2026/06/05 16:10:41 [liq] simulation failed for 0xEc7EA2E76acDC71A4e03321C2025B25812Ab2e45: eth_call failed: dryRun: w3: 2 calls failed:
call[0]: execution reverted: inconsistent input
call[1]: execution reverted: inconsistent input
2026/06/05 16:10:41 [liq] simulation failed for 0x8f0C140C96dB630bba0C097d8D1665d62c03c5b7: eth_call failed: dryRun: w3: 2 calls failed:
call[0]: execution reverted: inconsistent input
call[1]: execution reverted: inconsistent input
2026/06/05 16:10:42 liquidation check borrower 0xE9aD68ED834702c698b42b36Fe4039A239e9B33C usd:127.8504 for market cbETH/USDC 0x0ca10126f6c94cbd9cf0a48cc9516ae5e3dec5aa68303e6d988ee37c5149bf0d hf:0.9963 collateralAsset:0.0937 oraclePrice:1766436011690000000000000000
2026/06/05 16:10:42 liquidation check borrower 0xEc7EA2E76acDC71A4e03321C2025B25812Ab2e45 usd:1214.1713 for market cbETH/USDC 0x0ca10126f6c94cbd9cf0a48cc9516ae5e3dec5aa68303e6d988ee37c5149bf0d hf:0.9984 collateralAsset:0.8915 oraclePrice:1766436011690000000000000000
2026/06/05 16:10:42 liquidation check borrower 0x8f0C140C96dB630bba0C097d8D1665d62c03c5b7 usd:6.1734 for market cbETH/USDC 0x0ca10126f6c94cbd9cf0a48cc9516ae5e3dec5aa68303e6d988ee37c5149bf0d hf:0.9995 collateralAsset:0.0045 oraclePrice:1766436011690000000000000000
2026/06/05 16:10:42 [liq] simulation failed for 0xE9aD68ED834702c698b42b36Fe4039A239e9B33C: eth_call failed: dryRun: w3: 2 calls failed:
call[0]: execution reverted: inconsistent input
call[1]: execution reverted: inconsistent input
2026/06/05 16:10:42 [liq] simulation failed for 0xEc7EA2E76acDC71A4e03321C2025B25812Ab2e45: eth_call failed: dryRun: w3: 2 calls failed:
call[0]: execution reverted: inconsistent input
call[1]: execution reverted: inconsistent input
2026/06/05 16:10:42 [liq] simulation failed for 0x8f0C140C96dB630bba0C097d8D1665d62c03c5b7: eth_call failed: dryRun: w3: 2 calls failed:
call[0]: execution reverted: inconsistent input
call[1]: execution reverted: inconsistent input
2026/06/05 16:10:43 liquidation check borrower 0xE9aD68ED834702c698b42b36Fe4039A239e9B33C usd:127.8504 for market cbETH/USDC 0x0ca10126f6c94cbd9cf0a48cc9516ae5e3dec5aa68303e6d988ee37c5149bf0d hf:0.9963 collateralAsset:0.0937 oraclePrice:1766436011690000000000000000
2026/06/05 16:10:43 liquidation check borrower 0xEc7EA2E76acDC71A4e03321C2025B25812Ab2e45 usd:1214.1713 for market cbETH/USDC 0x0ca10126f6c94cbd9cf0a48cc9516ae5e3dec5aa68303e6d988ee37c5149bf0d hf:0.9984 collateralAsset:0.8915 oraclePrice:1766436011690000000000000000
2026/06/05 16:10:43 liquidation check borrower 0x8f0C140C96dB630bba0C097d8D1665d62c03c5b7 usd:6.1734 for market cbETH/USDC 0x0ca10126f6c94cbd9cf0a48cc9516ae5e3dec5aa68303e6d988ee37c5149bf0d hf:0.9995 collateralAsset:0.0045 oraclePrice:1766436011690000000000000000
2026/06/05 16:10:43 [liq] simulation failed for 0xE9aD68ED834702c698b42b36Fe4039A239e9B33C: eth_call failed: dryRun: w3: 2 calls failed:
call[0]: execution reverted: inconsistent input
call[1]: execution reverted: inconsistent input
2026/06/05 16:10:43 [liq] simulation failed for 0xEc7EA2E76acDC71A4e03321C2025B25812Ab2e45: eth_call failed: dryRun: w3: 2 calls failed:
call[0]: execution reverted: inconsistent input
call[1]: execution reverted: inconsistent input
2026/06/05 16:10:43 [liq] simulation failed for 0x8f0C140C96dB630bba0C097d8D1665d62c03c5b7: eth_call failed: dryRun: w3: 2 calls failed:
call[0]: execution reverted: inconsistent input
call[1]: execution reverted: inconsistent input
2026/06/05 16:10:44 liquidation check borrower 0xE9aD68ED834702c698b42b36Fe4039A239e9B33C usd:127.8504 for market cbETH/USDC 0x0ca10126f6c94cbd9cf0a48cc9516ae5e3dec5aa68303e6d988ee37c5149bf0d hf:0.9963 collateralAsset:0.0937 oraclePrice:1766436011690000000000000000
2026/06/05 16:10:44 liquidation check borrower 0xEc7EA2E76acDC71A4e03321C2025B25812Ab2e45 usd:1214.1713 for market cbETH/USDC 0x0ca10126f6c94cbd9cf0a48cc9516ae5e3dec5aa68303e6d988ee37c5149bf0d hf:0.9984 collateralAsset:0.8915 oraclePrice:1766436011690000000000000000
2026/06/05 16:10:44 liquidation check borrower 0x8f0C140C96dB630bba0C097d8D1665d62c03c5b7 usd:6.1734 for market cbETH/USDC 0x0ca10126f6c94cbd9cf0a48cc9516ae5e3dec5aa68303e6d988ee37c5149bf0d hf:0.9995 collateralAsset:0.0045 oraclePrice:1766436011690000000000000000
2026/06/05 16:10:44 [liq] simulation failed for 0xE9aD68ED834702c698b42b36Fe4039A239e9B33C: eth_call failed: dryRun: w3: 2 calls failed:
call[0]: execution reverted: inconsistent input
call[1]: execution reverted: inconsistent input
2026/06/05 16:10:44 [liq] simulation failed for 0xEc7EA2E76acDC71A4e03321C2025B25812Ab2e45: eth_call failed: dryRun: w3: 2 calls failed:
call[0]: execution reverted: inconsistent input
call[1]: execution reverted: inconsistent input
2026/06/05 16:10:44 [liq] simulation failed for 0x8f0C140C96dB630bba0C097d8D1665d62c03c5b7: eth_call failed: dryRun: w3: 2 calls failed:
call[0]: execution reverted: inconsistent input
call[1]: execution reverted: inconsistent input
2026/06/05 16:10:45 liquidation check borrower 0xE9aD68ED834702c698b42b36Fe4039A239e9B33C usd:127.8504 for market cbETH/USDC 0x0ca10126f6c94cbd9cf0a48cc9516ae5e3dec5aa68303e6d988ee37c5149bf0d hf:0.9963 collateralAsset:0.0937 oraclePrice:1766436011690000000000000000
2026/06/05 16:10:45 liquidation check borrower 0xEc7EA2E76acDC71A4e03321C2025B25812Ab2e45 usd:1214.1713 for market cbETH/USDC 0x0ca10126f6c94cbd9cf0a48cc9516ae5e3dec5aa68303e6d988ee37c5149bf0d hf:0.9984 collateralAsset:0.8915 oraclePrice:1766436011690000000000000000
2026/06/05 16:10:45 liquidation check borrower 0x8f0C140C96dB630bba0C097d8D1665d62c03c5b7 usd:6.1734 for market cbETH/USDC 0x0ca10126f6c94cbd9cf0a48cc9516ae5e3dec5aa68303e6d988ee37c5149bf0d hf:0.9995 collateralAsset:0.0045 oraclePrice:1766436011690000000000000000
2026/06/05 16:10:45 [liq] simulation failed for 0xE9aD68ED834702c698b42b36Fe4039A239e9B33C: eth_call failed: dryRun: w3: 2 calls failed:
call[0]: execution reverted: inconsistent input
call[1]: execution reverted: inconsistent input
2026/06/05 16:10:45 [liq] simulation failed for 0xEc7EA2E76acDC71A4e03321C2025B25812Ab2e45: eth_call failed: dryRun: w3: 2 calls failed:
call[0]: execution reverted: inconsistent input
call[1]: execution reverted: inconsistent input
2026/06/05 16:10:45 [liq] simulation failed for 0x8f0C140C96dB630bba0C097d8D1665d62c03c5b7: eth_call failed: dryRun: w3: 2 calls failed:
call[0]: execution reverted: inconsistent input
call[1]: execution reverted: inconsistent input
2026/06/05 16:10:46 liquidation check borrower 0xE9aD68ED834702c698b42b36Fe4039A239e9B33C usd:127.8504 for market cbETH/USDC 0x0ca10126f6c94cbd9cf0a48cc9516ae5e3dec5aa68303e6d988ee37c5149bf0d hf:0.9963 collateralAsset:0.0937 oraclePrice:1766436011690000000000000000
2026/06/05 16:10:46 liquidation check borrower 0xEc7EA2E76acDC71A4e03321C2025B25812Ab2e45 usd:1214.1713 for market cbETH/USDC 0x0ca10126f6c94cbd9cf0a48cc9516ae5e3dec5aa68303e6d988ee37c5149bf0d hf:0.9984 collateralAsset:0.8915 oraclePrice:1766436011690000000000000000
2026/06/05 16:10:46 liquidation check borrower 0x8f0C140C96dB630bba0C097d8D1665d62c03c5b7 usd:6.1734 for market cbETH/USDC 0x0ca10126f6c94cbd9cf0a48cc9516ae5e3dec5aa68303e6d988ee37c5149bf0d hf:0.9995 collateralAsset:0.0045 oraclePrice:1766436011690000000000000000
2026/06/05 16:10:46 [liq] simulation failed for 0xE9aD68ED834702c698b42b36Fe4039A239e9B33C: eth_call failed: dryRun: w3: 2 calls failed:
call[0]: execution reverted: inconsistent input
call[1]: execution reverted: inconsistent input
2026/06/05 16:10:46 [liq] simulation failed for 0xEc7EA2E76acDC71A4e03321C2025B25812Ab2e45: eth_call failed: dryRun: w3: 2 calls failed:
call[0]: execution reverted: inconsistent input
call[1]: execution reverted: inconsistent input
2026/06/05 16:10:46 [liq] simulation failed for 0x8f0C140C96dB630bba0C097d8D1665d62c03c5b7: eth_call failed: dryRun: w3: 2 calls failed:
call[0]: execution reverted: inconsistent input
call[1]: execution reverted: inconsistent input
2026/06/05 16:10:47 liquidation check borrower 0xE9aD68ED834702c698b42b36Fe4039A239e9B33C usd:127.8504 for market cbETH/USDC 0x0ca10126f6c94cbd9cf0a48cc9516ae5e3dec5aa68303e6d988ee37c5149bf0d hf:0.9963 collateralAsset:0.0937 oraclePrice:1766436011690000000000000000
2026/06/05 16:10:47 liquidation check borrower 0xEc7EA2E76acDC71A4e03321C2025B25812Ab2e45 usd:1214.1713 for market cbETH/USDC 0x0ca10126f6c94cbd9cf0a48cc9516ae5e3dec5aa68303e6d988ee37c5149bf0d hf:0.9984 collateralAsset:0.8915 oraclePrice:1766436011690000000000000000
2026/06/05 16:10:47 liquidation check borrower 0x8f0C140C96dB630bba0C097d8D1665d62c03c5b7 usd:6.1734 for market cbETH/USDC 0x0ca10126f6c94cbd9cf0a48cc9516ae5e3dec5aa68303e6d988ee37c5149bf0d hf:0.9995 collateralAsset:0.0045 oraclePrice:1766436011690000000000000000
2026/06/05 16:10:47 [liq] simulation failed for 0xE9aD68ED834702c698b42b36Fe4039A239e9B33C: eth_call failed: dryRun: w3: 2 calls failed:
call[0]: execution reverted: inconsistent input
call[1]: execution reverted: inconsistent input
2026/06/05 16:10:47 [liq] simulation failed for 0xEc7EA2E76acDC71A4e03321C2025B25812Ab2e45: eth_call failed: dryRun: w3: 2 calls failed:
call[0]: execution reverted: inconsistent input
call[1]: execution reverted: inconsistent input
2026/06/05 16:10:47 [liq] simulation failed for 0x8f0C140C96dB630bba0C097d8D1665d62c03c5b7: eth_call failed: dryRun: w3: 2 calls failed:
call[0]: execution reverted: inconsistent input
call[1]: execution reverted: inconsistent input
2026/06/05 16:10:48 liquidation check borrower 0xE9aD68ED834702c698b42b36Fe4039A239e9B33C usd:127.8504 for market cbETH/USDC 0x0ca10126f6c94cbd9cf0a48cc9516ae5e3dec5aa68303e6d988ee37c5149bf0d hf:0.9963 collateralAsset:0.0937 oraclePrice:1766436011690000000000000000
2026/06/05 16:10:48 liquidation check borrower 0xEc7EA2E76acDC71A4e03321C2025B25812Ab2e45 usd:1214.1713 for market cbETH/USDC 0x0ca10126f6c94cbd9cf0a48cc9516ae5e3dec5aa68303e6d988ee37c5149bf0d hf:0.9984 collateralAsset:0.8915 oraclePrice:1766436011690000000000000000
2026/06/05 16:10:48 liquidation check borrower 0x8f0C140C96dB630bba0C097d8D1665d62c03c5b7 usd:6.1734 for market cbETH/USDC 0x0ca10126f6c94cbd9cf0a48cc9516ae5e3dec5aa68303e6d988ee37c5149bf0d hf:0.9995 collateralAsset:0.0045 oraclePrice:1766436011690000000000000000
2026/06/05 16:10:48 [liq] simulation failed for 0xE9aD68ED834702c698b42b36Fe4039A239e9B33C: eth_call failed: dryRun: w3: 2 calls failed:
call[0]: execution reverted: inconsistent input
call[1]: execution reverted: inconsistent input
2026/06/05 16:10:48 [liq] simulation failed for 0xEc7EA2E76acDC71A4e03321C2025B25812Ab2e45: eth_call failed: dryRun: w3: 2 calls failed:
call[0]: execution reverted: inconsistent input
call[1]: execution reverted: inconsistent input
2026/06/05 16:10:48 [liq] simulation failed for 0x8f0C140C96dB630bba0C097d8D1665d62c03c5b7: eth_call failed: dryRun: w3: 2 calls failed:
call[0]: execution reverted: inconsistent input
call[1]: execution reverted: inconsistent input
2026/06/05 16:10:49 liquidation check borrower 0xE9aD68ED834702c698b42b36Fe4039A239e9B33C usd:127.8504 for market cbETH/USDC 0x0ca10126f6c94cbd9cf0a48cc9516ae5e3dec5aa68303e6d988ee37c5149bf0d hf:0.9963 collateralAsset:0.0937 oraclePrice:1766436011690000000000000000
2026/06/05 16:10:49 liquidation check borrower 0xEc7EA2E76acDC71A4e03321C2025B25812Ab2e45 usd:1214.1713 for market cbETH/USDC 0x0ca10126f6c94cbd9cf0a48cc9516ae5e3dec5aa68303e6d988ee37c5149bf0d hf:0.9984 collateralAsset:0.8915 oraclePrice:1766436011690000000000000000
2026/06/05 16:10:49 liquidation check borrower 0x8f0C140C96dB630bba0C097d8D1665d62c03c5b7 usd:6.1734 for market cbETH/USDC 0x0ca10126f6c94cbd9cf0a48cc9516ae5e3dec5aa68303e6d988ee37c5149bf0d hf:0.9995 collateralAsset:0.0045 oraclePrice:1766436011690000000000000000
2026/06/05 16:10:49 [liq] simulation failed for 0xE9aD68ED834702c698b42b36Fe4039A239e9B33C: eth_call failed: dryRun: w3: 2 calls failed:
call[0]: execution reverted: inconsistent input
call[1]: execution reverted: inconsistent input
2026/06/05 16:10:49 [liq] simulation failed for 0xEc7EA2E76acDC71A4e03321C2025B25812Ab2e45: eth_call failed: dryRun: w3: 2 calls failed:
call[0]: execution reverted: inconsistent input
call[1]: execution reverted: inconsistent input
2026/06/05 16:10:49 [liq] simulation failed for 0x8f0C140C96dB630bba0C097d8D1665d62c03c5b7: eth_call failed: dryRun: w3: 2 calls failed:
call[0]: execution reverted: inconsistent input
call[1]: execution reverted: inconsistent input
2026/06/05 16:10:59 latency:21ms LBTC/cbBTC Pos: 8 [1.0-1.1]: 3 [1.1-1.5]: 3 USD < 10pct from liq: 1372.5353 
2026/06/05 16:11:40 latency:15ms vbETH/vbUSDC Pos: 35 [1.0-1.1]: 6 [1.1-1.5]: 14 USD < 10pct from liq: 10001.3546 
2026/06/05 16:11:50 latency:16ms cbETH/USDC Pos: 245 [1.0-1.1]: 27 [1.1-1.5]: 137 USD < 10pct from liq: 39298.3861 
2026/06/05 16:13:20 latency:17ms vbETH/vbUSDC Pos: 35 [1.0-1.1]: 6 [1.1-1.5]: 13 USD < 10pct from liq: 10001.3546 
2026/06/05 16:13:30 latency:13ms cbETH/USDC Pos: 245 [1.0-1.1]: 26 [1.1-1.5]: 137 USD < 10pct from liq: 39149.3108 
2026/06/05 16:14:07 latency:15ms thBILL/USDC Pos: 69 [1.0-1.1]: 39 [1.1-1.5]: 22 USD < 10pct from liq: 10766.6538 
2026/06/05 16:15:00 latency:16ms vbETH/vbUSDC Pos: 35 [1.0-1.1]: 5 [1.1-1.5]: 14 USD < 10pct from liq: 6875.2018 
2026/06/05 16:16:40 latency:15ms vbETH/vbUSDC Pos: 35 [1.0-1.1]: 5 [1.1-1.5]: 14 USD < 10pct from liq: 6875.2018 
2026/06/05 16:17:28 latency:12ms cbETH/USDC Pos: 245 [1.0-1.1]: 21 [1.1-1.5]: 127 USD < 10pct from liq: 23567.8233 
2026/06/05 16:18:20 latency:14ms vbETH/vbUSDC Pos: 35 [1.0-1.1]: 5 [1.1-1.5]: 14 USD < 10pct from liq: 6875.2018 
2026/06/05 16:20:00 latency:15ms vbETH/vbUSDC Pos: 35 [1.0-1.1]: 4 [1.1-1.5]: 15 USD < 10pct from liq: 6375.7289 
2026/06/05 16:20:47 latency:12ms thBILL/USDC Pos: 69 [1.0-1.1]: 39 [1.1-1.5]: 22 USD < 10pct from liq: 10766.6538 
2026/06/05 16:21:40 latency:16ms vbETH/vbUSDC Pos: 35 [1.0-1.1]: 5 [1.1-1.5]: 14 USD < 10pct from liq: 6875.2018 
2026/06/05 16:23:20 latency:14ms vbETH/vbUSDC Pos: 35 [1.0-1.1]: 5 [1.1-1.5]: 14 USD < 10pct from liq: 6875.2018 
2026/06/05 16:25:00 latency:14ms vbETH/vbUSDC Pos: 35 [1.0-1.1]: 5 [1.1-1.5]: 14 USD < 10pct from liq: 6875.2018 
2026/06/05 16:26:40 latency:12ms vbETH/vbUSDC Pos: 35 [1.0-1.1]: 5 [1.1-1.5]: 14 USD < 10pct from liq: 6875.2018 
2026/06/05 16:27:27 latency:14ms thBILL/USDC Pos: 69 [1.0-1.1]: 39 [1.1-1.5]: 22 USD < 10pct from liq: 10766.6538 
2026/06/05 16:27:39 latency:17ms LBTC/cbBTC Pos: 8 [1.0-1.1]: 3 [1.1-1.5]: 3 USD < 10pct from liq: 1368.0165 
2026/06/05 16:28:20 latency:13ms vbETH/vbUSDC Pos: 35 [1.0-1.1]: 5 [1.1-1.5]: 14 USD < 10pct from liq: 6875.2018 
2026/06/05 16:30:00 latency:12ms vbETH/vbUSDC Pos: 35 [1.0-1.1]: 5 [1.1-1.5]: 14 USD < 10pct from liq: 6875.2018 
2026/06/05 16:31:40 latency:15ms vbETH/vbUSDC Pos: 35 [1.0-1.1]: 5 [1.1-1.5]: 14 USD < 10pct from liq: 6875.2018 
2026/06/05 16:33:20 latency:16ms vbETH/vbUSDC Pos: 35 [1.0-1.1]: 5 [1.1-1.5]: 14 USD < 10pct from liq: 6875.2018 
2026/06/05 16:34:07 latency:13ms thBILL/USDC Pos: 69 [1.0-1.1]: 39 [1.1-1.5]: 22 USD < 10pct from liq: 10766.6538 
2026/06/05 16:35:00 latency:22ms vbETH/vbUSDC Pos: 35 [1.0-1.1]: 5 [1.1-1.5]: 14 USD < 10pct from liq: 6875.2018 
2026/06/05 16:36:40 latency:15ms vbETH/vbUSDC Pos: 35 [1.0-1.1]: 5 [1.1-1.5]: 14 USD < 10pct from liq: 6875.2018 
2026/06/05 16:38:07 [connector] subscription error: subscription queue overflow — reconnecting
2026/06/05 16:38:07 [connector] reconnecting WS to wss://base-mainnet.g.alchemy.com/v2/Mlxp8XP1CTinPlLxCV96f
2026/06/05 16:38:07 [connector] WS reconnected
2026/06/05 16:38:07 [connector] subscribed to logs
2026/06/05 16:38:20 latency:14ms vbETH/vbUSDC Pos: 35 [1.0-1.1]: 5 [1.1-1.5]: 14 USD < 10pct from liq: 6875.2018 
2026/06/05 16:40:00 latency:20ms vbETH/vbUSDC Pos: 35 [1.0-1.1]: 5 [1.1-1.5]: 14 USD < 10pct from liq: 6875.2018 
2026/06/05 16:40:47 latency:13ms thBILL/USDC Pos: 69 [1.0-1.1]: 39 [1.1-1.5]: 22 USD < 10pct from liq: 10766.6538 
2026/06/05 16:41:40 latency:13ms vbETH/vbUSDC Pos: 35 [1.0-1.1]: 5 [1.1-1.5]: 14 USD < 10pct from liq: 6875.2018 
2026/06/05 16:43:20 latency:11ms vbETH/vbUSDC Pos: 35 [1.0-1.1]: 5 [1.1-1.5]: 14 USD < 10pct from liq: 6875.2018 
2026/06/05 16:44:19 latency:16ms LBTC/cbBTC Pos: 8 [1.0-1.1]: 3 [1.1-1.5]: 3 USD < 10pct from liq: 1368.0165 
2026/06/05 16:45:00 latency:15ms vbETH/vbUSDC Pos: 35 [1.0-1.1]: 5 [1.1-1.5]: 14 USD < 10pct from liq: 6875.2018 
2026/06/05 16:46:40 latency:14ms vbETH/vbUSDC Pos: 35 [1.0-1.1]: 5 [1.1-1.5]: 14 USD < 10pct from liq: 6875.2018 
2026/06/05 16:47:27 latency:19ms thBILL/USDC Pos: 69 [1.0-1.1]: 39 [1.1-1.5]: 22 USD < 10pct from liq: 10768.4835 
2026/06/05 16:48:20 latency:19ms vbETH/vbUSDC Pos: 35 [1.0-1.1]: 5 [1.1-1.5]: 14 USD < 10pct from liq: 6875.2018 
2026/06/05 16:50:00 latency:17ms vbETH/vbUSDC Pos: 35 [1.0-1.1]: 5 [1.1-1.5]: 14 USD < 10pct from liq: 6875.2018 
2026/06/05 16:51:40 latency:13ms vbETH/vbUSDC Pos: 35 [1.0-1.1]: 5 [1.1-1.5]: 14 USD < 10pct from liq: 6875.2018 
2026/06/05 16:53:20 latency:12ms vbETH/vbUSDC Pos: 35 [1.0-1.1]: 4 [1.1-1.5]: 15 USD < 10pct from liq: 6375.7289 
2026/06/05 16:54:07 latency:21ms thBILL/USDC Pos: 69 [1.0-1.1]: 39 [1.1-1.5]: 22 USD < 10pct from liq: 10768.4835 
2026/06/05 16:55:00 latency:12ms vbETH/vbUSDC Pos: 35 [1.0-1.1]: 4 [1.1-1.5]: 15 USD < 10pct from liq: 6375.7289 
2026/06/05 16:56:40 latency:23ms vbETH/vbUSDC Pos: 35 [1.0-1.1]: 4 [1.1-1.5]: 15 USD < 10pct from liq: 6375.7289 
2026/06/05 16:58:20 latency:16ms vbETH/vbUSDC Pos: 35 [1.0-1.1]: 4 [1.1-1.5]: 15 USD < 10pct from liq: 6375.7289 
2026/06/05 17:00:00 latency:15ms vbETH/vbUSDC Pos: 35 [1.0-1.1]: 4 [1.1-1.5]: 15 USD < 10pct from liq: 6375.7289 
2026/06/05 17:00:47 latency:11ms thBILL/USDC Pos: 69 [1.0-1.1]: 39 [1.1-1.5]: 22 USD < 10pct from liq: 10768.4835 
2026/06/05 17:00:59 latency:10ms LBTC/cbBTC Pos: 8 [1.0-1.1]: 3 [1.1-1.5]: 3 USD < 10pct from liq: 1388.3047 
2026/06/05 17:01:40 latency:14ms vbETH/vbUSDC Pos: 35 [1.0-1.1]: 4 [1.1-1.5]: 15 USD < 10pct from liq: 6375.7289 
2026/06/05 17:03:20 latency:11ms vbETH/vbUSDC Pos: 35 [1.0-1.1]: 4 [1.1-1.5]: 15 USD < 10pct from liq: 6375.7289 
2026/06/05 17:05:00 latency:13ms vbETH/vbUSDC Pos: 35 [1.0-1.1]: 4 [1.1-1.5]: 15 USD < 10pct from liq: 6375.7289 
2026/06/05 17:06:40 latency:12ms vbETH/vbUSDC Pos: 35 [1.0-1.1]: 4 [1.1-1.5]: 15 USD < 10pct from liq: 6375.7289 
2026/06/05 17:07:27 latency:14ms thBILL/USDC Pos: 69 [1.0-1.1]: 39 [1.1-1.5]: 22 USD < 10pct from liq: 10768.4835 
2026/06/05 17:08:20 latency:16ms vbETH/vbUSDC Pos: 35 [1.0-1.1]: 4 [1.1-1.5]: 15 USD < 10pct from liq: 6375.7289 
2026/06/05 17:10:00 latency:17ms vbETH/vbUSDC Pos: 35 [1.0-1.1]: 4 [1.1-1.5]: 15 USD < 10pct from liq: 6375.7289 
2026/06/05 17:11:40 latency:15ms vbETH/vbUSDC Pos: 35 [1.0-1.1]: 4 [1.1-1.5]: 15 USD < 10pct from liq: 6375.7289 
2026/06/05 17:13:20 latency:15ms vbETH/vbUSDC Pos: 35 [1.0-1.1]: 5 [1.1-1.5]: 14 USD < 10pct from liq: 6875.2018 
2026/06/05 17:14:07 latency:12ms thBILL/USDC Pos: 69 [1.0-1.1]: 39 [1.1-1.5]: 22 USD < 10pct from liq: 10768.1476 
2026/06/05 17:15:00 latency:16ms vbETH/vbUSDC Pos: 35 [1.0-1.1]: 5 [1.1-1.5]: 14 USD < 10pct from liq: 6875.2018 
2026/06/05 17:16:40 latency:51ms vbETH/vbUSDC Pos: 35 [1.0-1.1]: 5 [1.1-1.5]: 14 USD < 10pct from liq: 6875.2018 
2026/06/05 17:17:39 latency:11ms LBTC/cbBTC Pos: 8 [1.0-1.1]: 3 [1.1-1.5]: 3 USD < 10pct from liq: 1396.2483 
2026/06/05 17:18:20 latency:18ms vbETH/vbUSDC Pos: 35 [1.0-1.1]: 5 [1.1-1.5]: 14 USD < 10pct from liq: 6875.2018 
2026/06/05 17:20:00 latency:16ms vbETH/vbUSDC Pos: 35 [1.0-1.1]: 5 [1.1-1.5]: 14 USD < 10pct from liq: 6875.2018 
2026/06/05 17:20:47 latency:11ms thBILL/USDC Pos: 69 [1.0-1.1]: 39 [1.1-1.5]: 22 USD < 10pct from liq: 10768.1476 
2026/06/05 17:21:40 latency:14ms vbETH/vbUSDC Pos: 35 [1.0-1.1]: 5 [1.1-1.5]: 14 USD < 10pct from liq: 6875.2018 
2026/06/05 17:23:20 latency:12ms vbETH/vbUSDC Pos: 35 [1.0-1.1]: 5 [1.1-1.5]: 14 USD < 10pct from liq: 6875.2018 
2026/06/05 17:25:00 latency:14ms vbETH/vbUSDC Pos: 35 [1.0-1.1]: 5 [1.1-1.5]: 14 USD < 10pct from liq: 6875.2018 
2026/06/05 17:26:40 latency:14ms vbETH/vbUSDC Pos: 35 [1.0-1.1]: 5 [1.1-1.5]: 14 USD < 10pct from liq: 6875.2018 
2026/06/05 17:27:27 latency:13ms thBILL/USDC Pos: 69 [1.0-1.1]: 39 [1.1-1.5]: 22 USD < 10pct from liq: 10768.1476 
2026/06/05 17:28:20 latency:16ms vbETH/vbUSDC Pos: 35 [1.0-1.1]: 5 [1.1-1.5]: 14 USD < 10pct from liq: 6875.2018 
2026/06/05 17:30:00 latency:16ms vbETH/vbUSDC Pos: 35 [1.0-1.1]: 5 [1.1-1.5]: 14 USD < 10pct from liq: 6875.2018 
2026/06/05 17:31:40 latency:15ms vbETH/vbUSDC Pos: 35 [1.0-1.1]: 5 [1.1-1.5]: 14 USD < 10pct from liq: 6875.2018 
2026/06/05 17:33:20 latency:13ms vbETH/vbUSDC Pos: 35 [1.0-1.1]: 5 [1.1-1.5]: 14 USD < 10pct from liq: 6875.2018 
2026/06/05 17:34:07 latency:14ms thBILL/USDC Pos: 69 [1.0-1.1]: 39 [1.1-1.5]: 22 USD < 10pct from liq: 10768.1476 
2026/06/05 17:34:19 latency:12ms LBTC/cbBTC Pos: 8 [1.0-1.1]: 3 [1.1-1.5]: 3 USD < 10pct from liq: 1396.2483 
2026/06/05 17:35:00 latency:17ms vbETH/vbUSDC Pos: 35 [1.0-1.1]: 5 [1.1-1.5]: 14 USD < 10pct from liq: 6875.2018 
2026/06/05 17:36:40 latency:12ms vbETH/vbUSDC Pos: 35 [1.0-1.1]: 5 [1.1-1.5]: 14 USD < 10pct from liq: 6875.2018 
2026/06/05 17:38:20 latency:12ms vbETH/vbUSDC Pos: 35 [1.0-1.1]: 5 [1.1-1.5]: 14 USD < 10pct from liq: 6875.2018 
2026/06/05 17:40:00 latency:14ms vbETH/vbUSDC Pos: 35 [1.0-1.1]: 5 [1.1-1.5]: 14 USD < 10pct from liq: 6875.2018 
2026/06/05 17:40:47 latency:14ms thBILL/USDC Pos: 69 [1.0-1.1]: 39 [1.1-1.5]: 22 USD < 10pct from liq: 10768.1476 
2026/06/05 17:41:40 latency:15ms vbETH/vbUSDC Pos: 35 [1.0-1.1]: 5 [1.1-1.5]: 14 USD < 10pct from liq: 6875.2018 
2026/06/05 17:43:20 latency:11ms vbETH/vbUSDC Pos: 35 [1.0-1.1]: 5 [1.1-1.5]: 14 USD < 10pct from liq: 6875.2018 
2026/06/05 17:45:00 latency:11ms vbETH/vbUSDC Pos: 35 [1.0-1.1]: 5 [1.1-1.5]: 14 USD < 10pct from liq: 6875.2018 
2026/06/05 17:46:40 latency:11ms vbETH/vbUSDC Pos: 35 [1.0-1.1]: 5 [1.1-1.5]: 14 USD < 10pct from liq: 6875.2018 
2026/06/05 17:47:27 latency:14ms thBILL/USDC Pos: 69 [1.0-1.1]: 39 [1.1-1.5]: 22 USD < 10pct from liq: 10768.0183 
2026/06/05 17:48:20 latency:11ms vbETH/vbUSDC Pos: 35 [1.0-1.1]: 5 [1.1-1.5]: 14 USD < 10pct from liq: 6875.2018 
2026/06/05 17:50:00 latency:23ms vbETH/vbUSDC Pos: 35 [1.0-1.1]: 5 [1.1-1.5]: 14 USD < 10pct from liq: 6875.2018 
2026/06/05 17:50:59 latency:12ms LBTC/cbBTC Pos: 8 [1.0-1.1]: 3 [1.1-1.5]: 3 USD < 10pct from liq: 1389.6036 
2026/06/05 17:51:40 latency:16ms vbETH/vbUSDC Pos: 35 [1.0-1.1]: 5 [1.1-1.5]: 14 USD < 10pct from liq: 6875.2018 
2026/06/05 17:51:44 latency:19ms WETH/USDT0 Pos: 30 [1.0-1.1]: 0 [1.1-1.5]: 13 USD < 10pct from liq: 0.0000 
2026/06/05 17:53:20 latency:11ms vbETH/vbUSDC Pos: 35 [1.0-1.1]: 5 [1.1-1.5]: 14 USD < 10pct from liq: 6875.2018 
2026/06/05 17:54:07 latency:11ms thBILL/USDC Pos: 69 [1.0-1.1]: 39 [1.1-1.5]: 22 USD < 10pct from liq: 10768.0183 
2026/06/05 17:55:00 latency:13ms vbETH/vbUSDC Pos: 35 [1.0-1.1]: 5 [1.1-1.5]: 14 USD < 10pct from liq: 6875.2018 
2026/06/05 17:56:40 latency:12ms vbETH/vbUSDC Pos: 35 [1.0-1.1]: 5 [1.1-1.5]: 14 USD < 10pct from liq: 6875.2018 
2026/06/05 17:58:20 latency:13ms vbETH/vbUSDC Pos: 35 [1.0-1.1]: 5 [1.1-1.5]: 14 USD < 10pct from liq: 6875.2018 
2026/06/05 18:00:00 latency:14ms vbETH/vbUSDC Pos: 35 [1.0-1.1]: 5 [1.1-1.5]: 14 USD < 10pct from liq: 6875.2018 
2026/06/05 18:00:47 latency:13ms thBILL/USDC Pos: 69 [1.0-1.1]: 39 [1.1-1.5]: 22 USD < 10pct from liq: 10768.0183 
2026/06/05 18:01:40 latency:25ms vbETH/vbUSDC Pos: 35 [1.0-1.1]: 5 [1.1-1.5]: 14 USD < 10pct from liq: 6875.2018 
2026/06/05 18:03:20 latency:15ms vbETH/vbUSDC Pos: 35 [1.0-1.1]: 5 [1.1-1.5]: 14 USD < 10pct from liq: 6875.2018 
2026/06/05 18:05:00 latency:11ms vbETH/vbUSDC Pos: 35 [1.0-1.1]: 5 [1.1-1.5]: 14 USD < 10pct from liq: 6875.2018 
2026/06/05 18:06:40 latency:12ms vbETH/vbUSDC Pos: 35 [1.0-1.1]: 5 [1.1-1.5]: 14 USD < 10pct from liq: 6875.2018 
2026/06/05 18:07:27 latency:13ms thBILL/USDC Pos: 69 [1.0-1.1]: 39 [1.1-1.5]: 22 USD < 10pct from liq: 10768.0183 
2026/06/05 18:07:39 latency:11ms LBTC/cbBTC Pos: 8 [1.0-1.1]: 3 [1.1-1.5]: 3 USD < 10pct from liq: 1389.6036 
2026/06/05 18:08:20 latency:12ms vbETH/vbUSDC Pos: 35 [1.0-1.1]: 5 [1.1-1.5]: 14 USD < 10pct from liq: 6875.2018 
2026/06/05 18:10:00 latency:13ms vbETH/vbUSDC Pos: 35 [1.0-1.1]: 5 [1.1-1.5]: 14 USD < 10pct from liq: 6875.2018 
2026/06/05 18:11:40 latency:14ms vbETH/vbUSDC Pos: 35 [1.0-1.1]: 5 [1.1-1.5]: 14 USD < 10pct from liq: 6875.2018 
2026/06/05 18:13:20 latency:19ms vbETH/vbUSDC Pos: 35 [1.0-1.1]: 5 [1.1-1.5]: 14 USD < 10pct from liq: 6875.2018 
2026/06/05 18:14:07 latency:14ms thBILL/USDC Pos: 69 [1.0-1.1]: 39 [1.1-1.5]: 22 USD < 10pct from liq: 10768.9158 
2026/06/05 18:15:00 latency:12ms vbETH/vbUSDC Pos: 35 [1.0-1.1]: 5 [1.1-1.5]: 14 USD < 10pct from liq: 6875.2018 
2026/06/05 18:16:40 latency:12ms vbETH/vbUSDC Pos: 35 [1.0-1.1]: 5 [1.1-1.5]: 14 USD < 10pct from liq: 6875.2018 
2026/06/05 18:18:20 latency:13ms vbETH/vbUSDC Pos: 35 [1.0-1.1]: 5 [1.1-1.5]: 14 USD < 10pct from liq: 6875.2018 
2026/06/05 18:20:00 latency:16ms vbETH/vbUSDC Pos: 35 [1.0-1.1]: 5 [1.1-1.5]: 14 USD < 10pct from liq: 6875.2018 
2026/06/05 18:20:47 latency:12ms thBILL/USDC Pos: 69 [1.0-1.1]: 39 [1.1-1.5]: 22 USD < 10pct from liq: 10768.9158 
2026/06/05 18:21:40 latency:12ms vbETH/vbUSDC Pos: 35 [1.0-1.1]: 5 [1.1-1.5]: 14 USD < 10pct from liq: 6875.2018 
2026/06/05 18:23:20 latency:10ms vbETH/vbUSDC Pos: 35 [1.0-1.1]: 5 [1.1-1.5]: 14 USD < 10pct from liq: 6875.2018 
2026/06/05 18:24:19 latency:12ms LBTC/cbBTC Pos: 8 [1.0-1.1]: 3 [1.1-1.5]: 3 USD < 10pct from liq: 1384.5531 
2026/06/05 18:25:00 latency:13ms vbETH/vbUSDC Pos: 35 [1.0-1.1]: 5 [1.1-1.5]: 14 USD < 10pct from liq: 6875.2018 
2026/06/05 18:26:40 latency:15ms vbETH/vbUSDC Pos: 35 [1.0-1.1]: 5 [1.1-1.5]: 14 USD < 10pct from liq: 6875.2018 
2026/06/05 18:27:27 latency:21ms thBILL/USDC Pos: 69 [1.0-1.1]: 39 [1.1-1.5]: 22 USD < 10pct from liq: 10768.9158 
2026/06/05 18:28:20 latency:16ms vbETH/vbUSDC Pos: 35 [1.0-1.1]: 5 [1.1-1.5]: 14 USD < 10pct from liq: 6875.2018 
2026/06/05 18:30:00 latency:24ms vbETH/vbUSDC Pos: 35 [1.0-1.1]: 5 [1.1-1.5]: 14 USD < 10pct from liq: 6875.2018 
2026/06/05 18:31:34 latency:270ms WBTC/USDC Pos: 110 [1.0-1.1]: 7 [1.1-1.5]: 42 USD < 10pct from liq: 8736.8743 
2026/06/05 18:31:40 latency:13ms vbETH/vbUSDC Pos: 35 [1.0-1.1]: 6 [1.1-1.5]: 14 USD < 10pct from liq: 10001.3546 
2026/06/05 18:33:20 latency:14ms vbETH/vbUSDC Pos: 35 [1.0-1.1]: 6 [1.1-1.5]: 14 USD < 10pct from liq: 10001.3546 
2026/06/05 18:34:07 latency:265ms thBILL/USDC Pos: 69 [1.0-1.1]: 39 [1.1-1.5]: 22 USD < 10pct from liq: 10768.9158 
2026/06/05 18:35:00 latency:12ms vbETH/vbUSDC Pos: 35 [1.0-1.1]: 6 [1.1-1.5]: 14 USD < 10pct from liq: 10001.3546 
2026/06/05 18:36:40 latency:15ms vbETH/vbUSDC Pos: 35 [1.0-1.1]: 6 [1.1-1.5]: 14 USD < 10pct from liq: 10001.3546 
2026/06/05 18:38:20 latency:18ms vbETH/vbUSDC Pos: 35 [1.0-1.1]: 6 [1.1-1.5]: 14 USD < 10pct from liq: 10001.3546 
2026/06/05 18:40:00 latency:16ms vbETH/vbUSDC Pos: 35 [1.0-1.1]: 6 [1.1-1.5]: 14 USD < 10pct from liq: 10001.3546 
2026/06/05 18:40:33 latency:10ms vbWBTC/vbUSDC Pos: 28 [1.0-1.1]: 1 [1.1-1.5]: 13 USD < 10pct from liq: 100.8735 
2026/06/05 18:40:47 latency:22ms thBILL/USDC Pos: 69 [1.0-1.1]: 39 [1.1-1.5]: 22 USD < 10pct from liq: 10768.9158 
2026/06/05 18:40:59 latency:12ms LBTC/cbBTC Pos: 8 [1.0-1.1]: 3 [1.1-1.5]: 3 USD < 10pct from liq: 1384.5531 
2026/06/05 18:41:40 latency:10ms vbETH/vbUSDC Pos: 35 [1.0-1.1]: 5 [1.1-1.5]: 14 USD < 10pct from liq: 6875.2018 
2026/06/05 18:43:20 latency:11ms vbETH/vbUSDC Pos: 35 [1.0-1.1]: 5 [1.1-1.5]: 14 USD < 10pct from liq: 6875.2018 
2026/06/05 18:44:19 latency:11ms cbETH/USDC Pos: 70 [1.0-1.1]: 8 [1.1-1.5]: 32 USD < 10pct from liq: 7378.8280 
2026/06/05 18:45:00 latency:16ms vbETH/vbUSDC Pos: 35 [1.0-1.1]: 6 [1.1-1.5]: 13 USD < 10pct from liq: 10001.3546 
2026/06/05 18:46:40 latency:14ms vbETH/vbUSDC Pos: 35 [1.0-1.1]: 6 [1.1-1.5]: 13 USD < 10pct from liq: 10001.3546 
2026/06/05 18:47:27 latency:13ms thBILL/USDC Pos: 69 [1.0-1.1]: 39 [1.1-1.5]: 22 USD < 10pct from liq: 10765.3883 
2026/06/05 18:48:20 latency:17ms vbETH/vbUSDC Pos: 35 [1.0-1.1]: 6 [1.1-1.5]: 13 USD < 10pct from liq: 10001.3546 
2026/06/05 18:50:00 latency:10ms vbETH/vbUSDC Pos: 35 [1.0-1.1]: 6 [1.1-1.5]: 13 USD < 10pct from liq: 10001.3546 
2026/06/05 18:51:40 latency:13ms vbETH/vbUSDC Pos: 35 [1.0-1.1]: 6 [1.1-1.5]: 13 USD < 10pct from liq: 10001.3546 
2026/06/05 18:52:05 latency:23ms WETH/USDC Pos: 3413 [1.0-1.1]: 307 [1.1-1.5]: 1972 USD < 10pct from liq: 696886.2477 
2026/06/05 18:53:20 latency:30ms vbETH/vbUSDC Pos: 35 [1.0-1.1]: 6 [1.1-1.5]: 14 USD < 10pct from liq: 10001.3546 
2026/06/05 18:54:07 latency:10ms thBILL/USDC Pos: 69 [1.0-1.1]: 39 [1.1-1.5]: 22 USD < 10pct from liq: 10765.3883 
2026/06/05 18:54:31 latency:15ms vbWBTC/vbUSDC Pos: 28 [1.0-1.1]: 1 [1.1-1.5]: 14 USD < 10pct from liq: 100.8735 
2026/06/05 18:54:38 latency:24ms WETH/USDC Pos: 3413 [1.0-1.1]: 323 [1.1-1.5]: 1965 USD < 10pct from liq: 730039.3864 
2026/06/05 18:55:00 latency:15ms vbETH/vbUSDC Pos: 35 [1.0-1.1]: 6 [1.1-1.5]: 14 USD < 10pct from liq: 10001.3546 
2026/06/05 18:56:18 latency:23ms WETH/USDC Pos: 3413 [1.0-1.1]: 327 [1.1-1.5]: 1965 USD < 10pct from liq: 746789.3602 
